"resp_id","age_years","ai_bad_index"
"R_1v2NC5A27cocXDQ",42,1
"R_6DYP7LtYdTqIU7P",39,2.77777777777778
"R_66KweH4KIzMlk5z",48,5
"R_3VgaGn02aMXhMO2",26,3.66666666666667
"R_5JwNEKHWfEvPSJI",31,1
"R_5ckoRyKg4gbWGcL",59,3
"R_3PiDjoB1vDmTuEk",30,1.88888888888889
"R_5mKlVrCwBLkpTBD",67,1
"R_3j0V31nu6AvJgVh",39,1.55555555555556
"R_6aGJ5scWLFbjzi1",65,3
"R_7ETo4Fl3rp7rA78",47,2.88888888888889
"R_5QGE0jWIssedk3O",49,1.22222222222222
"R_3K3ZshIQYel83N2",55,3
"R_6dE2iFeqLDzsoZw",26,1.88888888888889
"R_6RsaBhw5VJleHZJ",26,2.55555555555556
"R_3rcTyTCz0JuEBvb",47,1.77777777777778
"R_3s5W2OxbwQyBL83",33,3.375
"R_5mxEGftw99AAjfD",49,2.55555555555556
"R_3EbcolQY93vTsKc",48,3
"R_6S7c13FdaJXp59t",74,3.55555555555556
"R_7UXvacIjoBa0OQ1",20,1.88888888888889
"R_73rpxWzhDdcQHCE",79,4.33333333333333
"R_7gZUjVviiiMiPPj",49,4.55555555555556
"R_3o4RGjgv5qTUghG",79,4.33333333333333
"R_3DTXL2sSKNPIeeC",75,5
"R_5K3y3WPo0AUqKlt",31,3
"R_3t0gj8fpeyxxgf6",76,4
"R_3QENjlKNRHMXSND",38,4.77777777777778
"R_5FDMl8aBHRUtmJx",41,3
"R_6LCIvSdF4OGZ89D",63,4.33333333333333
"R_7EbFrGm6UnPtwxZ",21,4.66666666666667
"R_3P3dqOxh75ah5At",77,5
"R_6mTYGRuCe7MUz97",62,4.11111111111111
"R_579ayNTWd97MHX4",28,3.55555555555556
"R_5MNnSZcRxE0c3lv",57,3.55555555555556
"R_7z8E2cHnTSfJpop",66,4.55555555555556
"R_54MLpJd1YPfFb5X",67,4.33333333333333
"R_7LZT0lJyXh81Sgp",43,4
"R_7QoLvqI9Je0SdSV",71,5
"R_60hndmyrsmdbY65",26,5
"R_6kEn8Hv67lpUIJr",54,2.33333333333333
"R_1ggJEjD1nsMCf3r",60,4
"R_3rwuyDcL69agQuE",27,1.77777777777778
"R_6oHndqWCYB5VITw",48,3.22222222222222
"R_7rrrBHCAVpotnke",30,4
"R_6qpA15hhsgohhAH",78,3.88888888888889
"R_3djvXRV9hCtiuAN",67,3.44444444444444
"R_19mD0utEsBydKXh",77,2.77777777777778
"R_1azks9uF5Ynxt29",52,3.22222222222222
"R_3e9xjIFRxz9ju2G",86,3.11111111111111
"R_3gMhWl7SAUOnlAa",49,3.55555555555556
"R_3YVZHvdBJcXOH8n",62,3
"R_6GYlWwdOMu9Lq7L",68,2.8
"R_5ByN3GK9WTpcY5H",73,3.11111111111111
"R_7RrgetcWqnTLVlf",73,4.11111111111111
"R_7qlzArw35Un1Yii",78,5
"R_5NJJ45OTBg8LxEe",55,1
"R_53K0vMaySYhsyJ3",48,3
"R_5OSC07jg8OKElJ7",22,3.11111111111111
"R_6Q13HowfVsFoBNv",66,5
"R_6SrwudDHlcxPO2D",45,2.875
"R_6kszHGqmo6FHagx",63,5
"R_5Rq2QLg7BwySeKj",73,3.77777777777778
"R_51xSJQTscEqwC9X",73,3.88888888888889
"R_7ZJuoY5M1XJ1XDS",49,2.33333333333333
"R_1ypjvSXjMCINvrJ",85,3.11111111111111
"R_3k0oUVspDKRO1cN",45,2.66666666666667
"R_3pYvRFdq5KkGkvY",79,4
"R_30QXWKop36tE81P",71,4.88888888888889
"R_5rVCcxV3NGxewNF",67,3.88888888888889
"R_7CSGqGWyihOArEB",63,5
"R_7MfEGgMionEWAT6",39,5
"R_1ozulXx0cVh9OAJ",81,3.22222222222222
"R_7w6QdcrRZRmXriL",57,5
"R_6TphwwrSfLQd2TG",70,4
"R_3wHo1YNtL1iWP0g",46,5
"R_6jdB88WmwSUGhbV",76,2.77777777777778
"R_6m4SkQyQeTXTJhk",26,2.22222222222222
"R_5gUconQDe4uWFmp",77,3.66666666666667
"R_7PKYa6SqeuZjCMc",76,5
"R_6TBJWuYMpJmZ1IB",24,5
"R_3qEn2zI03BHitsB",54,2.88888888888889
"R_3v1Dag4Wj7j3fum",76,2.88888888888889
"R_6G7W0Pyy8aghgWI",81,5
"R_1fpaebgrR5dpMgx",28,1
"R_5dWKgr4hXu4T217",25,2.88888888888889
"R_1EAT27JgRTJCQbJ",53,3.71428571428571
"R_5CwL7dRAOOClg0J",48,5
"R_32LysFLK4I1m2rc",51,3.88888888888889
"R_1XzZXfYmhlTdQlj",41,3
"R_511oTQe7zS5Kmrj",78,2.88888888888889
"R_5Y4b7o9REXvWzmR",84,4.11111111111111
"R_7VF450TjG1QXEGn",56,4.66666666666667
"R_6qqCED3eXNUhvGB",76,2
"R_3F9P5fVxXi6bXhy",82,5
"R_3AsgxKwIRTrQYdr",33,1.33333333333333
"R_3eOVueIMNB3Vx8Y",49,4.77777777777778
"R_32DuVvdWNMhP6ex",71,4.77777777777778
"R_75iWMTSJyNpK5LH",79,5
"R_6tnefOtKXPjwRSD",77,5
"R_7bpMrmJDXKAUbyV",67,2.77777777777778
"R_7Ob0DxWVldCPfqN",72,2.22222222222222
"R_5upPIojgcwz6SOT",50,4.375
"R_3MMd6Me8uXXfCBJ",19,3.77777777777778
"R_5KeieZ5FFiSlHkt",22,5
"R_3OPfBVLiIk0g3LP",30,3.22222222222222
"R_5lLlLyc9vXedVTj",50,1
"R_7jILjbwBYsFG5u9",45,3
"R_6L1Rvkhh4iK13ah",52,3.77777777777778
"R_1rHp0S6zKcUvLfo",46,2
"R_3wiCFPnWy4uxNw1",32,5
"R_5sbMEGY33pOtQ1g",24,3
"R_1Orh07kQ08nM5Ho",82,3.11111111111111
"R_1HvbfU09Q7Ls8bD",29,4
"R_7WCfnz34Q1S5pSE",64,5
"R_1QiBJzJbCCY7Q4h",76,4.55555555555556
"R_3a3Hmi7Gctif8D7",31,3.11111111111111
"R_57K8vGN1VdKS0hP",78,4
"R_1LXRUkzxQczLM52",61,3.88888888888889
"R_6kN6FKBtvFOYJIc",56,3
"R_19nsukBJfMTDGeI",52,1.33333333333333
"R_11Z7C003E8NAeFX",57,3
"R_5jTb2krEmiqasaR",42,2.44444444444444
"R_1rOhaP0H4eVHDiX",69,2.77777777777778
"R_7TN74h7Sx8Mt645",59,4.77777777777778
"R_6uVgXJu1RkOH4fL",65,5
"R_5C9BAzVvP2LS0yz",73,3
"R_1rlKMQ2Pk3aPEZj",67,3.625
"R_608U7O0GaFF0UAp",85,5
"R_31zxheZdh2kzAXS",57,3.66666666666667
"R_3QESJUeXvdeg9Hj",82,3.33333333333333
"R_59h6rWlfJOn1qZd",80,2.55555555555556
"R_6HSKfAcawthAfbD",61,4.66666666666667
"R_7v1cbaoxaTnEAbK",59,2.33333333333333
"R_6qs6XdvVWSPtt3r",65,2.11111111111111
"R_3R9Pe6BHH8qR3ls",72,4.88888888888889
"R_3juOLXDws6hZlN7",52,5
"R_7Li2xzvnTiq69ON",60,4
"R_5mn25YUxVP6KWnv",60,4.33333333333333
"R_6j2nM20AGl1RQMF",76,3
"R_5oRsxUeRLIvis6n",22,2.11111111111111
"R_1oGgfuBnKacnplH",64,5
"R_195Ph4S3i2pogQL",31,2.44444444444444
"R_3C51IjS1JCxlTyx",80,2.88888888888889
"R_1VejSV7cdBgljuE",73,3.55555555555556
"R_1DSSDGx3V7bFK2Y",58,4.66666666666667
"R_6770AEOuIITy6up",40,1.77777777777778
"R_7OxTeQuZ8k76j8B",52,4.22222222222222
"R_78vERExQPXEc7kJ",45,1
"R_7zG7ufxMGUcOYYk",49,2.66666666666667
"R_1KfMpnQN4m8Vgta",30,2.875
"R_6ZKNIqKxCxpTctJ",68,4.44444444444444
"R_3lpSVUdJpRgoPPr",30,3
"R_6lylFkKDBWpSSDe",34,2.88888888888889
"R_78aP36v5usJIn5v",67,4
"R_1GNWWLjW78GZaDO",24,4.88888888888889
"R_1WO0boyFi0zUs0X",83,3.11111111111111
"R_1n9Oe518eAidEvV",71,3.88888888888889
"R_3gffTi7XlCa8EUh",26,1
"R_1vfsgz3kCFkU6f7",26,2.22222222222222
"R_71RH3mZM8kgrkOw",18,1.875
"R_7PGYYc0VjGV2mlR",26,2.22222222222222
"R_3wUmAfc4okJJGFz",50,3.77777777777778
"R_5n1t7as0OdJ62ut",62,3.22222222222222
"R_7ootNWhxAl1sazT",43,4.44444444444444
"R_3bC0Vf8UhiB9MZj",73,3.77777777777778
"R_1Pb20S6FIa8o2Xb",63,2.88888888888889
"R_7IK0xxK4vSWWhhz",59,2.8
"R_1p5YreoSx87geCA",49,3.88888888888889
"R_3j8qUln3ecDnIJj",22,4.77777777777778
"R_5BwIxTNV7xhQ9jf",48,1
"R_7S7A0Ofq6yMBik4",67,3.44444444444444
"R_1qKmg8rX7truQWN",56,2.55555555555556
"R_3NFfVkSqYgjTIJC",35,2.77777777777778
"R_7pXGfEzpq0kt1hB",78,5
"R_7Hk2xiuqrqVM5MF",51,2.88888888888889
"R_3cV2BUtpfjrh8Nd",37,3.77777777777778
"R_3aPifjdhDNyKbYt",55,3.4
"R_6j2j5FPMSYB2RlX",62,3.11111111111111
"R_64dLHQ0iYcopTHz",40,3
"R_1yP6wMHA1ukC7wR",77,3.44444444444444
"R_1Gwx9iwBg64ytvA",32,1.55555555555556
"R_6CWmRVaw9liSMJP",26,2.88888888888889
"R_7JE6ohsff6JkvvX",63,3.125
"R_6xRyixGGqHw6wVn",50,4
"R_3DZeqLv9CFTFyeL",49,3.22222222222222
"R_6cwPJ6jrAm3kV5T",71,2.66666666666667
"R_3QMrXnvQokzS2oh",27,3
"R_1MRPpXhuJwMyg7G",28,3.88888888888889
"R_3UcL8K2CzGyacpj",41,3.22222222222222
"R_7qvNfx7h9xxCWdO",29,3.57142857142857
"R_79dmbMC9eurxOva",34,1.55555555555556
"R_1y2kLCCR4dhUM6Z",49,5
"R_6i8WyXjeIUE7W3w",22,5
"R_5zqZBfSa3w12ajB",81,4.33333333333333
"R_10qlY76lswhWMtG",61,4
"R_1pomnGzwUSMRtV7",61,3
"R_5CvyiFGKqIH1f3P",29,3.22222222222222
"R_1mPxMdjUvTS3w89",85,2.33333333333333
"R_7dRqmbf1JqVQdJt",70,4.66666666666667
"R_3H0l8ShcY6x3h4J",32,2
"R_7LT1KJfs7D7Mfzr",54,5
"R_3q8MO5nVOhjBPkl",81,3
"R_68y7IjXFoVa5daF",61,4.11111111111111
"R_1rGsP6PylLx3F3i",70,4.88888888888889
"R_5vdHV3EhNHWRBMl",68,5
"R_1nSJCtldyvBiSxa",72,3.66666666666667
"R_6mE3M2WJeaWYQOR",19,1.66666666666667
"R_108dLTOClFU13Bm",66,4
"R_74HrdscZM3HLUyJ",26,2.55555555555556
"R_7RjZ1hUTzgovWZH",59,4
"R_6Q43UlYeTHG0XTL",76,3
"R_1CKKFWnPYEGw4Eq",84,5
"R_5jfyD8JoDRKg9zm",53,2.77777777777778
"R_1fHv5DNpRoSuUje",80,4.8
"R_5d6sI5B7jRjK2tP",67,5
"R_70HNKbaQRpweQCt",72,3.55555555555556
"R_7YXHS9RKrHX1be9",72,5
"R_3SLfyNmNOeJSmRj",29,3.44444444444444
"R_7pAn3QrLOqYSEvV",28,3.88888888888889
"R_7U4NCjWp23sYKJd",49,4
"R_71Gklo6HvbP6DcZ",43,4
"R_3n2W8d3FZoNcEfL",77,5
"R_1q98CmX1FKdHEZZ",72,3.66666666666667
"R_58iQys5kzVPh3lT",26,2.55555555555556
"R_1lxXql1ztbwz7Ta",72,3.22222222222222
"R_10peSPwF4e4xgPd",47,3
"R_6Rp5W1RN0E6C9bz",42,1
"R_7tEXvp3XJQAYoxc",47,3
"R_1qWqoXDjLEXjEnn",51,2.88888888888889
"R_1RfFR7t8i7wcFJM",81,3
"R_7l3PJZ3rM2rP1Tq",26,1.88888888888889
"R_7HqyHtJhrPcWPUN",36,3.66666666666667
"R_539FOeAfPrtDiQu",26,1.55555555555556
"R_1lnE7JwSdwART3P",25,3.625
"R_62JmSI0yWTTbyfE",59,5
"R_6V8ywY42jMXwpCz",27,1.33333333333333
"R_1ZlDfDewxiClQ4x",25,1.77777777777778
"R_5n6QzyHCrsjZYuS",43,1
"R_5EYY3BZCE1OBVX4",24,3.88888888888889
"R_7r7TizvIgwZNxB6",45,3
"R_15Wm0pciGTqYuV1",71,4.83333333333333
"R_61FkQKLVplSFw9c",32,1.44444444444444
"R_1gQBeTffzwTpczf",52,1.11111111111111
"R_55zS9hdhDKzS6si",22,4.77777777777778
"R_1uHG7rmv0SvtBXq",24,1.11111111111111
"R_7Q5wVa4lOeMVazy",74,3.33333333333333
"R_58nol97P7uPPhCh",23,2.33333333333333
"R_5f8G9LMoo6u1VNE",52,3.88888888888889
"R_7DcnStXNKUMMqHI",57,4.22222222222222
"R_6CfxRI6h7rsiWa1",54,3.22222222222222
"R_6zrGA6VnJIvZpcd",56,2.28571428571429
"R_5HepymmxVTH6uL2",68,2.44444444444444
"R_6NE0nnijodKmAKl",48,3.33333333333333
"R_5szTLtKs3Fp0wao",57,1.88888888888889
"R_1IoXLjNp3ehnf0M",23,2.44444444444444
"R_7LnxNt1kSr6dYWU",52,2.11111111111111
"R_7dW6zctKvOBJzCJ",43,2.77777777777778
"R_6pEhpOydTRZxCdL",25,2.66666666666667
"R_7rODecnvz337Qch",34,4.77777777777778
"R_6R4IzeGO5qjnG9v",71,2.33333333333333
"R_3PZsv0uiScsdh4s",26,4.88888888888889
"R_3wEVZcIul2fJ11n",72,5
"R_10bDV2IFMO7wTrl",65,3
"R_7B9Xehjv7CNIH45",70,2.125
"R_3l9P0VRJBgyBDKF",60,3.55555555555556
"R_7CKJ6uSw5VuLAY1",73,3.77777777777778
"R_1MEcI7Isk3W6xJD",68,5
"R_5OpmUe5OxS14JV8",68,3.55555555555556
"R_3kbkkSIusVdWkXJ",62,3
"R_5KvCD7fMZ506sNj",44,4.11111111111111
"R_71nVmcYOIpsbr3g",68,5
"R_5xY1JaTLDjhFwxe",67,4.33333333333333
"R_7bKtFc57kOA0BsK",37,4
"R_1UXSyGLCl0EHf4R",74,3.77777777777778
"R_3mszy9ctB3Lz3i7",69,4.55555555555556
"R_7VfDOoZwD1DXYAP",61,2.625
"R_749255jfkrXyK5i",64,2.66666666666667
"R_6C2Z5TAyym31zqO",75,3.33333333333333
"R_6gvlv5IK48nEjai",35,5
"R_1NyssdF4cGqZrJ7",66,4.44444444444444
"R_5eaFWbBmy6KfBdN",22,3.77777777777778
"R_6q8LP2Ofqha03gX",49,4.88888888888889
"R_57BjXn7UUyXzXi1",40,4.55555555555556
"R_7X7OrQVyIn71veV",49,2
"R_3fwsoB1x85e1sTk",62,5
"R_7dgzO5GwvAQbA3R",70,4
"R_7rP8WQ73ZTINCnQ",30,2.22222222222222
"R_55NpXoSo06CtdTU",56,4.25
"R_1TuS48ZkuKmabCB",33,3
"R_3prwgxmyQWj1l6x",77,4.11111111111111
"R_7JDG0WFoW83GRpH",40,5
"R_1d3OMSE4BSbD2Vr",79,1.5
"R_3gHDDZolU3zIP98",58,4.77777777777778
"R_6uPcGlmb5RenZj3",67,5
"R_6Csu5ecy8URpEi2",56,3.55555555555556
"R_5LA1fPeOLaRzQWb",76,4.55555555555556
"R_7oEJo7Ud8lyNxwl",72,4.66666666666667
"R_7r2NgrU8FctXpmT",53,1
"R_6uRBXHkVzwsKIut",65,2.75
"R_5optSERPM2YE4Km",42,4.66666666666667
"R_3gMWZYlqL5Qzzu3",47,2.88888888888889
"R_7E0KRB7Z1itvG0H",72,5
"R_6opVy51eKZYKWUw",57,4.11111111111111
"R_3OioO2Y9T9zyvg5",72,3
"R_1QFv0EosVWKZp75",57,4
"R_3PL9KCrTTHkyTzX",57,4.77777777777778
"R_5DqzHFa4hIzjMiJ",28,1.88888888888889
"R_1JTFexHnOusq0ed",27,5
"R_5PSG8pz3R0TfmkX",48,4
"R_6G9AhXnq1xrXFyO",33,2.5
"R_63VSTpMGErpaUTp",21,3
"R_7PYe4SFRBG6xIJP",80,2.11111111111111
"R_5BlZK0NZdkDqA3q",69,2.66666666666667
"R_1JrAmx0Z7q4zItR",66,3.33333333333333
"R_7kNwzZtSm9rGxBz",35,1.66666666666667
"R_1iCH7xOVxbJEMbA",29,1.22222222222222
"R_1rKwx4Br4cEIYeJ",33,3.77777777777778
"R_1Vl7qMZE5ccHBvD",35,5
"R_5OVHHTEeMZUmf5m",48,1.11111111111111
"R_1qWen7LythPi62O",68,4
"R_1xfOz2Epz18dtoB",59,2.55555555555556
"R_3qNYqhl1F7bB4Wt",26,2.33333333333333
"R_76j4cfYiPWRh4hH",69,3
"R_69b7vRkNcExwpNM",50,4
"R_6MiLXW7zbj6Ek1y",74,1.44444444444444
"R_51g8Drrp1kDGG2t",35,3.33333333333333
"R_72MiIiYpdepkct5",23,5
"R_7ReGLIKiStOBV3H",79,3
"R_79uX1YVHASSbDH3",81,2
"R_6e3Pfjxh5JTZX7M",68,5
"R_6kw9OIsV1PT7BjI",77,3.66666666666667
"R_1awWr5hgZ0dOkQu",63,2.5
"R_54uUGsisFyuGF6F",55,2.22222222222222
"R_65HxSfq7kZJUOsx",70,5
"R_1OlF0yTA2lywdYS",80,3.55555555555556
"R_5dmZqwTVpnRexPX",64,4.44444444444444
"R_1Be17CeqYDfhCLv",78,3.66666666666667
"R_7rOE3I6re07iPkt",75,4
"R_60O5xorwdpDedFz",34,3.77777777777778
"R_6DAVzVAHfDLlIat",72,3.77777777777778
"R_5ljqghx58xshFqp",34,2.22222222222222
"R_3mhdOUm1PoeWklY",68,2.77777777777778
"R_6QMPme6zYkAUQq5",56,3.375
"R_5FquiM1ufgwaKWN",52,3.44444444444444
"R_7MoGUJURF85BCcV",70,4.66666666666667
"R_6nJo61Glahl4V3i",54,3.25
"R_1kFG1vjvhE39xmx",61,3.22222222222222
"R_5LvS0nkBMQiJK4T",21,2
"R_6LbaN7NQet7RoMN",48,4.44444444444444
"R_7gokqB2WuMD55pg",73,2.55555555555556
"R_7NFDAWUViTydRsP",63,3.33333333333333
"R_1Tza32Aovb3EfrS",66,2.11111111111111
"R_5y3NomvK7XF84wx",46,5
"R_7QlW1PP5r1M8Gpb",63,5
"R_5liVu2MOVSFsAWd",69,2.33333333333333
"R_5QcHzPVcabTK94p",76,3.22222222222222
"R_6b0K3SVs0KgAsKk",74,4.22222222222222
"R_5OrKnTrtGCiLSza",57,3.33333333333333
"R_3AfAVhqK6jdnQrf",70,4
"R_3zTNiHtRxXEcSrE",29,3.77777777777778
"R_3G0cujXKaGHacAp",48,3.11111111111111
"R_5P7NoA1xwZZyeAh",26,2.11111111111111
"R_3pVucm6VmBmCKcB",32,1.88888888888889
"R_5roLi5bpnsoRlYa",53,2.55555555555556
"R_6mgfJlUZJMeAbQO",32,3.22222222222222
"R_78yX6s2EtwAGrct",34,1.44444444444444
"R_3IT6doAKP9y09rP",50,4.44444444444444
"R_6TGe8n8WkT4MiP4",66,3.88888888888889
"R_6MQME607fYKCl6R",24,2.44444444444444
"R_7SQtwQVtUoaL0ZP",30,2.88888888888889
"R_6LTN99HW9KDD4l3",55,3
"R_32yko8x8ZXwIjSy",21,5
"R_5dgBgPhKbAlwgDz",74,4.625
"R_31cuqI8deDVpWXy",39,2
"R_7kaxV59fZ2hXquZ",46,1.55555555555556
"R_3gOBdp9mD0gilH4",77,4.55555555555556
"R_7dVib98aozyzYt3",58,2
"R_3NlYf38e3re6Q37",51,3.44444444444444
"R_6U0jQK1umZ99QpK",26,2.22222222222222
"R_6kbkyqUQ9AEJgm1",52,3.22222222222222
"R_7WCmHB15HWGZL0Y",49,3.66666666666667
"R_3xXodzl1ZooXtJM",62,3.66666666666667
"R_6NwTPKIztbotADp",77,2.77777777777778
"R_6BldAiyDgI2dbfr",36,2.66666666666667
"R_3lO80qyAqBVdTbj",45,2
"R_3oj7CNiSzL4U5Wv",28,3.11111111111111
"R_7dFIb3VE9MqCObX",50,1.55555555555556
"R_3XghEpiYVw0Xk9J",54,4.77777777777778
"R_1cZm9hpIbFiRcN5",24,3.55555555555556
"R_3rrDg24EMhHLzPl",19,5
"R_3PcCvrfaOEOYMcV",44,5
"R_5f3M96OMKWjVrul",84,1.44444444444444
"R_6QYuIFlTGfabNuT",31,2.77777777777778
"R_1uvjMtrG14k0iT7",75,2
"R_1nP1DdK4LFuFUCG",59,3.88888888888889
"R_6RRniVSzkPXUqK5",26,1.66666666666667
"R_7UNczD9CFO9JcWZ",73,3.55555555555556
"R_6Ga27EsS1FYuPAa",34,2.44444444444444
"R_5PXe1mDUe2O1iA5",29,1.88888888888889
"R_34tG4e2rhyINeE1",76,3.22222222222222
"R_3SNeqibhoC3BQVX",52,2
"R_64uWuUL2LggHFB8",48,1.44444444444444
"R_7M0rW9Wr4SfzeYu",48,4.11111111111111
"R_3pVvtpnJbqcE6Al",45,1
"R_1fpUuLD5H8T5wU9",56,3.44444444444444
"R_5txnUdH7FYuIT4I",46,2.55555555555556
"R_1P0fdeyuLg6rdRr",75,3.14285714285714
"R_1NAcQXT8vVAkHMl",51,5
"R_1MDV8S4doi81yCJ",42,1.55555555555556
"R_1pb8yW9013uBf6l",30,3.44444444444444
"R_7S0Gut2htZIZnCE",22,4
"R_6oHol49pqQ1IiCJ",68,3.66666666666667
"R_11Y1qoDwohoROQQ",42,3
"R_3nceZ2y7a6GpeCt",33,4.66666666666667
"R_1NDlvO9N88rEBZr",26,3.125
"R_63D8Z8wcglISjIi",33,2.77777777777778
"R_13uZriu1RDkndoR",71,3.77777777777778
"R_3sZLka1Tzy6wXjs",21,4.88888888888889
"R_5mlRX44Bj2a3DFG",38,2.88888888888889
"R_3RvyTXDafDwJa87",23,4.11111111111111
"R_3Uax4x11aTDG96q",48,1.77777777777778
"R_672sutNV2GKtKyB",34,2
"R_6t2nygLdkdFvewN",57,1.66666666666667
"R_5Oj1cdIcKNhKuTM",60,2.33333333333333
"R_5zHhvaKeKeb1ZgF",47,1
"R_3qC8OTCxvBuRhfa",34,3
"R_7VlnkX5emEIQsy9",76,3.33333333333333
"R_7hbOTH3IkykCSwV",39,1.77777777777778
"R_7fp5dcYw6JumVnr",32,2.5
"R_3Rr4y2s7XBS54iF",76,4.22222222222222
"R_6msJAZpjtLr5imU",64,5
"R_7uDMB726GNXXkjG",62,3.88888888888889
"R_1BIfAlIz5Lo5tRv",62,2.88888888888889
"R_34CLwHGZBz6Lywh",43,3.66666666666667
"R_7gAppgOnsHFpEIk",31,2.33333333333333
"R_3n0YX40NVSaLSPs",47,5
"R_3PVmhDkzAJptVC1",39,3
"R_1iyaKY6B238x1eD",53,4
"R_5Vr0GBevp1gChRt",33,3
"R_616rRjwHtr50uqq",23,2
"R_7BpSGi3QYCfsmJj",33,4
"R_32y7oZaZDoUpFJ4",57,2.77777777777778
"R_7nZvEmnNjbDkdQ2",47,2.44444444444444
"R_5Tz50gAp06sS98L",29,2
"R_6OO45teBgi3Kz5U",31,2.33333333333333
"R_12W3s0YD1UjAbUl",46,3
"R_6Z1KHKeXg49L1Dj",45,3.44444444444444
"R_1QW1LfMbuv1pC62",24,2.22222222222222
"R_3VptWgUzBwq080M",22,2.55555555555556
"R_31SLVVjbS0iJlUb",45,4.77777777777778
"R_3hWlyN18WxOr3hw",21,2.33333333333333
"R_1Mar4PI10FCmSiW",34,3.11111111111111
"R_5KIJKFW4qPRixFj",66,3.44444444444444
"R_3EtZ19mjQyY2R98",42,2.55555555555556
"R_3aAYA9zpRJUfdSN",48,1.66666666666667
"R_5CVgkCkFevPwEuo",45,2
"R_50lfJ0OBj3l5y6v",31,2.66666666666667
"R_7ZJQbMQUCs2QOI2",70,4.25
"R_6eyJ53lH9nmNu4k",80,5
"R_3PhZspcH3KINx3J",34,2.11111111111111
"R_7ZTTSTNwRmqC6cX",63,4.11111111111111
"R_5VkXrZvpanvLCyR",27,1.77777777777778
"R_75YCq4a0fRUizvK",33,3
"R_7IhIcdHKd6RfRnQ",43,2.44444444444444
"R_6h6bXIaJYAMI07Y",47,3.55555555555556
"R_3k0L4xIXLCRoX5X",63,5
"R_5SmcycqGWPd9zqx",56,1.66666666666667
"R_1UU5PHlqMV3Oxnb",76,2.5
"R_5PVcSbITFzAS1I5",63,4
"R_3rOt1Gw02oKyidY",67,2.66666666666667
"R_3JcW1SCaU1oI5r3",45,4.77777777777778
"R_3zT1bz5fQZjIZtT",41,2
"R_334tBf7UHWFuX1I",50,4.22222222222222
"R_3Lqw6YViGfsfNMG",33,4
"R_7Ny2m2Bdj6yZMWz",46,5
"R_5hGNN4d3Lao2NpY",79,3.44444444444444
"R_30H6vP2jxRBgyhb",51,2.55555555555556
"R_1IWeql72Vc9iT4Z",55,3.11111111111111
"R_1zCmw5FbZJJOE6i",27,3
"R_6E4Zckpv2bDi7K8",18,4
"R_7ohw9ZOpTrGW1Rn",23,2.88888888888889
"R_1C1nWa1P9LMZAvW",51,1.33333333333333
"R_3F55Yp6KqOck7yx",69,3.44444444444444
"R_5CBA1aRXDCM1moV",38,3
"R_1KATNNndSxoiuuY",64,3.55555555555556
"R_198s9gw2Wjb3J0R",32,3.55555555555556
"R_1cwu7XNwwXqbSUC",47,5
"R_5ZNNsdUJbsqHF4A",46,5
"R_12go1YtfQd3keAu",40,3
"R_6OJu8CmhB5zLH9L",30,3.11111111111111
"R_3mXdOOezhWCoKA7",66,5
"R_7X4h0ARww1Qe6Vq",44,3.14285714285714
"R_5RUJyRtlXFDn8pl",44,3.55555555555556
"R_103vOWkrulDJY1b",69,4.11111111111111
"R_5P17ytoLzgKvOkW",54,5
"R_1xxZjrCTmyuIFwc",27,5
"R_1j8JSrBPCkVPHw5",31,5
"R_5ZYnnZKpGJYKx1L",34,2
"R_375vHZEZHoiWCTD",32,2.55555555555556
"R_7wUuwQsHB3bBiyR",30,4.55555555555556
"R_5rI1tez2tAZioEQ",39,1.55555555555556
"R_6DnwcFD2LaXrgli",33,3
"R_115IhZUSAdXevsu",30,2.88888888888889
"R_6LpAnjO5vPflQ3e",53,5
"R_5SISehG2byPmJrD",19,3.44444444444444
"R_7eblNxxSSIoXcu7",31,5
"R_12VcWhn03I3CWsa",23,2.44444444444444
"R_7GivnnRSNUvLfjj",50,3.22222222222222
"R_6R1G3keRldNJR7v",38,2.66666666666667
"R_3qGXBXXi8i8eeiZ",51,3.11111111111111
"R_6Eu85FCpBBRKZiS",40,3.44444444444444
"R_6fvjXvZMZ9VRXph",37,3.33333333333333
"R_7GIDDIvgjFQDf7b",61,2.22222222222222
"R_6CjhoGzZSXrxDJf",37,3.66666666666667
"R_1g4ODTlID2XqAQp",41,2.11111111111111
"R_7P69td85BWu9tKV",59,3.22222222222222
"R_5G7XsqI4hdlS3XX",58,2.11111111111111
"R_6jfjY7NUvhKE7Vy",33,1
"R_5TyrDa7iPCjEpKF",34,2.55555555555556
"R_6u8yKfpWyLptC7f",38,5
"R_6CwVs8hpC4tT2Kt",33,2.77777777777778
"R_3FEytwifspM9ufz",48,2.33333333333333
"R_6PTczOrHlrocrId",37,1
"R_7j6rXuCw3x4GVLA",58,2
"R_6B2nJwjQBs9eDQ7",56,4.33333333333333
"R_56kPXZCEPZUmX3b",38,2.88888888888889
"R_1Vg8ncoklKnpMZX",57,4.77777777777778
"R_7D2xAeRkRej5n6l",27,1.11111111111111
"R_3pWRnMloc4xjl94",41,3
"R_7W8t5fOIzYsLYd3",42,2.33333333333333
"R_6ptBHBKD0MENkHq",53,4.88888888888889
"R_6IpUxMVxp7hUv85",56,5
"R_6KPXL9ygEA5Z3Xn",32,3.11111111111111
"R_3wsOJbh1voeuhvJ",56,1.88888888888889
"R_5ZKTGTe4CBYXxGD",45,3.11111111111111
"R_6iLvyktez1mxBBl",29,1.66666666666667
"R_7LKxxKQOB4YcUQ9",37,5
"R_7FFv0hcEmxLat4R",41,4
"R_3Etrz2hFeElDmqc",26,2.44444444444444
"R_6vufPC6oFQ3JbwJ",31,1.77777777777778
"R_5JFa2Wbta87S1Ar",30,1
"R_75YlMQ6NFtNtPyK",57,4.11111111111111
"R_3pZ1zaA6UHA5nC4",57,2.44444444444444
"R_6qoxNECo8tH07ip",44,4.11111111111111
"R_5t2SBbBoHdofECD",62,3.22222222222222
"R_7vBiM6ZJ849l5aV",43,1
"R_3F4GswyeyEI586B",35,2
"R_1FQCR5qZoz2o7y9",36,4.77777777777778
"R_5jSyMgDXJbqqaSy",62,3.44444444444444
"R_6Sb7Rhut4paMyvn",75,5
"R_5V6aw5TNWZv3i0x",55,3.44444444444444
"R_6D5yj0vkubh9FxK",79,4
"R_57jKWaqUbAuD6KV",64,5
"R_1jK8jSX9xN4CzjI",66,3.66666666666667
"R_6CCKITICJA0b93f",61,5
"R_3wuD5dWA4yY146v",41,3.77777777777778
"R_5ygwRF8glKXIhDr",56,2.66666666666667
"R_5PpON5x5Jdjuh8Z",56,5
"R_6OpmswU12JlWhLO",30,1
"R_14j6Samr3sq207p",42,3
"R_3ZUKAH5BASBnGV3",32,2.11111111111111
"R_3Sk4NspmqkuEuv7",44,1.88888888888889
"R_7dDJbtW1LJbAz7o",25,3
"R_71iT9iPIlsh2KxH",64,5
"R_5NGfwYsNiCuqwo1",47,4.22222222222222
"R_7EXMjGRRUJXhwcN",24,1.55555555555556
"R_13860Ro3NTp1kEV",48,4
"R_7UKmCSx3CLw4Kkh",25,3.11111111111111
"R_335UcJ8RvM9h4hH",49,2.33333333333333
"R_3MnuaUzok8378wG",57,4.44444444444444
"R_6e4Il2qYzsH8uHf",63,2.33333333333333
"R_7xRbQEuABcWCqFr",57,2.88888888888889
"R_7OoWtktlmiV6OOf",59,3.55555555555556
"R_53TTIUP0eYRfEbP",36,3.66666666666667
"R_5In5NGvxsmzLeox",42,5
"R_5ikhYrHnRXCLCpB",64,4.55555555555556
"R_7lco3MFWZcKBHke",35,4
"R_1cwGtsWSDZPFIjI",20,4
"R_5mIuwkuWfo08wYp",58,3.11111111111111
"R_6amKw8fItcoNhu4",44,1.66666666666667
"R_74Cn6mIDp5J0kqj",35,1
"R_7hMwn4N7msZQG2S",39,3
"R_6YQiQEDoXmLKPwU",49,3.22222222222222
"R_34nMygDA4WOccW4",45,2.44444444444444
"R_5CNQBRZTHEnpNaA",50,3.77777777777778
"R_3veIOaXhXTfjzN9",45,1.88888888888889
"R_5Wb5u96qg2JtMOt",38,4
"R_7InG1eCwxbgNvMJ",61,5
"R_6330I1dacCHLJHb",32,2.66666666666667
"R_7FYcfHcRroAwPq9",47,4.66666666666667
"R_3q4jbd1UV8XxlZx",32,4.25
"R_6gQj29OcO13aQeJ",44,1.88888888888889
"R_6lVvp7qN5sQxMOG",34,3
"R_30BsOkNusXCIj2V",48,3.33333333333333
"R_3zoAjBpN93MTQSl",50,2.66666666666667
"R_1a96FSzBg0cjP2P",60,4.55555555555556
"R_7cpTPAfVFvccaTe",51,3.55555555555556
"R_62JbQ4uCvde068b",34,4.2
"R_1DaWr9XgidCbF8B",30,2.77777777777778
"R_7o8S5UU4p2vROaB",61,5
"R_1dHz3EDmGmvCMmd",55,5
"R_3P6ayRvOfDZe66S",23,3.33333333333333
"R_6ydXVUjhaYNpQlq",56,1.88888888888889
"R_6QDOuwHtLv3bWPJ",34,4.44444444444444
"R_3okdizWYSm6eVYM",32,3
"R_6gDZ7GhVLQv49EZ",34,2.55555555555556
"R_6TZCcGb4BVCouAi",52,5
"R_6hKJ8qQ30m6Yp6A",24,1
"R_6IQxyd1gXlNLKxo",33,4.44444444444444
"R_66msg4Q1YcS9kSB",22,2.77777777777778
"R_6KkJmFxKOXbLGQ9",38,3.77777777777778
"R_7SkKu1rKCuErZRH",60,2.55555555555556
"R_5AZ6c8jqpRqYsSm",27,3.44444444444444
"R_7f8WAetaQNA9muY",55,3
"R_5im1UJtiGplwSEt",59,2.875
"R_5bIyCKPkKeOtDDl",28,2.66666666666667
"R_6JXTiPESm0sr09b",50,3.44444444444444
"R_5k4Fjg1OQudu40J",60,5
"R_5o7RRqXCZM68T6V",55,4
"R_6fWbjIGQIyRWs4o",26,4.44444444444444
"R_6PjTcWQlWZQ0a1d",41,3.66666666666667
"R_747zGjZzx7CcT8J",62,5
"R_6psblWMo451hBQ7",34,4.77777777777778
"R_1eUNHkLd9wJq4BY",34,2.55555555555556
"R_6DJ50u1DKw6wkDi",34,2.66666666666667
"R_3RgeX4pS2a60grT",34,3.55555555555556
"R_6imu0WbCdOLHjCZ",50,3.11111111111111
"R_7V4TCLbA5JRIKPu",26,2
"R_1xDEIFeXoDYtsVa",30,2.77777777777778
"R_3XtCNQ1OHZROURb",50,2.88888888888889
"R_5xQ8zDM27cbfLEe",50,1.77777777777778
"R_7cV7222repSphve",38,2.77777777777778
"R_6EnGm2tJyUSKRtf",33,2
"R_3LXwkFpjG4xcSCg",31,4.22222222222222
"R_3txRz2fKBwsKBcE",32,2.77777777777778
"R_1ZNC5fbzuSaNtLu",39,5
"R_3fkqLTqg98WU6L7",41,3.55555555555556
"R_3GTQNoKcGatdpTV",38,4
"R_5mBhLQMxzJwGlgt",55,4.88888888888889
"R_5X6c01PfAY4eYsp",56,3.88888888888889
"R_6lm3OwABiTrqQ7v",55,2.57142857142857
"R_74kfqDiTjftR08F",30,5
"R_7GDXaFg1GcnZOQV",40,3.33333333333333
"R_73V3AWBkhaipZuh",61,4.77777777777778
"R_5dsDMGe8AwzEnCU",44,2
"R_6rqK6yyLP9dUm7i",23,3.55555555555556
"R_6dGiP1KEIzMKp37",44,2.33333333333333
"R_133tfvoTryF0Pip",51,5
"R_1sAHCWaXs4oyvmB",40,3.44444444444444
"R_3F1YRBiSfokzc6l",35,3
"R_1gXcy2nqGjUUVBL",41,2.55555555555556
"R_6FLlqVlHTRoKeWD",37,1.77777777777778
"R_3NsQpNhwScJgu4F",38,5
"R_7hNiBTtXmzmT4qJ",42,3.44444444444444
"R_1c78t1YQpwhXQfg",38,5
"R_3xKSGkTZUVckXUv",40,2.55555555555556
"R_6IXJIw276G5Tq4W",29,1.66666666666667
"R_1p4RLrW5IwKrZYf",26,3
"R_3bHoIoaqPvvcBgm",55,3
"R_5OU1gZI3GYg5jwZ",60,3
"R_7ffRkMKda19vwIg",63,2
"R_6E5NEu46vgVVV4Z",20,1.88888888888889
"R_1gpscmQLzXNDzfc",67,5
"R_1SqUerBCf4r9H0W",73,2.22222222222222
"R_1kNFc5ONapTF7uV",73,3.88888888888889
"R_6NxJiB5bYjAGBPJ",21,3
"R_3QVxLapLHr6hXe2",53,2.11111111111111
"R_59uZrfh7zNjjZ3X",65,5
"R_6IszGPYNHNAFkrV",43,2.875
"R_6imK2sO3lOmMc1j",40,5
"R_38RNt6JPh5kr3z5",74,4.88888888888889
"R_3V7zPfi80py4Tg5",66,3
"R_1FP2LMZwNDWAURb",68,4
"R_1KZ2cBtFwEZ59kw",40,1.11111111111111
"R_3neLUVDOpa5S6Rj",70,2.55555555555556
"R_624oBYB57VosZnn",32,1.66666666666667
"R_5EAOECR8lRxjAnH",69,3.11111111111111
"R_30TcIhtpwRNeOCa",20,2
"R_1NoPZv7sLxsT83v",51,4.85714285714286
"R_6ldaPuvjPgD4881",23,1.66666666666667
"R_5KAXtkq6QzB40a8",53,5
"R_5yuZRQO2CyiNtyp",68,5
"R_3EoBTnadq1L9X6y",76,2.11111111111111
"R_3DASXf53kUSTA7Z",51,3
"R_5ff8REhRk9T7X9D",71,3.44444444444444
"R_7oRTxxudwNQ0sIp",31,2.88888888888889
"R_3qrfHzAIO1eyCfT",75,3.11111111111111
"R_5RUNhQBYXuwnxBD",54,4.22222222222222
"R_7SHsQJct9Qyom4P",72,3.44444444444444
"R_73UoBnCuJT4sz9D",75,5
"R_6QPq4fTwl6ZdcYV",53,1.88888888888889
"R_740jCldpoXZF38c",24,2.44444444444444
"R_5Ntm13BdEnzhXXz",33,2.66666666666667
"R_3nuvuaB1myIkHV3",72,3
"R_1mMXqNCuh7BNQf7",61,3.22222222222222
"R_7CDQBRbYVibEBLE",63,3
"R_5mrt6XU5btAciVh",58,5
"R_53jnwm5GEUTMXPD",26,1.88888888888889
"R_5iqhE2V7v9uoVCu",42,1
"R_53wOrfCgYy3ri3q",58,2.55555555555556
"R_7L1HiA4s25k6QQu",43,3
"R_1IGeZAeFkn0sfx8",51,3.22222222222222
"R_5nBrD0blTfJs7Ue",51,3.22222222222222
"R_3gBg761613ndmrf",75,2
"R_5EzUMp6Mk3xQvW9",73,4.44444444444444
"R_1OxqlrsusRgIk5r",56,2
"R_1hR0Tl8mTLMtyoS",25,1.88888888888889
"R_3m7rSLuv5NX0yMU",30,1.22222222222222
"R_6zpuYRtYRm2zjyr",70,5
"R_7hFE3P3ayD7D3GI",79,2.77777777777778
"R_5aUAlZfRjcq3AzY",53,4.33333333333333
"R_6IZyAMkvn44Zw4h",21,2.77777777777778
"R_11bSGBM5tV5H4j2",59,1.44444444444444
"R_7DhWpdlKZX38nLj",40,5
"R_5HIXeSpMlpquT3X",47,4.44444444444444
"R_7OZe05dfziac2TT",45,3.66666666666667
"R_5KpuGBCvONipfKw",52,3
"R_1CE02Dyp7SgFMpt",66,5
"R_7eOZ63nOwbWF4yx",68,3
"R_3nwMtI5N8VyAstI",82,3.66666666666667
"R_3BReMEPmeqPyfA1",55,5
"R_5DNkeZgYyCQqvcd",68,4.88888888888889
"R_5c8STkYiBiGFGvv",69,4.77777777777778
"R_3EnnnXcIgjfIYR4",26,4.625
"R_5qg2MRfbZ3l2J0p",70,5
"R_58LFh6ZBYgDr6il",27,2.33333333333333
"R_5rNZJjRtb4WNzdt",69,3
"R_3CyyRNrRqCGPjRT",66,4.22222222222222
"R_3AQjNwn6Szy3llf",86,4.66666666666667
"R_3cSTlvhFNqpmPvP",73,3.16666666666667
"R_3DwkkUWPUOBxAhT",48,4
"R_3MaMH5k1YVZZ2Wq",66,5
"R_1jWnO4KbkkSg0Z1",53,3
"R_3lEvBaJbl9dTR4t",53,1.11111111111111
"R_6rFq33sZKENzTEt",70,5
"R_3frO0yAQ3WWEBj5",51,3
"R_7XmLYVev5BJnFTu",48,3.88888888888889
"R_3DUfErfRYgxuuv7",66,2.33333333333333
"R_1qVqTiNgAeQHGEv",75,3.55555555555556
"R_6QQmL2OHTYNfVdb",46,4
"R_1eRZgfbAgxwvMlr",67,3.55555555555556
"R_5Gx4XyTN2o3aRP5",55,3
"R_65wiWpLJhhQBGhz",51,3
"R_5Hhk46I0fflCfJ1",46,2.88888888888889
"R_3D6oleeaLzMcAbr",51,2
"R_5rScA6tgkcHvvOW",75,3.44444444444444
"R_1FgFnmFrfxSrCxL",66,5
"R_70Tt2mAZCIOjJfE",78,4
"R_6eFzapZjMhA7T9B",66,5
"R_1CBdBt2wytbiUx3",58,4.66666666666667
"R_5y8Je7GLEHmQBhf",77,3.22222222222222
"R_3kndXnTzYE6SQnS",56,3.88888888888889
"R_5JCuX5jdyPLN3di",72,3.33333333333333
"R_75lpb9FvvZWQkrD",69,5
"R_5GE3wMLeKy8fDv7",70,3
"R_6jZbSVlpVXf7Kjc",67,3.125
"R_3o7i87jLlN836Rk",66,3.66666666666667
"R_6gTKG7sip8fM8Qe",74,2.55555555555556
"R_5MKk1En6k5EIV6y",69,5
"R_3ArQ9eMJlVF3MAh",62,4.66666666666667
"R_63UzfFf3rvEQCgp",55,2.11111111111111
"R_7l9VgjMN2AfG09v",49,3
"R_1WNLsgXcPM1MzSX",41,3
"R_5QfxaVnFf3xqx2s",75,3.55555555555556
"R_5IsYFuawz4p8kxA",63,4.88888888888889
"R_5Gll4ZtMyQ6No5P",48,5
"R_61MYgL6Ul7dn847",77,3.33333333333333
"R_6cgvrAMwNWkLwGJ",59,5
"R_1CEmPHMhidVU8yI",66,2.66666666666667
"R_1j3af43ZO8OkU25",65,2.33333333333333
"R_3hnDKgLXz31mZco",53,3.44444444444444
"R_7gMWPQFDTCpUaGR",62,2.28571428571429
"R_5dRMph5D93hVC58",45,3.33333333333333
"R_6sfjQuoqBFZgkEN",70,3.42857142857143
"R_12Pb11NDlkgfeoO",50,2.55555555555556
"R_6f7Bv7JO4FVUlDH",76,3.77777777777778
"R_5dHAR5zRB2SV16h",57,2.55555555555556
"R_7tx7TpqyVq20TqK",49,4.77777777777778
"R_3jBBYILQ5541iqy",55,3
"R_7Q4x6N3iieoQ0WZ",65,3.11111111111111
"R_6QnW4hqFJYVEBf2",50,4
"R_1kjjyuHHeiAQXZh",70,5
"R_7bIcSFsCRYitTZd",38,5
"R_5qEyhN8Xy0kB6mr",71,3.66666666666667
"R_14MA0VEasonABYP",67,2.77777777777778
"R_7Pb4EPOakjVMjVf",31,1.88888888888889
"R_3vlEcfTb4sS5B7z",64,3.33333333333333
"R_52yTaUia6RW0SRe",80,5
"R_1CxG6aMSyceDiAV",32,1
"R_3LbANmMNuau9OPS",77,1.88888888888889
"R_1OabKjlzFos6PHr",71,3
"R_1uqx4Rn9FCZBpxO",72,3
"R_5gwhGcCR7WHBOdH",76,5
"R_55MlZ4PUUQDGnyB",36,5
"R_32F86C5gfgBgfes",79,3.66666666666667
"R_55D7UmGqoW5rCV3",77,4
"R_3313CpOCEbLbDac",72,5
"R_12JWCLlJ9pJmtPO",36,3
"R_339kfbzMEejn8X9",72,5
"R_61yqijBtrncm7TI",32,2.44444444444444
"R_5dhA9JTbuuDR92g",21,4.11111111111111
"R_5jVUeWL9DUlnS93",69,4.88888888888889
"R_6NyoId2oYs6Hndp",61,1
"R_6bVNuQYumCf0FnZ",28,1.88888888888889
"R_3aD0SUp4cGaNgRR",78,3.77777777777778
"R_5xWdUB4dGiFnt5Y",45,3
"R_3R47Lce3bfroXRW",67,4.375
"R_5PRjMJGDdKnftJA",44,3
"R_381uf8WL6mTNuNz",79,4.55555555555556
"R_7dEOG4bpnBsG4oP",38,3.22222222222222
"R_5aESb7yk7JEt2Ly",33,1
"R_66VOOeqsv7I3E65",45,3.88888888888889
"R_1K0TBZGCGrsfeWJ",75,1.22222222222222
"R_7tAbmjgMZ9rKbkZ",76,5
"R_5yQPPoEMjTX9btD",35,2.55555555555556
"R_5kKSTdzJRnNemOe",30,5
"R_324jYU0Fry8BFhG",31,1.44444444444444
"R_1HSWbJlJihLdzx0",30,4.44444444444444
"R_1L8ONcjmomqukGR",39,2.88888888888889
"R_7kgImb1tUNBtq0c",40,2.66666666666667
"R_38THZmnVfB1H39l",70,4.77777777777778
"R_1bnsdRhmuJ84UmJ",41,3
"R_3hKIRjL8QU55TrG",59,3.66666666666667
"R_3abjHDX2hAdDUeI",34,2.44444444444444
"R_5ISNP4x5HCCXGzy",34,3.44444444444444
"R_7SLAn46bNNazYiJ",71,3.42857142857143
"R_6YfCe0w9gdwY8TJ",39,2.875
"R_1n14d9OLoG1RjDE",70,2.55555555555556
"R_6aPSrlK01CxRDsh",60,5
"R_7wzxWq3G7pxzdZf",42,2.88888888888889
"R_3T4wyVj9upSWHXX",34,2.77777777777778
"R_77gLFDNciQWL2Pn",31,3
"R_6pi4YELMJOB48Sq",20,1.44444444444444
"R_1c0DM5D34s7ipXp",21,5
"R_71aQQh5mvQPpf33",66,3.77777777777778
"R_6ls6sxA3qrDDK8n",73,2
"R_6mc7gJCso0Io76h",69,3.55555555555556
"R_7PuCB9b6UjTXcEZ",77,5
"R_1O1xLyqQY1VtXDZ",53,3
"R_1oKD2rdva64uw9L",65,3.22222222222222
"R_11shoIxCk6r7Klr",47,4.88888888888889
"R_7EG5g33nqsxJGOe",44,1.88888888888889
"R_6o7MQh0vMVkdbi8",42,3
"R_745eiHXWpsnGH8B",40,4.33333333333333
"R_7QpNB64TeZVQ6xX",81,5
"R_7C2ty36lo3om35i",45,3
"R_7ONGqCCRVPlSq6d",32,3.33333333333333
"R_1owdJr9iFqTfMNX",32,3.4
"R_1uCqtym0FVv8ISd",54,5
"R_7fQbYSwlb5OiWhD",39,3
"R_3w49uUvOg0KDinB",77,3.88888888888889
"R_7D6tPnHZBmxwxHB",26,3.66666666666667
"R_7WD99c8NFGqq9Sn",73,3.75
"R_7jVAqHYUH7j7vXi",38,2.44444444444444
"R_1qUOBpT7Wfuf91V",28,3.55555555555556
"R_3O9bUJSPkMxJtsX",39,1.11111111111111
"R_7ZQ4ws9EzQchLl2",44,4
"R_6BOXObx72cvgVtw",38,4.88888888888889
"R_7DuHK19OmHR85ZO",42,2.66666666666667
"R_7JD8gB7ffNEgit8",54,5
"R_7bCOTahpkp5Nxkt",43,3
"R_1F96YnJWClliHJP",71,4
"R_5OUhZJrzIxCyePz",58,4.22222222222222
"R_1zdX66BJK4VR7XA",86,5
"R_7y75HniDo39Z4jR",40,2.77777777777778
"R_72XQDR3VtSufd4b",28,1
"R_5ksOSgp4IUuCqBt",38,2.11111111111111
"R_5zPUEPgrdaDetb3",75,4.77777777777778
"R_6CnqxwOkgRhx3K9",71,3.77777777777778
"R_1gIoFrYjEI2ggzj",35,4.55555555555556
"R_3tDLcEup4OIYOJb",41,4
"R_7f0PfN3XSTYNdhe",64,4
"R_3CmkO8i38nPAsal",23,2.625
"R_1CfR1viXti39Sdw",63,5
"R_1gBYpuhj46rlg2t",20,1.11111111111111
"R_7HOKPL6aDC53Jq4",41,4.66666666666667
"R_7dj31NDZBt55eHo",45,1.33333333333333
"R_5dEvRV6K97kM02s",32,3.22222222222222
"R_68qN65U9EADIky5",79,4.55555555555556
"R_1GXuJ6Bp2YATXMd",68,2.66666666666667
"R_6MKtqTwxIJOUBWi",37,1.22222222222222
"R_5tchCK1gWPgXouu",25,3.33333333333333
"R_1zGtlZE8r15s3hP",77,3
"R_192KAGZZ27q2Rtn",33,3
"R_3l9mF2AcmyhAglr",27,3.16666666666667
"R_5dH6nCuO33paXn5",46,5
"R_3TyPDkX5eEFRAbP",31,5
"R_11Zb325Uf6esolW",42,2.33333333333333
"R_72CDmBi1eQuFQfn",67,5
"R_5rOwXa1MhjBKz9k",56,3
"R_1ITtm3MEuSbVvXP",40,3
"R_3FJ6i8KdjDRYX5g",24,2.44444444444444
"R_5jZEZpjd5CURnSd",41,3.16666666666667
"R_6frGSEJ0lNlWZeP",69,4.22222222222222
"R_1SUr4HmjjT1EKrL",24,1.55555555555556
"R_71sbZHQNqIGqybt",51,5
"R_5FWZWGkNqc267Bv",51,5
"R_1royOEkHZcmyVAN",35,5
"R_5oRC27QCPNAtjLi",40,2.11111111111111
"R_7GxhAFHR2HL67Yf",44,1
"R_1EWqNItcaDZK8dv",65,2.25
"R_63EfeIHj6oOgp0f",32,3.44444444444444
"R_7WxpACaWP2nCSXE",56,3
"R_1lmkrxqrxWKaL5p",33,2.66666666666667
"R_7oC8svslZZam7wD",74,1.77777777777778
"R_5WAVsrbZtp0GCXP",69,3.125
"R_1xXijdxqOs8JHho",68,5
"R_3FfgCWveJ69IEX7",38,1.11111111111111
"R_3RFQnmp4ywK52md",55,1
"R_1QDnlN8AVqghHz9",55,2.22222222222222
"R_7yRiAoCr01nbOKZ",56,3
"R_1zTmgeTgkhVbai5",47,5
"R_72Fj6Mj6Lkmxc14",24,3
"R_5GuWN2w69OPBfuf",19,1
"R_5iUTVZzPNgECSop",39,5
"R_5EK1xUkrnlWLL3v",50,4.11111111111111
"R_6E824UBzxE4nkBj",21,3
"R_3frZBmdMnnzSgSJ",60,3.25
"R_6IMgB1J0d5xUps7",31,3.33333333333333
"R_3q9b9h8N864RHLE",41,5
"R_3XvtNxq5wlUrziN",35,2.77777777777778
"R_7GUBL2c1WdfjchK",75,2.875
"R_6QWLLKeCEclK6bP",70,3.88888888888889
"R_7BSk7vULpnVIClz",60,3
"R_6QYVVPJW6nseR6k",66,3.71428571428571
"R_1NxhMV9zp9JzMUo",29,3.33333333333333
"R_6Bzb6XbxsottWLD",53,3.22222222222222
"R_77IL0NbOo1NzIie",56,4.88888888888889
"R_6fBVdRHztatQBup",49,2.66666666666667
"R_5nABnRNX47lfRTG",52,3
"R_17vDhDjltKwCO1Z",24,2.44444444444444
"R_5DCttXGD0VHY45F",30,2.55555555555556
"R_12VtWOWHrEslIsy",42,3.55555555555556
"R_54Jcz2rSKJYUguX",44,2.625
"R_7k7jRtTOkHCWK29",31,2.77777777777778
"R_3dGza3N7W3mwgxn",67,3.375
"R_1I3ILXWhG7Xal5h",80,3
"R_7vG12st8t2H2Dqp",31,1
"R_7GesO6ifIX7ueKL",39,5
"R_1q7nPhUMf6ublj8",60,3.44444444444444
"R_5nCorNgTClQPWvB",35,1.66666666666667
"R_17uJyJJNoE6Fqj7",26,1
"R_1vQyhbfizPzPwOd",64,3.11111111111111
"R_6dSLLyLfVrGA8fu",37,3
"R_7Pk4r8I6WNDgcj9",43,2.44444444444444
"R_7d603NQXTf4ANmM",55,2.22222222222222
"R_5zusfcp4ZqSfydb",50,2.77777777777778
"R_6yjdQx4BK1mKW6w",21,2.66666666666667
"R_1g6sL8wv6ixuXfP",26,2.88888888888889
"R_1ak7LcYIP9YRXwZ",43,3.2
"R_10NEDw16hTL3Jal",40,1
"R_7ZC6awdgnJxIL6a",46,2.66666666666667
"R_1OpJKkwMz3XLm9C",30,3.11111111111111
"R_7jCh3w96Q1Ts84f",25,3.66666666666667
"R_771mYbZBYe45kCq",54,2.33333333333333
"R_6QcLRwqVsvaSTHs",33,3.57142857142857
"R_75xZjbT5XvpKish",69,5
"R_117WsSZ5j99F3JI",41,2.55555555555556
"R_5ladsZXk562gnTA",32,3.66666666666667
"R_1Kg6H4ryHiOumLT",25,2.22222222222222
"R_7Vz78BIEw6gjxxa",38,2.44444444444444
"R_7NbuzzX2ZRf49NR",57,3
"R_59sUS1bxXwCDZKx",55,3.22222222222222
"R_5qJuIbQJfvaSVWl",29,1.77777777777778
"R_5QSBa72DgWUoGFb",25,3.22222222222222
"R_7pAw25MF7kQNaaE",26,3.11111111111111
"R_6QMcVHFWbybNVpK",34,5
"R_6NOOLQArUOC7riJ",33,4.33333333333333
"R_1vcXQuoPvWczIqk",49,3.77777777777778
"R_6PoVeALYgJTy6SL",62,1
"R_7Sk0AzgIf4NSgLQ",28,3.55555555555556
"R_1ZIYXuUBvjfCQGA",29,3
"R_5ETi0Ua7daD2x0Z",31,1
"R_6kOh25U7TRuTmCy",18,3.88888888888889
"R_1PW8TLbTyuqNTCV",49,3.88888888888889
"R_6MDKvapPGqdp1rE",53,3
"R_3ExQdF60gCWLKn6",50,2.77777777777778
"R_59igFSVmeMzNVLF",79,2
"R_7Xpndjw8wJPyHv2",52,4.66666666666667
"R_1is4PYh5yjh4Tbu",45,3
"R_6NBUGuYbm6sv7nH",67,5
"R_1AL7FYbkYWBK2nz",22,3.55555555555556
"R_61cKr5KzOqTI3h0",53,2
"R_6f2KpH9AMgviXoV",53,4
"R_1ZQv2FBHQ8R76rr",27,3.88888888888889
"R_3RkjE13XvMckSPf",27,1.77777777777778
"R_1v5TV0lCICouPND",60,3.22222222222222
"R_3Jb14JwpS6elI2R",63,2.66666666666667
"R_7YmhhOdjZ3l7eL1",59,5
"R_5rOAqpVKZxalP11",29,5
"R_74jiGP0SKzy9LJ5",26,3.77777777777778
"R_6v7KfakdUuuoTsa",43,3
"R_3d5g4Bcxvix00i1",19,1.5
"R_6pZ0gNecNSk5S93",51,3
"R_3DSam7YaXjYmv6K",54,3
"R_1Yy9Ixc5XVgXjwO",18,2.88888888888889
"R_10hQLuLjFmUnzAf",72,3.66666666666667
"R_1ixT09sZiMfHmsF",63,4.66666666666667
"R_6pEEEfd5xYRrD3d",81,3.5
"R_7fqnW7AU0cvuQ6d",21,2.625
"R_6yadf6FshiMckpS",59,4
"R_7YRPmZYn7G8WnCl",35,2.22222222222222
"R_5MNCkvDNT2Tcaml",68,1.4
"R_7HZxfnt7ltCKLqI",48,4.25
"R_3ilH4KchQT025Tc",55,3.77777777777778
"R_3Al4E16QnbyZmjn",41,5
"R_5mg8NKXPwu3NP34",54,1
"R_5g8jG6GXd8lAR1p",21,1.55555555555556
"R_1D2BEc0X8LehCfP",46,3.625
"R_1KPcT4r3Qq8PMSL",52,5
"R_5bUF7SetHI7P1Dt",56,4.44444444444444
"R_3mf5FQyQOMt6J7p",52,5
"R_5oI1VskuyCPNMpe",62,3.44444444444444
"R_54h6GBYEWieV54Z",56,1
"R_6qmiWJOBaaYQxuV",46,4.88888888888889
"R_3hy6veEoHTbD6hG",59,1.66666666666667
"R_7fHOlglC110cRO0",64,2.55555555555556
"R_5qgQW9jhRcCkLPK",50,2.22222222222222
"R_1IZeGZhPaB09pQw",30,3.11111111111111
"R_1DM4zj8neaCaevK",44,1.55555555555556
"R_7YaeFppkicM4jSJ",50,2.77777777777778
"R_1xXBtcULJBKe6pH",21,2.44444444444444
"R_5Q3iNjwimlaMEja",57,4.11111111111111
"R_1k1sMnYlWV5lwHk",47,2
"R_6FWYbD3rPjaipkV",51,4
"R_3jBZ9BnT9maZSTV",30,1.33333333333333
"R_5n0mNQt4ZX3LERl",27,2.88888888888889
"R_3dt2yz3SHovKORA",77,5
"R_1OVaLXHfSI4YN8s",65,3.11111111111111
"R_5L6j6bXNBY3iY7l",37,5
"R_5NIoWmq0b6ID1Ls",48,4
"R_5ODM1ljomnMVzBZ",26,4
"R_3nwIZCGOxmnsABO",44,3.22222222222222
"R_1qpHr6fHgtuh7g8",47,2.66666666666667
"R_13gxD8g44iORMrv",62,2.88888888888889
"R_77a1TcE8Ydyqn7z",31,5
"R_3liVz6cbsxyyaEt",35,5
"R_5s164yE9iVkJTj6",89,3.16666666666667
"R_5eRZTEDpkD5iPHb",25,3
"R_6rCQXkEa3r2HZ8E",41,2
"R_5SrmY1q50BR2fCh",44,3
"R_67vwla6vX4u20BG",65,3.22222222222222
"R_3DYoWyj7ywvHvji",37,2.77777777777778
"R_3E3czQmSh2j1PMd",41,1.66666666666667
"R_7T34PimU2qX8s6d",60,2.33333333333333
"R_5maxvIAe9peseJL",68,3.77777777777778
"R_5OkzSIgxLHKEOzn",41,2.22222222222222
"R_1BZkCFD3tn2ynq9",37,5
"R_6H6x2DiqFXEDr6j",45,5
"R_5yenXigJxg306Cx",37,1.33333333333333
"R_6IvVkkUrAHrbLH3",43,1.55555555555556
"R_52VAnmYGWuY66Xe",40,1.33333333333333
"R_7hLlDW2iPJuSSQO",33,3.44444444444444
"R_7GCA0UtryS3j4FI",68,5
"R_7ud62mao0njlefv",36,2.88888888888889
"R_3i9jZus7OxtVjCe",42,1.66666666666667
"R_5gBgDCiS9ibQB3o",52,4.77777777777778
"R_115IWBGsHfuMACD",40,4
"R_3M3XOZKAVxaWR8B",57,5
"R_321YKiGYuTu4dcB",45,1.44444444444444
"R_3GZ8np6SXe1aFC9",72,4.88888888888889
"R_3ypgkkuT8jLzz9m",50,1.44444444444444
"R_3qVaMXv8bcrmBEQ",37,1.33333333333333
"R_6j1ZghKeYhuP7dR",40,1.77777777777778
"R_5jEXwdqvaAaFEtz",43,1.77777777777778
"R_197fgr7HzGEOMcV",43,1.55555555555556
"R_1CeMOFaaCRNRubk",42,5
"R_1qNdqeKIpQtDlNn",46,2.6
"R_3HofeNRfkUMmjqC",55,4
"R_3Le4KiTMGLQ4cBs",50,1.66666666666667
"R_1OM6qMbDwYLmpRD",43,2.88888888888889
"R_6neA1UGrW14YssF",45,1.55555555555556
"R_7ocEEWQgUAFyZwR",31,3.55555555555556
"R_53k9XUKrEF3HAbR",39,2.22222222222222
"R_5TESWOFP63YlNEV",50,1.33333333333333
"R_3118GxtPnJB43PT",53,3.11111111111111
"R_5imVThCiDftBf6R",55,2.88888888888889
"R_7EuVCHR5ISZKZgT",57,4
"R_6f1IfVJqoNVGiBf",44,4
"R_7zd56Beq5WJ7ylL",46,2.88888888888889
"R_5hu3HkbPIkcU5zj",51,4.66666666666667
"R_7O0M0Ctq6cngHZI",57,3.77777777777778
"R_3Dqi6sU7zkpU2Fh",58,3.88888888888889
"R_3HnNa4OsdR46I11",62,3.44444444444444
"R_7nTKo6KlrzQM9Q1",49,2.33333333333333
"R_62EvDZ768TjPgJI",63,1.88888888888889
"R_7zcglre34j6XSCk",40,4.11111111111111
"R_7ek5e7HgfXkIheX",50,4.77777777777778
"R_5QHeiWQs2oEs9P3",46,2.44444444444444
"R_6fPjKSOGYitcWi2",47,1.44444444444444
"R_3s1EFVwwsWoyVyS",62,4.11111111111111
"R_1IAE7nTEgnYga0U",53,4
"R_6rjGkOvQe8cyFWq",61,4.44444444444444
"R_3eV7DiZZ8mAv2XI",45,4.33333333333333
"R_68nlvKRoSzKd5oB",56,2.44444444444444
"R_3DnFmPVBBvH48KJ",57,2.22222222222222
"R_6wnQ4901XKR0a6y",48,2.66666666666667
"R_6rAe48QDeZjCnMy",46,3.66666666666667
"R_6CGTh739bOabqwm",52,5
"R_3ezfcq52O5ufbE7",58,1.66666666666667
"R_32YvTqZ7AItxJ1L",50,1
"R_6BkgHqmxZEqEsNP",47,1.66666666666667
"R_3FCIOQnNWgfYHkd",45,1.55555555555556
"R_3rTVk1U54dKi4a4",47,2.44444444444444
"R_3mLnMsDqNBfS8DL",63,5
"R_6cd5fyXLBKkb5tp",45,4.77777777777778
"R_6Nfme6vQY2g4qn7",54,1.77777777777778
"R_61XWk91uUTqOYt5",62,3.55555555555556
"R_1odaB52l2H04MQX",56,5
"R_7lxWIpU2OSAs5tr",45,1.33333333333333
"R_5Kqk0jVzfq5N64y",45,3.77777777777778
"R_5SCfk0Mg1QRjnSX",51,5
"R_3YL5CZHPS1m2KUF",63,4.88888888888889
"R_3RVesIq4rDULlhb",52,5
"R_5dtY7ILcKpc5cel",46,5
"R_3nNNamsO703ATh7",61,2.66666666666667
"R_5tFVgMZQdir9QL7",53,2
"R_1M0OMbTQxpwnpJm",56,1.55555555555556
"R_5D6jvohQeKPAE2m",47,3.22222222222222
"R_779aflXv3C18Afc",61,3.66666666666667
"R_7b2YcCn6rK9PSjT",51,2.66666666666667
"R_71cTfrimGRJC5f6",55,4.66666666666667
"R_5cj5hYjQIlEjRBW",55,2.33333333333333
"R_5QMq6fNhNidRjDE",53,1.66666666666667
"R_5eUtiys7XgOmPfu",57,5
"R_5gUhuR4m3ESi305",59,2.88888888888889
"R_30ofCsuOLBXuM7I",57,2.33333333333333
"R_3LzDRS1D1uPffiK",56,3.11111111111111
"R_3L7tZZoHZLl11aE",57,3.33333333333333
"R_7Dnm9wO5EwqWWsH",61,5
"R_5E0wsOn5QBeYUcV",56,2.77777777777778
"R_3XbnqnREhS9SHDz",63,4.77777777777778
"R_1rI3STzXuQyDOfU",47,2.44444444444444
"R_6kze5D77GQc25Hz",45,3.88888888888889
"R_5k1f4lg8ALuGLiG",46,3.22222222222222
"R_7frkktYZN7bMmtN",47,1.44444444444444
"R_6LVYmOqiWW7h2ed",56,2.11111111111111
"R_514t2A1w599FvCZ",49,2.66666666666667
"R_16FRp229s5e2fzX",54,4.55555555555556
"R_6Ph1uSXzBwh8eco",62,3
"R_7L2HZgO7Cw7PpCN",45,3.33333333333333
"R_6QtiCtX2VwBXgKw",33,3
"R_1AFh0mL0M6nllNP",46,2.22222222222222
"R_5IyhTqQmLpDExQL",46,4.33333333333333
"R_5StqneqyYgj7yWl",42,2.66666666666667
"R_11in8fOSiO2wzSa",45,3.22222222222222
"R_50dw4693ecKSkME",47,3
"R_1P1F0gOacREWaLm",34,3.44444444444444
"R_5t6JCZ1SygvKB0d",58,3.11111111111111
"R_569kS0mCVeqmaPV",44,1.44444444444444
"R_5veHLF4G6gZoubm",43,2.22222222222222
"R_7F9XzpSn8RXL9b3",44,1.11111111111111
"R_1lrwbE92Ta25Vsg",33,3
"R_5SdzIeCI0fEdtkY",61,5
"R_5fE3r1eHeWZ66qB",61,3.33333333333333
"R_1E9Uw3hfTqyfl2F",43,4
"R_5CkFNLRS1HEdRKa",53,1.55555555555556
"R_7qeZwqjfmAr2iVL",58,4.55555555555556
"R_1VfEtfyYTinBX6Z",47,2.22222222222222
"R_337UePKbcO2A5mN",25,2.33333333333333
"R_7QKbqEdlmZNOAhp",46,4.11111111111111
"R_6NJwKQWNBTRivpq",64,3
"R_5M5mxDpq0hDjoE0",56,4.77777777777778
"R_3CqU4TPYIF8NxBb",47,3.77777777777778
"R_1zLN3DLTZoE44c3",52,1.66666666666667
"R_6Iz4f7cPzPMUhtc",54,2.33333333333333
"R_1fwZDmWOSBFsyMW",49,1.22222222222222
"R_3QfekDNwx3eIgsC",66,2.11111111111111
"R_3MYvvzik9HJG211",36,4.88888888888889
"R_6EX8QPYlLWBpzFx",48,3.22222222222222
"R_1CrACIfYBhwYA2x",53,2.77777777777778
"R_5z7JkZ0HFQQNws4",47,1.55555555555556
"R_37BxVHg0881nnNS",48,1.44444444444444
"R_53UPea8togC66Ax",56,4
"R_6iCpoIsQJfWoXY4",48,3
"R_5q7pJiqQEqKOKow",33,4.55555555555556
"R_7pDxS0BCxfbTFbP",54,5
"R_3QBiYHcTEjefNm1",57,3.6
"R_7p6TjZoPdMn4MjT",50,1
"R_3vyYxqbIDq9pzQR",33,4
"R_5VlTH3Vq4FWhXYX",34,2.66666666666667
"R_3pfFEdBilBD0kOi",46,2.88888888888889
"R_3nW9kr8yEDs2aUE",56,3.77777777777778
"R_7SqSZNBjtdvOpN6",66,3.88888888888889
"R_117IyOe8mLUjjWG",65,1.66666666666667
"R_1EAUj7mzHt1hgMr",49,3
"R_1LjN1OyGksiDe3s",53,2.625
"R_79uXX0qEHGcjbek",57,5
"R_1I6LPQf35WgvrXD",30,3.77777777777778
"R_525aVVALAgobLKv",60,3.125
"R_1nSC98skMGqqqxt",45,5
"R_50udWNysyOQJ0fe",45,1.88888888888889
"R_3pPNGDxcem4jmwx",50,3.77777777777778
"R_3os4VqEs3r91HNL",46,3
"R_7kRoB2estj0Wp7e",61,4
"R_3P72iCPJVJD64y4",39,2.88888888888889
"R_7BfITOpBWI2gyIS",51,3.66666666666667
"R_5rOOnystlf1JAIh",49,2.11111111111111
"R_32yHN9XhF7rfo0F",40,5
"R_1eQwgWLR9jFMFc6",23,1.25
"R_6foAOfvBCz0etGG",45,3
"R_5CZbkltLc7hRaoz",40,1.44444444444444
"R_6dKA2fqmuYoGQPI",60,4.55555555555556
"R_6wTUwYvcP1L6Rqx",33,4.22222222222222
"R_7cgSzDIO1nDrHoJ",43,1.55555555555556
"R_3rIq4fxHoDGeECA",55,3.11111111111111
"R_1IYPLaREuF6ROx3",35,5
"R_7czV59Xvp5WYle7",44,4.33333333333333
"R_18bJ6fOCUcFelfb",75,4.33333333333333
"R_7DZAv8iFxHpwyVD",46,4.33333333333333
"R_1TttNv2RqTX3Ttu",44,5
"R_3nuBvxQdxP3yVPY",56,3.88888888888889
"R_69gdcDD1rHCjpj1",40,4
"R_1Iar10B4HWFWYH7",44,3.55555555555556
"R_1iq8q9JsAdB95Cx",32,5
"R_51yxRblf2J84eLb",49,4.55555555555556
"R_5QhgpzhJulJu51f",36,4.88888888888889
"R_6IoOhawmcAU5qi5",34,4
"R_72zEBmGn4PzBFnV",47,3.33333333333333
"R_10ZOtdQ5r6F2GOB",33,4.33333333333333
"R_3odr3LqfFf8uk5J",41,1.88888888888889
"R_3dN89fzVa7F8lTl",27,3.44444444444444
"R_7K0ygwbWQIkJZWu",76,4.88888888888889
"R_7To9hStOJJVEPbw",33,2
"R_5dhI8oEitFxQJhI",66,2.33333333333333
"R_5395yGZJP1ggcpk",71,1
"R_7Kpo0riL95te4tb",36,5
"R_6G1knDnH1sUR1YR",68,2
"R_67Uuzxp0PRLi3ga",69,2.11111111111111
"R_7fdnFPirZMC6g4A",43,4.88888888888889
"R_61aXcTkWyvkJCu1",41,3.88888888888889
"R_5sS8XRkJeEGzImb",68,2.66666666666667
"R_1ifKdyKGfcarghw",52,1.11111111111111
"R_5kTWSzcmVl9xTk5",46,4.44444444444444
"R_31n2xnUpTwBZ9Sq",30,1.44444444444444
"R_7HwrUR2Eo5K7vaq",74,2.77777777777778
"R_30hVeptlFiloFwJ",46,2.44444444444444
"R_5O7Y4oRoj94kv58",43,2.875
"R_6TAgYUaUjuwGyPf",35,2.88888888888889
"R_1Eui0pA6NfF8lPw",79,3.88888888888889
"R_7zGzowGtzCkbsxs",30,3
"R_7O0WkgPeQW0ccrG",65,3.375
"R_777OiFuRd4ShilW",53,3
"R_1sSkjT2oXzuU0TM",81,3.44444444444444
"R_59rzhurXpIl9tIZ",60,2.66666666666667
"R_5iWQfEq3PDwLC4m",34,4.55555555555556
"R_31juFIyKxWxwZeV",45,1.11111111111111
"R_6OOYYcc6A6spDmZ",33,2.88888888888889
"R_1iWlltmjRiJgycJ",74,3
"R_146kbWjjbmKYLDz",31,3.33333333333333
"R_1n0GCXwc44EP3PQ",72,2.55555555555556
"R_5dp1xLYWPxN6nND",76,2.33333333333333
"R_7jx52kaaXK1KfwA",70,5
"R_7RUhLqb7SRilvv3",64,3.11111111111111
"R_7JDFFDwPA5SlhyZ",57,5
"R_1NBoih9h9A88jsd",28,3.66666666666667
"R_5fDI0RHxjJTOrr8",68,3.33333333333333
"R_5IyzfvI0NlbyaSB",68,4.55555555555556
"R_5Gdl6h0JNBpCSvE",22,3
"R_3oZX0Xch4413dRW",32,1.88888888888889
"R_7WD51OqT01GbJm8",39,1
"R_1TMRScNsMdfgcHT",79,3.88888888888889
"R_7gSE3oALRQRAHke",30,1.22222222222222
"R_5ndEvd5BDnGGJEf",72,4
"R_3fBHE32oe4hGfd9",74,2.14285714285714
"R_5P0Vg4WU9GYiuxi",29,1.44444444444444
"R_7fZ9JWm8s1Hwy5E",75,4.66666666666667
"R_6LkyPbttNsXpA7A",70,2.66666666666667
"R_7OPuLYurc6HDspa",65,3
"R_1GT7wvdSfQaw0Va",42,3
"R_1RlIzra6autNFIW",63,5
"R_3CKFkG2ClO1aEvw",74,3.22222222222222
"R_7GwQ9OXDbsHi2YL",70,5
"R_5CHthaC78f8aHBJ",55,4.66666666666667
"R_6NEvwqvPxFKWDuh",31,1.88888888888889
"R_6b12Y4CAnnVG9XW",73,5
"R_5fM2lai03L2XsgF",66,3
"R_7SRG5UPaNTvAzIZ",41,4.66666666666667
"R_67QCqoYPMAPAli0",57,3.55555555555556
"R_7aW9Sgj22qBAsdt",68,3.66666666666667
"R_1CwH00fkEgSBHRe",74,5
"R_1S8KJUqBKCSi4Ox",71,2.22222222222222
"R_7cYV7s2VOiQHXt5",84,2.44444444444444
"R_3GvV5zcD953iM0n",24,1
"R_6lKxCGGUCfA6jy4",73,1.66666666666667
"R_1gRCT4oKzQXgfRv",69,2.88888888888889
"R_77rI4ojLCeVXT3j",80,3
"R_637BCsVNrrcq0IF",68,5
"R_5KIUmegVUeXVV6j",75,5
"R_1fnN3yE3W8lbWMx",48,2.11111111111111
"R_3dvuOWogN2MFb8d",77,3.11111111111111
"R_6V6UMBa2RYEQvTP",68,4.66666666666667
"R_6k0ntRiPOvGsstM",48,3
"R_7PsPCCgr2xrE3qN",69,3.66666666666667
"R_5QDbN6vmDg0CVuF",26,3
"R_3pqVF1NIZhrYGS4",53,3.14285714285714
"R_6ICCiDLXnEBX63n",46,2.66666666666667
"R_5bZ5m2HCgwIiy93",88,4.22222222222222
"R_5AiLOGDYSkua18t",74,5
"R_7cXSC1upp2Qkkys",45,2.22222222222222
"R_3D17JdcIaEhUjvP",69,2.88888888888889
"R_15ROqaC6QvNj23s",66,3.11111111111111
"R_11zyPoHzvADOA6c",77,5
"R_7YrGymy9qeJ3eQ0",42,2
"R_6DMqQiK61aYUXbb",38,4
"R_5DvxXz0ZONzuGeg",78,3
"R_7RwJBD9WfFOITi9",55,3.5
"R_32rjsQc7IrPCjKh",29,4.77777777777778
"R_5GjOaqRIlks1mX1",69,4.88888888888889
"R_7K0xHUqHClMAcFw",71,4.88888888888889
"R_6KcGaX1HOGbUm2Q",76,2.77777777777778
"R_6WShia6MsWNjWmq",77,2.22222222222222
"R_5pmc5Yf98DrPYtX",28,5
"R_1wpJYFt8JFxx8dP",34,2.33333333333333
"R_6d6M0frt3c2ZVno",80,3
"R_78O3svDS481pXa1",82,4.22222222222222
"R_1Bw6O5xu2VnVN3r",77,4.33333333333333
"R_1LbeDXCRkNpAxR1",68,5
"R_5YxDHC7GU3hejS1",68,5
"R_7WZrWCEELlxVybT",37,2.11111111111111
"R_1t4Yy1taiHKdmff",27,3.66666666666667
"R_76JE8lT6kornmOR",59,1.55555555555556
"R_3PMMLdqSsgXG38h",70,4.11111111111111
"R_30I3Jgf2IXpPikW",72,3
"R_6NhbxoYu36iqCzR",79,3.11111111111111
"R_1FQFmpjGhbs6rHM",39,2.77777777777778
"R_1ymMgUKz2XsDQQh",77,3.25
"R_3UEi6lc56B3ovuh",73,3
"R_1CUniP57gTXllFV",90,3.11111111111111
"R_5cTXKMYmt9780f8",76,5
"R_5oirxceG3qVMUbG",70,3
"R_1JGTMC3Woa3rXeV",45,3
"R_3HkLVkzDGOpzvXc",46,3.66666666666667
"R_5JjRACRH3Ze2jjU",28,2.77777777777778
"R_6JROkQ07OVVvFK4",50,2.88888888888889
"R_1rqXeOWc8z07jfE",79,2.66666666666667
"R_1rdAduyU8bVL3k3",42,5
"R_6nw78qaiWRoleyN",38,1.55555555555556
"R_5VSX2OzEzSucVWN",67,3
"R_3PN7qldy6nTf9Jm",85,3
"R_7I9MswprPk7axps",39,2.77777777777778
"R_68n3dlWwbii24Bb",66,4.55555555555556
"R_3eQsBigOLxdNtAU",53,1.88888888888889
"R_1F36xkvr1lhDLc5",42,3
"R_7GiIFmtT12VxtAF",75,2.66666666666667
"R_6U6ZPhhk6g5Qwkp",78,3.55555555555556
"R_6K1QMivZjKvTc3e",22,3.11111111111111
"R_6o1ovSLvonKOnm7",26,2
"R_3NyT73B7QWu3T0L",56,5
"R_6fsjDBM9UQeObBL",38,5
"R_6BbXsgWCdDO0XWe",82,4.11111111111111
"R_5ZvG1VGMWk38lm9",30,3.375
"R_1KxPpog0K3R09H4",22,2.33333333333333
"R_50suHwK2KKy7sY1",68,5
"R_6Wus8d6kd3X3hXl",81,5
"R_39NZJIuimaGS4P7",78,3
"R_5mkoV1dRTGbSJvm",70,4.11111111111111
"R_3plmLRKPEPaQ01M",64,4.625
"R_7SiYHv9QUjJ89PH",36,1
"R_3BkwdtqJCGrN9iV",41,2
"R_5hXMHT5MF0VCvTo",29,1.55555555555556
"R_5fpr9MpGNpUqXRf",35,2.11111111111111
"R_1TtsCaNnjp7UeTj",67,3.66666666666667
"R_3pQAzLAZSgRFIwF",66,2.625
"R_6PXZtnbcfAUiwqn",78,4
"R_5g8vEkMkvk7nVus",72,5
"R_76Z1fCDaRkAw8al",35,3.22222222222222
"R_1fTEztyiKW7A6Nr",75,4.55555555555556
"R_53UimO6lN3uH72n",54,3
"R_3smej4D7INOZ5Rv",35,2
"R_5ehmXCbf57wAlPV",79,3.44444444444444
"R_1XK5yfjTzlQinJf",70,2.66666666666667
"R_6qh3xPuD2VzSiwe",80,5
"R_53pZfW02hqulMt4",35,5
"R_6hhMRbuALCqyAiB",57,1
"R_7ofhva6ZXuLu08N",53,2.55555555555556
"R_67D4vXJgZXtat6l",70,3.22222222222222
"R_7OJBDjp5JuwMLj3",75,4.33333333333333
"R_7VY3UgEXBWmm1a1",26,1.77777777777778
"R_7iVghIqgCLG13HH",68,3.88888888888889
"R_3DrQen6oJvl6tI5",43,5
"R_6DGlALYUVRCpTiN",62,2.44444444444444
"R_30VxqXTkMEHliek",43,3.33333333333333
"R_6d6KhzK0zp4Hohd",68,3.55555555555556
"R_1GDqFIxTMbmMTfO",66,4
"R_6dusqsl9y8iAXSY",28,3.22222222222222
"R_5X0QL5uH3e037Lk",52,3
"R_7OGnzCdOeGeN3ZT",41,1
"R_6YDEyrj0z94VI2W",64,3
"R_3n2eoE26kRGKnuZ",43,3.55555555555556
"R_3oYdxk6jl1fS0UN",30,1.66666666666667
"R_5Cp8uY1A5ezAfEY",21,1
"R_7UwmsgkZI76WyEV",61,4.66666666666667
"R_5jqdjkCVZUHbCRr",58,2.33333333333333
"R_76hGo2ZslvT2vfs",73,2.66666666666667
"R_1t3Qvz1zar1lEr2",63,4.44444444444444
"R_3fMHq9l37Htg0kY",52,5
"R_7je8M1LKnYXA6Bk",40,4.11111111111111
"R_3b1sfsmxnI4oXaV",22,3.375
"R_3ODSEDwYS7UBCxj",77,2.88888888888889
"R_6ISpJgI7hdZFxZ8",37,3
"R_73qi9KVYflllqRl",26,1.66666666666667
"R_6FP5izDRoLkNucx",27,1.33333333333333
"R_1oyWuaH06ZgaJhZ",79,5
"R_6ifKxLiaVSQ3oDD",67,4
"R_3YKQ1O03ILFm35f",66,3
"R_3C3B5hIASfqwURt",35,2.77777777777778
"R_7zKxqp14X90UzWF",40,3.125
"R_5SIZA62V8YM2k3p",61,3.33333333333333
"R_1NQzefYtifQO5Lv",66,2.88888888888889
"R_6wuhQYlGuSnVPpY",73,5
"R_626evF20heWJE3W",54,2.66666666666667
"R_6WPjhzT173RgsLB",18,2.77777777777778
"R_7U0nOAbrI5YiGiM",56,3.66666666666667
"R_3s1HIavWkV2gGM9",48,5
"R_3S8eZr7uuFzu0G5",36,3.33333333333333
"R_71iheH4173AS6bz",49,4
"R_3ItnskMuuJaZdHv",70,2.88888888888889
"R_7komnqAgLEcucwx",79,5
"R_3ODnNxiAED0P9Hd",67,5
"R_7VytStGqrEy3KWl",56,3.66666666666667
"R_59V9wmMgZfoyYwx",22,5
"R_6rkSSvl4KseRMhK",65,3.33333333333333
"R_5Esjf1RGM0Jp00j",57,1.22222222222222
"R_1f7FhypVMDBbD2V",62,4.75
"R_7FP8cXZQDh5CUUk",79,3.11111111111111
"R_61Gmspe9bmzp0wV",73,5
"R_1wRHS9f7poV1CK6",24,5
"R_3INiKFvKW5jMLuh",70,2.88888888888889
"R_68U3fjJXEBVX4Ql",50,2.88888888888889
"R_3MyF2KdBSilXuQ4",45,2.88888888888889
"R_3cZZVtqQa84a5p5",75,3.11111111111111
"R_7awWI1I9gbTdQYe",33,3.88888888888889
"R_7LWuPbLfaZL5PQl",74,3.66666666666667
"R_6hJY0FR4VG0K7gQ",69,5
"R_3E7gS9EsByKfSKP",41,1.22222222222222
"R_5lLbMZFCz1eawzq",23,2.44444444444444
"R_5BPgRoowN1R56wA",59,5
"R_1x632Xa2CeAzUIN",77,4
"R_67EAdxgIwmnrLyp",61,2.66666666666667
"R_3VtflCi8HDpTva1",38,2
"R_7jHsr1B0880PQIq",22,2.66666666666667
"R_5DkKkGfejnPkHUR",65,2.625
"R_5z7nZ1HHvVHYJnv",73,4.22222222222222
"R_6ckC4uU37LldRMl",46,2.55555555555556
"R_6k3pvcjes5BmrSx",49,4.55555555555556
"R_3vILKSj632OnHt7",40,1.66666666666667
"R_5fMHMDFoXdNKCGt",51,3.28571428571429
"R_6CTR7bXTjzYus37",69,3
"R_5qdH5feAt7fBQu0",85,5
"R_7P4PAvxBqfVl02r",62,3
"R_7yM2RvVmq42zEoF",84,5
"R_5yeXNbqUjLX80X7",73,4.22222222222222
"R_5pYflvuBmq3D3ur",39,2.11111111111111
"R_1kDQdAQwvISSwG5",78,3.55555555555556
"R_62W4YFMSPuAOq6b",69,5
"R_7BNA4QEgHeYviDv",65,5
"R_5DVca9qoOMvo7ek",78,4.66666666666667
"R_3Icm8BHxanJGG2l",76,3.77777777777778
"R_3dhhuqfZynEKd6q",72,3.66666666666667
"R_57l27S79whdiKTL",28,3.88888888888889
"R_7gvVQBtzI6Im9YQ",76,2.77777777777778
"R_5C7vdnVjBU6S5ei",68,3.11111111111111
"R_7rvsayPCF5sI3Ng",53,2.22222222222222
"R_6gRbvgUg9UVw47K",69,5
"R_3AZ1FPotXQbM02i",77,2.88888888888889
"R_7SItTog8yKwKYql",60,3.22222222222222
"R_6gi5IaZ9VI4kVrM",73,5
"R_14jThi7UVB9rp7F",69,3.22222222222222
"R_3sqsIUs1LdPN89b",25,4
"R_3EmLvNi57Bu6nir",22,1.55555555555556
"R_3pqI22HupzzYmNX",67,4.875
"R_1eY9AQBHPxojLtM",73,4.66666666666667
"R_1Oy6v3bU78bQFEN",56,5
"R_3nPcMatzroXliu5",60,4.11111111111111
"R_1YRHtrt2zhtaCYJ",72,3.125
"R_6uEOWBOa20wtQuk",55,3
"R_7qjkmRScIbCzPm2",66,3.88888888888889
"R_6dlPzyPZMgcB44R",65,1.88888888888889
"R_3gi6mQTvT6vg6ZI",48,3.66666666666667
"R_6EYYfX972cnOI1v",26,2.66666666666667
"R_60NrSAudDyIB4sN",34,5
"R_6zGs4rrBOHrGwBW",41,3
"R_7NULENo6QRrDzNz",61,2.33333333333333
"R_725MvTmyeKupoe5",55,3
"R_3I5esrFwjFJVzfb",79,2.375
"R_3hZINejNeU2yB45",82,3.11111111111111
"R_6qE4Uwuo17oeobB",29,5
"R_7ZJJWGdUH4XKlBU",72,1.44444444444444
"R_5wbk8BhuSq3fsSa",38,3
"R_7uiH04VCggAp9kJ",79,4.28571428571429
"R_10YuFO1sNiX8d0Z",86,4
"R_5S3P0X1aeldGYdH",67,3.11111111111111
"R_6EGR75Nb6FSKtew",68,3.33333333333333
"R_33NHKzf7kGjM8eJ",80,4.5
"R_6QPyKF68ZEfMyyJ",62,3.88888888888889
"R_6gSWRph9fCdMqac",70,5
"R_3CaxCMWYDJlkbaV",42,1.125
"R_7EhKJ6HXERjt5GC",60,1.33333333333333
"R_6fVu7sZuIcjFcP8",52,2.71428571428571
"R_1BW9yI1EOL0oSsx",59,2.88888888888889
"R_1QJxFsQMDVHXpKr",46,5
"R_6pyg8wNlBYkBdqO",70,5
"R_7YPk3JWg5fMV2sV",65,3.11111111111111
"R_6KkDILjXe3ov8kI",50,3.11111111111111
"R_1jNe4nRx2mwl0im",73,2.66666666666667
"R_7pORIbvQBqO5F8l",76,3
"R_72610c65mpEePV4",54,2.22222222222222
"R_5XjpeXKlbpQtcmD",40,2.55555555555556
"R_3IiTEAdleRob303",32,1.77777777777778
"R_6xF2wId00XUjUEI",47,4
"R_6Q5cgBvKy4EmnMK",34,3.77777777777778
"R_63atvXBsM8UzaP8",49,5
"R_7xKkoysjwaTmMdc",69,3.44444444444444
"R_7QLf3LRk7dCw0k5",65,2.55555555555556
"R_7c7r25ZbyxLUwLF",86,3.11111111111111
"R_5rNhUKueIQnm6pN",41,3.625
"R_7drU7mEbQWDSqWa",61,5
"R_3V5B0WucjYLiDTj",27,1
"R_7kI39nIo8F60rNn",69,4.66666666666667
"R_54nJMjmSOEQ53XB",26,3.88888888888889
"R_7Bu2Ee0aZloj3W7",77,4
"R_57JX0cOnHWxzLVt",36,3.77777777777778
"R_1FJQJR5Wum9Zi73",41,2.88888888888889
"R_6pRnK7D9t4BBI9f",56,2.77777777777778
"R_1OBkRkrfdpivBhD",43,5
"R_7sBm2vUs36cOOZY",23,2.88888888888889
"R_6U8XFiIaW8q4ysK",51,3
"R_1FTssPs8SSIEixr",62,3.42857142857143
"R_6rIIUwj6Up4m0AA",51,3.66666666666667
"R_3g0IKq193hwXOU1",34,2.44444444444444
"R_5LDNEPsmxKuVALn",45,3.77777777777778
"R_5PobjDGymk1UTfA",34,2
"R_7fvip1jBPS4WqbO",55,3
"R_7dLXoTbXGaoXpO1",35,1.33333333333333
"R_6N9B6K45lYUyuHS",67,2.66666666666667
"R_5ADWc52mULzDM3f",30,3
"R_7xGkWwqer1AruOs",60,3.33333333333333
"R_5IKcZTT76nFIJLX",25,3.44444444444444
"R_5wcVPkYC2ZOgNvr",79,4.88888888888889
"R_5ClIo7UNBv57LSO",54,3.77777777777778
"R_1tGACD2Mg9HENWR",37,1
"R_5th7khw9nN5IDsi",68,3.44444444444444
"R_1GNU8Jww9kYiFCW",30,1
"R_75tO8TCxUYTV5mb",27,3.55555555555556
"R_5hg2fCn8qWRX8EM",48,2.22222222222222
"R_1rIKJq1KRumUCJG",40,3
"R_5vYVVTiUhHgiaGc",47,1.88888888888889
"R_3uNTmAv88TbDaFa",63,4.11111111111111
"R_7ge7IN5j3XjzbUB",44,1.77777777777778
"R_6eOWIQVr4ngvlhX",25,4.11111111111111
"R_5uO1W7rBziajV3P",46,2.55555555555556
"R_5scBfbdGC8R5tie",24,3.11111111111111
"R_1dXuUzi5qklDN49",53,1.6
"R_1r26UbSnyhAGSfr",20,2.88888888888889
"R_5B6nwLkyQtrE6Mp",55,5
"R_7qpW9DT8yc3vlGp",69,5
"R_5AlUBEixnDrU5dn",69,3.44444444444444
"R_6G1hkWcno0KV22f",60,1
"R_1hmXZs6nwLWMXNn",61,5
"R_3gpMCC9BV1gEK6l",77,4.33333333333333
"R_363TFnv8CM3GFYQ",73,3.77777777777778
"R_7xFeRmSN50PybmK",53,5
"R_6cnMgSF1JlFNABH",82,2.22222222222222
"R_10yZc2pIl8ewmK5",76,4.66666666666667
"R_5FqW4R81QHIe6Sb",75,2.875
"R_7z15hRnH0VWreGl",75,5
"R_1XpMJZUekzQuk1z",26,2
"R_6AHBm9K7cJVIXVn",67,4.88888888888889
"R_3qUqKa8ujexYgOl",20,1.77777777777778
"R_5QweYOTNJ2Cu4M1",49,4.66666666666667
"R_3XgtBZ8fz94xnyz",37,5
"R_6ToxpEo9BiJbVk4",65,5
"R_1kK3kkuATJ9r8vD",67,3.11111111111111
"R_3FQYBAHJ6x64Abj",30,2.33333333333333
"R_5nOwl8aht8T6yYA",43,2.88888888888889
"R_6JIpzMlXDQzkweg",26,1.55555555555556
"R_5Va52pWeNKTBR8I",55,2.33333333333333
"R_3r2nj1bDdG8w6Wo",24,2.11111111111111
"R_3PXmqAEuKVtMe8q",51,5
"R_5dDy5X38xHBm849",65,3.22222222222222
"R_5I0RPbfCibJ2E8T",38,5
"R_3iExBJtFmnNvuVz",47,3.11111111111111
"R_6Ckpb5uDHKLxAp4",58,3.22222222222222
"R_1QK7kb9jZTDsksM",67,5
"R_6sXQ7bdQYfI38g9",80,5
"R_6rZLQQL5Hx7d4xv",81,2.77777777777778
"R_1X5aoRQG7fAtwLh",64,3.11111111111111
"R_3y7zrD1d6BJqMqR",28,4.22222222222222
"R_6tlfMx3VobBRfS3",45,2.77777777777778
"R_3s7vV8kto9u1SqG",26,2.44444444444444
"R_3y71Mj1opF4fOAV",25,5
"R_3pEx8HhmAxnKb0U",90,2.88888888888889
"R_1N9tMHoDei4ZYOg",72,3.88888888888889
"R_1exvecGKyL403Bw",40,4.22222222222222
"R_6qfCKZD6BNDCuOD",69,2.77777777777778
"R_7Duoelqf0sPdJJb",73,5
"R_56hzdgQhVcbNFdq",51,4.33333333333333
"R_67qh7esuRbm9aZc",76,4.66666666666667
"R_7SJhoKxK0cQQSKE",34,4.66666666666667
"R_5Gy5wN6D8mV2Cyf",44,3.11111111111111
"R_3lv5fhhjJxH9GFX",25,3.33333333333333
"R_6xPK6idb4snWR1D",33,3.11111111111111
"R_60Vkg52RCYZq7KF",36,3
"R_69jw4VK34C2SJUJ",89,2
"R_13qn6aVv5mlgVYx",68,3.11111111111111
"R_6QRC6UChcWTkO4O",39,3.22222222222222
"R_5QAs4H7S7e1nNJF",78,4.88888888888889
"R_5QFKgAfnESSMAvT",45,3
"R_7EHqh8tMmP4qM3h",58,5
"R_1EpLOZ6HoQt3nY5",71,2.88888888888889
"R_3951cI0i3UJfgct",33,4.11111111111111
"R_7rdZRsqQ8ChRdUR",21,2.77777777777778
"R_6qTByR2SwpgffNv",63,4.33333333333333
"R_13Q0jN9EKMmNxEl",32,3.88888888888889
"R_6rUD7mWwruyoshc",38,2.11111111111111
"R_7PbN4x28cB0N2gh",49,2.55555555555556
"R_5DFGqg9om2SZBn3",45,3.11111111111111
"R_7Nymj0vbFlBCoZV",66,5
"R_70MziGSKAYAXyKI",40,1
"R_6HQ9Zjcj0aHn1e1",75,3.66666666666667
"R_6fs2D0eiVkvdpCi",48,2.55555555555556
"R_51lShRjarkCXbUt",74,4.44444444444444
"R_3q8dfjzDcCuhFHL",67,5
"R_7fpq0cRvNAZsBwY",38,3
"R_6RMPQ1kT63uVYkx",45,5
"R_6oih0x3n4ozna25",24,1.11111111111111
"R_3z9YD1bOsgrnM3L",55,3.375
"R_53fXu1XQXhBoXyC",64,1
"R_3Cs9SDr6vS9RgAP",64,3.88888888888889
"R_1iU8DXbcXabsrWW",71,4.88888888888889
"R_3FJM9yIG8nM5KaM",36,2.88888888888889
"R_1QivdCcp1KAE2vn",78,3.33333333333333
"R_6KHGmIa2uY6bCPg",35,5
"R_7IGYU03wyQ7Akha",41,4.11111111111111
"R_3Oa34douaabsDJf",47,4.44444444444444
"R_12JF8m0DS2EBMPH",75,4.44444444444444
"R_1aada28AE48Gvdr",65,3.22222222222222
"R_1PtWAZCw2DdLJbw",56,3.77777777777778
"R_7SJStmWbzqfxfHj",65,4.125
"R_3djguP80TgqWBFW",34,2.22222222222222
"R_3vbqU14hhAkyFDr",24,3.77777777777778
"R_3J3FVLVSMutjsB3",51,2.88888888888889
"R_3PpBx2OhmIVJQlp",40,3.11111111111111
"R_1jT0LsdoK9IJTNs",68,4.44444444444444
"R_3UWpZihIJQUQJA7",29,3.22222222222222
"R_7CCHJLAMrNpQA6d",59,4.125
"R_6FSghXynNPEpk53",41,2.77777777777778
"R_1jeFjpbcvH0Vxap",24,2.44444444444444
"R_6wqsVXfOUTxNEm5",62,3.77777777777778
"R_7mXlpJGuy5mmsXI",63,3.55555555555556
"R_6j9AbGBFbucMq6s",73,3.42857142857143
"R_7W0Y2ssTR5i2RQ5",62,4
"R_1qdMcFmB71WTTzE",73,3.33333333333333
"R_7RvDv5MWY4Yyn82",21,2.625
"R_5iPbsjiKpe3EYaS",49,3
"R_332DVSdEbKYgc12",33,5
"R_7435BcP3pRjLMxy",33,1
"R_1RDOo0cmI7VrR85",69,4.66666666666667
"R_5GjjllFF3ZduvQb",73,2.22222222222222
"R_5esKo2jgdXUgLaI",66,4.66666666666667
"R_6wFbEMYAf2bTJBi",37,4
"R_6VL8e62zFFEqYY0",60,4.77777777777778
"R_5DUJMBGoE78riZA",65,3.625
"R_7aIkObLDHX6oKCR",39,3.55555555555556
"R_190xufc4g1wShop",56,2.77777777777778
"R_1t3i5FJNtS1E6A1",70,3.55555555555556
"R_5M2tbig4iCQhhol",73,3.28571428571429
"R_6CJna7E1YUro1wo",51,3.88888888888889
"R_3htg5zEAedLfkOd",56,3
"R_7G4rahFiRxlSuCR",60,2.88888888888889
"R_3jVyE8bpqSOox21",69,5
"R_1fjkIQf9ez0WU3R",81,3.88888888888889
"R_1VPvS83PWjEDtrJ",63,3.11111111111111
"R_3iUahc3OL4E8Fpq",63,3.77777777777778
"R_7yMfVpiSLVoeXoR",60,3.55555555555556
"R_5KrJl0ajoOZ7ORH",66,4
"R_7GWIn5em418X1qy",79,5
"R_6OpHugYymIYxQBW",66,5
"R_5CwXKy5vqypL5jr",33,4.33333333333333
"R_3NEpTxPYjn4vy3T",77,4.44444444444444
"R_5hBCybEHvQXZdst",66,3.88888888888889
"R_5Pu0zXZsxRE3y0n",49,4.33333333333333
"R_5Dofj7kAyHrQOrv",78,3.88888888888889
"R_60TAaLZq9QUVvjW",85,4.22222222222222
"R_3Cq2feZxlt3ZvHf",35,2.88888888888889
"R_1rcxO4IbTL4aL4n",72,2
"R_6Vquatu0XU1NyjT",70,3.11111111111111
"R_3zo4Y78JU68ohQ9",62,3.11111111111111
"R_6PX8HPLwg2AOHex",68,3.33333333333333
"R_6kv15rspvSkqVQy",29,2
"R_3etdBOd6P10zHqU",73,2.88888888888889
"R_3ta5Ijiv7CbMvZo",74,3.11111111111111
"R_3LaRM4ozrGuSjeX",72,4.88888888888889
"R_5fGA2ZPbeZe0ass",54,3
"R_7IdesXS1HRlflZK",54,5
"R_33A5h9JGSEsX4BP",70,3.33333333333333
"R_5I3OgmlBGA66Nh5",75,5
"R_71tGu26Pquj259u",53,2.88888888888889
"R_37l56woZWU2NSdb",20,2.55555555555556
"R_3Nnzx2TsfBcKgqD",68,3.33333333333333
"R_3tMbNLHhjWG2Sto",79,4
"R_6NCTkweH8ano9A5",72,3.88888888888889
"R_11byfnZUvleH02E",50,2.66666666666667
"R_3Xi4vdokAjMIYed",71,1
"R_708Alsem7i4SZBF",77,3.22222222222222
"R_511HEo5IfZKOLgn",22,3
"R_3XhAJqcdJ6AnqwV",68,3.66666666666667
"R_5ZBJPUQCJ7oVmhp",69,5
"R_6ri3bVB4z6ZElSa",71,4.88888888888889
"R_6PWg4GYgcKeNmYF",62,3.33333333333333
"R_1qs7aCQO28vH4vT",73,3.33333333333333
"R_7mbNXVGJMG3mheV",32,1.55555555555556
"R_1SIbZyCCWzKn2E2",66,4.55555555555556
"R_3l0QumaOaT5w76U",78,3
"R_7qfmdQiqaT4DsxS",20,3
"R_58Z1wp1D9j4AMhw",27,5
"R_6YDeMu4rAXNDo5j",74,2
"R_7gwZEFtimSVHiql",70,3.25
"R_5NCuZgw1bBTE7yA",77,5
"R_3wNMMJOH5Ibtgo3",27,4.11111111111111
"R_5XfyZQk1cle7Nuh",66,3.66666666666667
"R_1RkMs10B5M52zhe",70,4.22222222222222
"R_3DbX94A0OZ3Peew",32,3.22222222222222
"R_649NxaScTjN1IY1",67,4.33333333333333
"R_1qC083WLNtiD2t5",27,3
"R_7dXTw7Qxv5Ug4lz",32,2.44444444444444
"R_7GoH491y3sCamqL",24,1.33333333333333
"R_1wTIhaAhFIuQAvf",18,4.88888888888889
"R_5lzriEFYPDG0O1r",28,3.625
"R_3qmzcDbqk4PpsGt",29,2.66666666666667
"R_1CejFkgUMR6MjcJ",39,3.11111111111111
"R_5bm2HTxh2KBIvAZ",68,4
"R_5DA0pJvJElrHj2H",88,4.22222222222222
"R_339WehEefe2OVd7",30,2.22222222222222
"R_13S03mFYig8O48N",21,5
"R_1gjbHPlnxcPzDZn",51,5
"R_6l3mPBAd4fATe7h",31,3.88888888888889
"R_19poU0yruEQm7cI",60,3.33333333333333
"R_6LNhzAlmlERwRhv",55,3
"R_5nknlZWBq2VRZaQ",38,3.44444444444444
"R_5Lh5P24HSfic3c5",19,3.33333333333333
"R_6tcQdtRUvQ5lr1f",39,1
"R_1TZBFWJs7uB9xtS",73,3.42857142857143
"R_1agks1MzcVfRScV",80,3.5
"R_58RhKDuBnsUoPyp",30,3
"R_1a7DYfxzTk0GkbT",40,5
"R_1P0WfnutFPbY5Tb",76,5
"R_7qPvPhWGCsqRDfm",26,3.66666666666667
"R_648hvcGUPb8alvN",26,1.55555555555556
"R_5zjPUHb8dR7QPyv",70,3
"R_1imU27lbQDwWPNS",62,5
"R_5A2oVPlURIb8XLz",57,2.44444444444444
"R_68LLbg1wE7AOfAl",33,2.66666666666667
"R_5kKKcDcPfeSkSzf",43,5
"R_71DaPeuvdPLNHtD",38,1.33333333333333
"R_1tLJAUev0K43RhV",73,3.66666666666667
"R_7c2hcjLk7CwBdzW",21,2.66666666666667
"R_7D0x5eJKmzO0qgp",80,4.11111111111111
"R_5bH4qhtsLuMGw8s",55,4.88888888888889
"R_1iFUeBihH48kVJT",61,3.5
"R_6S6uAm07r33zyhi",26,3.85714285714286
"R_6M5TmOVuf4C8Ocr",31,1.55555555555556
"R_1jwbLpaVJlMHmuZ",62,5
"R_3neU3ObVlGvZaRr",34,2.55555555555556
"R_1PuPUZruDlIUgnN",84,2.66666666666667
"R_3e6FY4wtwq6JViF",62,2.33333333333333
"R_7pRGoBh3iJYFl7Z",67,5
"R_6fgdxZg26jknYFr",67,3.88888888888889
"R_3FswlVp4xpBs6lY",57,2
"R_1zi1pEQVYDXvGWE",50,3.55555555555556
"R_6xD9kSwqRZ2HIDK",43,2.77777777777778
"R_3ttxBZAi531EQHo",18,4.11111111111111
"R_7JIVX7px55qDXh5",30,2.77777777777778
"R_62VybxFZU3c5Jdl",63,5
"R_6JR67LSdF5llB4G",32,5
"R_5PdEhx4s1NKJog1",45,1.77777777777778
"R_3hnd6RdMfJd9A7g",66,3
"R_5dFindn7dJNPeJ2",33,3
"R_1vjvTpURxjEuwdb",54,2.11111111111111
"R_5dENJrZKRN57hRQ",31,4.77777777777778
"R_61F0ZpSDXSIYgjY",47,3
"R_1ysGYjw7F0EQCPl",67,5
"R_5opa4fc7k9nna6c",76,3.44444444444444
"R_31FoicrtFqvHhqN",42,3.57142857142857
"R_1usuw1mdpLN3XkI",59,3.88888888888889
"R_1i5pzCLdITswT6V",40,4
"R_6BfWN7xorPo51IG",64,5
"R_5wNVf3vPWmDuaPH",77,3.22222222222222
"R_5xQn47bbrCL10C5",81,5
"R_7KSyNGFiN2Lucil",46,4.25
"R_3n8FhOtLJLBcHVY",21,3.11111111111111
"R_72LV8adXvFuwCyu",71,2.88888888888889
"R_3PS8QtkMu2145sM",65,4.33333333333333
"R_6I9tToIiOmkUNRf",64,5
"R_1tDSziDViPodCU9",69,4.11111111111111
"R_6nDibeDKlpvYJsZ",36,4.11111111111111
"R_6CCpejtrq5YQTAf",72,3
"R_3NyyIWRgccUfLhA",74,1.88888888888889
"R_3jk2pK8gly8gBiq",21,3.77777777777778
"R_3fxKyI3tf9iCfLz",81,5
"R_7FmkGdsAJOjDuk4",62,4.55555555555556
"R_6DATchJ5jIUNcDZ",37,1
"R_3RxqmHgsj3Zo2B8",79,4.44444444444444
"R_6jFZm7eWOkiEeDn",71,5
"R_6rioZJbGDyu7rUo",30,3.66666666666667
"R_5tR3YPkq95DzYIh",44,2.11111111111111
"R_5dYYSaDe0kXBeuz",61,4.66666666666667
"R_3lDlhTUJwA0l2dh",25,3.22222222222222
"R_3onZwKjIanjG8A5",70,3.22222222222222
"R_3QCwGLLRbiO6DJL",71,4
"R_65YEMqJM7lLXnPR",74,4.11111111111111
"R_6Sw6yB9Asdq8hDH",79,5
"R_5DNAk8BFjfyN6G0",32,3.11111111111111
"R_3OppLJQ9mvZUWn6",28,1.88888888888889
"R_3OkyjYR5SZifwam",61,3
"R_7dLy0brgaJOs2MG",45,5
"R_6R4J22OFC9o8q0E",70,5
"R_7A5Kgc0MW2cz7zz",63,3.125
"R_1AGqhJuB2IaFQs6",66,4.5
"R_7s0InSDe3lnUCnp",22,3.33333333333333
"R_1zRbOXXx1tzQlLX",57,4.44444444444444
"R_6ffSYaFycmTYmtL",40,2.33333333333333
"R_5YEc2Uv159rVeQd",27,5
"R_5d4XP8zmHb0m5bP",22,2.55555555555556
"R_669nkSOlv3wBeoW",54,3.44444444444444
"R_7IL6B1UXw2FVlvZ",41,2.66666666666667
"R_6Lhc1C2kjMmitWI",33,4.2
"R_6742DsGGWL4QLmK",36,2.44444444444444
"R_524ODNwDsWFWzTA",28,3.22222222222222
"R_1cbONxjXfVsnzkl",22,5
"R_5luvI4HBbRf3jZK",18,5
"R_5nPei1hJihcPA7z",82,5
"R_5SqLUCy97RUjGfE",66,5
"R_7LbRRhiUuqZUYZd",76,5
"R_3eJXISOkoyaz5S6",31,2.55555555555556
"R_6p9lAm5L0yx6hxA",31,2.77777777777778
"R_3osY4bY7HlbkYdj",55,3.55555555555556
"R_14ODayE1wS00hIc",49,3
"R_59IoJo8Fdai8kF3",77,3.66666666666667
"R_3nl5PkJlY9ahuFA",68,4.22222222222222
"R_7pMXB3YtBEF8grM",64,2.88888888888889
"R_77rFE7jqeUovzqi",42,1.88888888888889
"R_6kLlZ8XpHrrMljS",56,4.22222222222222
"R_3XCHrixRvnzEIeZ",41,1
"R_6FmGGJaN7iWmFRT",57,3.44444444444444
"R_3CJpnI8PvGM0Zam",26,3.33333333333333
"R_35WT2zCLepVgvxA",41,2.44444444444444
"R_5EmI6xkIwaiG9jn",82,5
"R_3036svhiBEqlWaQ",75,4
"R_3y89i5K57dpgqyp",33,2.44444444444444
"R_1ctvceW6zomIkvf",23,3
"R_7rUtJwn8H3C1q8b",40,1.66666666666667
"R_32JEHZq3RzZ4Nto",33,3.88888888888889
"R_7QES068hrqne6UF",73,4
"R_6pSs370wMOpamdz",42,2.33333333333333
"R_7dlBCFSIHjhGuoV",39,1.88888888888889
"R_7v7u804O1do8JoZ",42,2.77777777777778
"R_3pJuscKTj1aE2dP",35,3.11111111111111
"R_5j8QJ8StUWGvCW2",26,2.8
"R_1sBpsb1t7yTqPJb",34,3
"R_7v5G75JdqteFq13",41,3.44444444444444
"R_7JauBNP3YkZfep3",31,3.77777777777778
"R_5c7RQZnNnyPZFGI",45,3
"R_3j8Six3Em45Dkbp",74,3.55555555555556
"R_58JwpbZcnWQdNLz",34,3.66666666666667
"R_6O0Ir8po6pZioM1",44,4
"R_7EokfWdhbFIBZ3V",22,5
"R_3ZGGA1YCU3UEeeB",34,4.11111111111111
"R_600ZNw2cDG1akFz",46,2.14285714285714
"R_15Qp2NgjdtyevST",37,1.22222222222222
"R_1CJk8QTs4FtQWQU",38,3
"R_1EgsmO94cM3NoQo",22,4.11111111111111
"R_1cglLSVIpe8ODHH",41,5
"R_6v24CXpweJRHswr",36,4
"R_6q9is53h4r2p75M",30,3.75
"R_1QnBWuZkPjjeS5T",28,2.77777777777778
"R_6PTSN16tajK7cCJ",61,3.88888888888889
"R_7LA2Pp99nKxWICR",26,1.625
"R_1dbH32WReKMwSY1",60,3
"R_6PdxeCuiDtCqLYD",39,5
"R_6X1p7ebH1YyLar7",22,3.11111111111111
"R_1ZP1J31dfAEUj3O",40,4
"R_1hKVYXAzONaK5cE",58,1
"R_5P8aA8smwNXIHKQ",40,4
"R_7U5Uj2lJwoM3icM",31,3.44444444444444
"R_7nBGtUGmY6WCl3j",57,4.88888888888889
"R_7OAEcmVvLjrB8hi",39,3.77777777777778
"R_7oXClOiqb0xBaBQ",35,4.22222222222222
"R_3TNlTPzbw6QWSW7",54,2.11111111111111
"R_7LCilrLbKLlw10J",32,4.44444444444444
"R_7wtTUzizGty9AZy",40,4.55555555555556
"R_6CPUyWj0pIuKy1k",41,4.11111111111111
"R_3LjQJGjt9jJ9tu1",42,2.55555555555556
"R_131B8WwkD0JRngE",37,3.22222222222222
"R_1VFJc1zCtvbBypz",48,3.44444444444444
"R_5rctMKxCwWZK3j2",62,3.33333333333333
"R_1eWMvo6veC500tO",74,2.55555555555556
"R_7pnBlQyGYqw1zR9",59,5
"R_60vgu3tNXzF2xAk",54,1.66666666666667
"R_6dvqHZpXUlaynRC",21,3.375
"R_7fI9ffN5hsgjFxI",45,1.55555555555556
"R_3uTZek2N4pZyGo9",57,4.33333333333333
"R_6Ecg6bu8DgTSIpn",28,2.11111111111111
"R_1cisXZ7J4zbm2TD",38,2.88888888888889
"R_1qJrwK7xbegkZ2l",40,3
"R_5TRJj9gysWwagRG",64,3.55555555555556
"R_60B65z5OCwdVAat",43,2.88888888888889
"R_7L2dFLiTFr9Z8Du",54,2.88888888888889
"R_3tgOQinjNn0Fe8F",45,2.77777777777778
"R_7ILfNqekeYPRWMb",58,3.77777777777778
"R_5kA64f2ViDaTOkN",32,3.44444444444444
"R_6oQJa3qcIVqqNHs",37,4.33333333333333
"R_7xQQz2Gv0MeTtL0",48,4.11111111111111
"R_6M3C8VOnIBSe8NQ",64,4
"R_3DN4b78z9icPXsO",54,1.33333333333333
"R_1TMq0V6BhMjxkVB",26,4.11111111111111
"R_3EM7pVctRKK0gQ0",25,4
"R_5QpqlTWdbFrXXrP",40,3
"R_1xQpQOF5fURg5Ql",52,1.55555555555556
"R_1k0pDk1kxlKx2Rf",44,3.22222222222222
"R_7O3biGUNkVUWP25",43,3.22222222222222
"R_5EnLgCZb7qvZGWS",50,2.33333333333333
"R_6M51HS8CTtWfEDj",75,5
"R_573euUP6Z44TkRN",37,3.55555555555556
"R_394aNmund7RwGax",41,1.66666666666667
"R_7sd3IRm16exYzyR",49,2.88888888888889
"R_3SDG85pMwBbpY4c",27,3
"R_3NqqEXtCgPTPrqR",42,3.55555555555556
"R_1ihwlMQMjU96uSk",51,1.55555555555556
"R_39i99pOEOvZqRLj",51,1.66666666666667
"R_6LdrevTutOyxu13",60,3.5
"R_3fO1ZSTkPl43Dbj",57,2.77777777777778
"R_12zFZpZUmeidleZ",59,3
"R_6E4vFYNoKDb4lX3",51,4
"R_3Yt8VBwQcUFFQFS",34,4
"R_3Q0l3O4tfUlCqK6",46,1.25
"R_1BnsxzCauL8r5Kv",33,5
"R_6pBCZzzO4Lrzov7",34,2.22222222222222
"R_3G2L6JpADcx7r3n",53,1.625
"R_3eEcRuhCdONbZoB",40,2.44444444444444
"R_7o0g1Q0go7Upf4v",41,3.44444444444444
"R_6jigZYDuCcBjaMx",41,3.77777777777778
"R_6158gLnSgJrm5qF",30,3.44444444444444
"R_5jcZlIeIhOFAugG",62,2.66666666666667
"R_6LVJVHmWjRw5sGd",40,2
"R_6oHiIOqwBZ7DY94",36,5
"R_3Nsie04U5qMYB8A",63,5
"R_6w6vm4qs7BzO0Rb",60,4.55555555555556
"R_5jYvgIPSFtAGdck",47,1.55555555555556
"R_6Kx7sJtY3wNja9y",50,3.77777777777778
"R_6fd7CytQEy9f5cK",34,4.55555555555556
"R_5hAPCaVYKdJWTZB",41,1.44444444444444
"R_72Pfobu0sSi6dXX",51,1.88888888888889
"R_60xAjNorPIuB6RN",49,4.66666666666667
"R_5JK4uM5bmEUNQpI",41,1.55555555555556
"R_6TRzZhfwjHNIri9",23,3.33333333333333
"R_3M06XnQP8kmBhHA",23,5
"R_3fDnqAMM8Y0s7aA",42,4
"R_59deYtevhSfCWYs",30,1.33333333333333
"R_6qVQNwuNLTdJ6bC",51,1.66666666666667
"R_7JOpdPWkn10yyVA",27,3
"R_5h62bEIeq3HnAWR",62,2.66666666666667
"R_7OHlPW5en5U4IhM",26,5
"R_5dDZgkaBLh9qZU1",46,2
"R_3dSeGHraXUMIUuI",48,5
"R_1G3ZAn1x7QCCRp7",55,1
"R_5d7haYg1BeCdjlZ",41,5
"R_7cAs8iCk4jb2bv4",53,4.88888888888889
"R_7ClI89gXSqtHtc3",41,5
"R_58Y6ZxMC6A8agKs",53,1.77777777777778
"R_6JNYEo5xTVmtHi1",75,3.66666666666667
"R_3lj2sCrNODiJGBH",39,4.57142857142857
"R_3EZveZvj7sbUrUR",51,4.77777777777778
"R_6kfvtBlAeGfJwqd",36,3.55555555555556
"R_3dLmjaAOXPtVLz9",40,3.75
"R_1YRmONtjwazj3cd",37,1.22222222222222
"R_60N1uy1MBWOd2Vp",30,1.22222222222222
"R_5aVbehXPXwNEWUp",50,4
"R_7EkAeAgnOpSbyOl",34,2.55555555555556
"R_6tfCiztzFA4crSN",30,2.22222222222222
"R_6dMHEp9Fo5lhANK",41,3
"R_6v2hkl9vBSxN0cN",53,2.77777777777778
"R_3bIbodokIU8kLoP",29,2.55555555555556
"R_6gu8jW8KGhzkvcG",55,1
"R_6RuvibWt7BsJWMx",66,4.88888888888889
"R_3wFftcIxiJmhInD",36,1.44444444444444
"R_3tuvKkhCrESeJzI",41,3
"R_1YyeojBLYKuy4kF",65,2.66666666666667
"R_7gkcspQtPdL5Zuw",42,2.77777777777778
"R_3a9zVloY2CCgtpX",46,4
"R_6FKXH6Cl9Ecbjyg",55,4.11111111111111
"R_1hzPmbJUtxoLOy8",64,3.66666666666667
"R_3meHpSlhyNGB6Ac",36,1
"R_74GXtammFkzLKzT",63,3.22222222222222
"R_71RbNXbBoKcHJcK",53,3.33333333333333
"R_1JLAjjDpY8W4JmQ",43,3
"R_6ie5FcVECDLniDf",43,2.66666666666667
"R_125EZ78fHiz24tv",51,1.22222222222222
"R_6jfMaF3AOP7kAtr",56,1.88888888888889
"R_3fsqNKVx8BSMUgx",33,1
"R_6Pq355EcBU9VZZn",56,3.66666666666667
"R_3s1w8Fx9X77yuak",57,4.11111111111111
"R_1VKnzojRNhhYan4",55,4.11111111111111
"R_6nW0mWzwbAY5wQX",19,3.22222222222222
"R_5GWGuprLlwC17uF",40,4.125
"R_7GuZD27UUIru75f",54,3
"R_6OjBGcSEtXeGXEf",64,4.11111111111111
"R_1vbbE3lsKQIBw6l",42,3.88888888888889
"R_3LXc0zjdQfiI1hB",72,3.77777777777778
"R_7frnFyoYyDe9H0T",30,1.44444444444444
"R_3nDEC74WhdHOo6d",47,3.22222222222222
"R_3lQgAp8wxmgkv2X",41,4.33333333333333
"R_7g8HOU2G9QVRpvj",65,3.66666666666667
"R_51HV2dYiKZmg9rg",46,4.55555555555556
"R_1D71gAxXPUnmYI7",53,2.33333333333333
"R_1GcAi4fgygbGy71",32,3.16666666666667
"R_77UvVHmTT3Nout2",48,2
"R_5fZR0pGyv2pozAs",40,2.88888888888889
"R_3JmcvjMiznj7X5F",46,2.625
"R_7Xij1k2VnxdOqVb",64,3
"R_69bqghiLwu4hX6y",44,4
"R_3EyGRj3pAFTj4uj",36,2.11111111111111
"R_35GcNxPlFJK76zj",59,4.33333333333333
"R_5h2wPeuvxtKzIFr",33,4.88888888888889
"R_1i827Y1bz9kkPlT",67,3.22222222222222
"R_3QVndskGGCb3pst",55,3.22222222222222
"R_7XgnN5SUOlbRId2",42,4
"R_76L9nJc6x7ew3T3",40,3.44444444444444
"R_3op2JUslL6SUVFN",71,4.66666666666667
"R_1GxzvVwuNethM0f",20,2.55555555555556
"R_108GQWLoeydpSZR",57,4.88888888888889
"R_12AuKEO1z6Ij3DT",50,2
"R_6fQ5VCUtBeyw2W0",28,3.5
"R_1eOn2wzbz3fKxmc",52,1
"R_6rEv175oeQZ9ueZ",54,3.55555555555556
"R_6ffiP1OdXS23StX",65,5
"R_5PifORuLA2sKD5R",74,4.75
"R_7PaPbDcMdBg3Pxj",50,5
"R_5pzA9djhMEdFUe9",69,5
"R_7CxfzM72rAmc9a9",58,2.44444444444444
"R_6OFrLcvmkPFkVxL",57,2.55555555555556
"R_7pSlLklAAMQJwlP",29,3
"R_7zATM4HbfByxLy8",44,1
"R_3gZ44VUYdQcIcpV",42,3
"R_5b0N4ZLgJfgUNuw",50,5
"R_6KAgn8MwXF6arex",45,5
"R_6e4VycWEoiNDeo1",34,4.55555555555556
"R_7CBY8rat51G4cdg",23,3.55555555555556
"R_7QX5CBfsvGLmiBJ",46,3.88888888888889
"R_7TSQ7HIgbmRLRnn",55,5
"R_1EQbCsVrnt7pc0F",24,2.88888888888889
"R_5FrxISPrp0Byqdj",68,4.22222222222222
"R_6rrVJLxS802vsFr",61,4.77777777777778
"R_5fBQcfVWusSFIUS",44,2.22222222222222
"R_1fXzOFH8x5zjqsV",27,3.22222222222222
"R_7qeahTVQcE2OLeV",67,3.44444444444444
"R_50xiFWlfVjIzO2O",18,2.66666666666667
"R_1IY4dPdMwVEs76Q",20,5
"R_7RpWL4xnJSblYyx",73,3
"R_1pWRjvRsSeFhLCg",69,5
"R_1ZTGnEVZdWFmJou",52,1.66666666666667
"R_3IMjgADtveifz7V",33,1.77777777777778
"R_5PGDAo8yRBwCWKB",46,3.77777777777778
"R_6e4fBv0EdjfYdcU",51,1
"R_1ZOHCY1Ft4ZRKdf",31,5
"R_318FVpukKupXXhv",48,2
"R_6NQEs835FVlaStz",41,2.77777777777778
"R_6jO4yj4Wy5CrChm",69,5
"R_58Z1qq2JXSFwZyJ",58,4.33333333333333
"R_1TtlkDdfuemDlfM",57,3
"R_1GBW8XEG1YLTRok",49,2.77777777777778
"R_3QErNDPluUBbxPs",28,3.55555555555556
"R_5PTulUZzgKq1zel",52,1.66666666666667
"R_7hYmFscD8sxaoTL",30,3.44444444444444
"R_5fNoTyQ8HAyl29c",73,3.88888888888889
"R_3BnusjoIbsIQZ8O",76,4.22222222222222
"R_62JeR5Fx14d1hsf",34,3.55555555555556
"R_3BXcKX9L2ov1oMH",72,2.66666666666667
"R_3lI5avhct4jRjBn",35,2.11111111111111
"R_6IofMW2Vud0pf7r",54,4.11111111111111
"R_7MRiZC02o4nzKGt",41,4.55555555555556
"R_6oaDJdmiyWLQIXn",34,4.55555555555556
"R_6PctxZzHCBQ9vro",73,3.77777777777778
"R_5Pbl0a7oCdcsR5n",47,2.44444444444444
"R_5QfA769iZRmBgxd",66,5
"R_39ajXd33ZqgYP0R",34,2.44444444444444
"R_7iK008JSiTexyQV",89,5
"R_6dFhHSs6YmhJS9s",55,3
"R_1v7NSO8yVoJa5Z7",61,3.22222222222222
"R_7GP9JLFYBVG9rqk",71,4.44444444444444
"R_5kMT34W57lL9xVT",46,2.77777777777778
"R_1q1vzIeQ6x0g46i",51,3.77777777777778
"R_3pQXkHTIdempHyQ",57,3.44444444444444
"R_7qaPv73VpapWed9",62,2.66666666666667
"R_5cClzZsReSDuYb3",66,5
"R_3iO9viCIpPMG0HW",29,3.33333333333333
"R_7wXeaMA32NGpzTb",25,5
"R_6huLTqP5AP6HmYY",82,3.55555555555556
"R_1ETpEjr0vq5MX8o",35,4
"R_5X4LmxRqekAJiK0",54,1.88888888888889
"R_5Z6OZdItee42F6p",59,4.33333333333333
"R_3V7mIqGi6Gghe7C",58,3.875
"R_62rFiRccysLnWY8",50,3.66666666666667
"R_5iUd9WFXhIl7WKP",56,5
"R_6B5m7ZiVdP5DXsw",56,4.66666666666667
"R_7QJcB7595KMXGV3",86,5
"R_626bqQeXtGcW2au",56,3.44444444444444
"R_3P6JlcayRKV6Z6S",63,3.22222222222222
"R_1DtDv4pjlVwMCwF",70,5
"R_6mPjnlVrQACwnpM",45,2.44444444444444
"R_63fAXjOynaOGJSb",62,4.77777777777778
"R_5s6Yn6KUQoe5ARd",72,2.11111111111111
"R_77otsadFSyDjx29",27,2.11111111111111
"R_5lAAwoeo30sRZMy",26,1.88888888888889
"R_3TauEPZFkALTMYx",66,3.55555555555556
"R_7OA1S6UFl2usjEB",50,4.55555555555556
"R_7v6bbRSUqNGjnNC",82,2.55555555555556
"R_7Lj1FARICyUH38P",32,3
"R_1DGJgvxHQgdPz9L",51,2.33333333333333
"R_78tGRpdql9VkEsF",62,5
"R_7VfGbxKOlFl39rl",56,2.77777777777778
"R_5CfQJnkzCmGsoFM",59,1
"R_5iF4U0eGZJC0mUy",65,2.77777777777778
"R_3uVEyjUkNFgBMLq",84,1.33333333333333
"R_7kKWOHYKNjuUWMU",39,2.55555555555556
"R_7KpVaeKIYDsPY9N",25,2.11111111111111
"R_3dLqo1MgNhQkl7Y",30,3
"R_510Hn0hTZhWOxXz",28,4.88888888888889
"R_65aB6PdoWDktHcl",28,2.88888888888889
"R_7pRGQW0CgQhyBIt",25,5
"R_1i41BNsKR1SEr3X",75,3.33333333333333
"R_77Ll0Y7POHsBKUx",79,5
"R_31g8jHE5UkIeuZp",45,3.875
"R_5fxeMQVFR0GDa1G",23,3.44444444444444
"R_3n9Nq5JgvojVk8V",18,4.77777777777778
"R_6dt478XZdqEVJCI",75,5
"R_5bozT86wuhwcSQN",53,3.375
"R_5DHVqszKglnraLB",31,3
"R_7b6rkI7wuBGxQ5z",20,2.77777777777778
"R_3QgUoliueDMaAjS",30,2.88888888888889
"R_7T1cGrlwbycuPLz",62,3.33333333333333
"R_5D0wSCjMYn3wC2G",73,3.22222222222222
"R_5ckpgLUjQ5pql3P",28,1.33333333333333
"R_5Y9E6u9L3tQ0Vsl",45,5
"R_1pMxrGIdtx4BgKo",27,1
"R_7MJP6z4dWcDheP8",26,1.88888888888889
"R_6tsf83DpZ7HWiQE",83,4.77777777777778
"R_31Xa8EsDupzghaB",34,5
"R_35iO6lSttlga1jP",75,2
"R_7pJ8fFGxQC4Z0v7",68,3.85714285714286
"R_1CHoNHLmN3EYwCg",75,5
"R_72a0EcsJeoWz50b",49,3.88888888888889
"R_10TKw5ghdOX3QwV",61,3
"R_7KxzSjB69jgNk6E",67,5
"R_5K3hJ4U6vuKLRkf",58,1
"R_5oiMVHfb8vJc6fE",30,2.88888888888889
"R_1R8mhD2odKMLdOC",53,3.22222222222222
"R_1oI0oAUD8UqzoQQ",66,5
"R_1QMenNMhnOpFrSO",51,2.55555555555556
"R_7KNnmcqO9aWsMv8",43,3.11111111111111
"R_5JVxKS2X2zN0AyB",48,3.77777777777778
"R_1bV2utWGuAL16aR",32,3
"R_60Jc7DMGMpPMgsw",65,4.55555555555556
"R_5kiVuGors97Hy0Y",29,3
"R_7JUvDAXnjaNPucy",50,3
"R_1Qfbil7kqP5N29K",72,5
"R_5putefBubDvQAFX",49,3.22222222222222
"R_7JRPM3SBaciR7p1",49,3.66666666666667
"R_3wQAUwrr3UqbpCR",72,3.22222222222222
"R_6EZ2ssEh7iFvTaP",31,5
"R_7pdGUJzl1S6sdEZ",53,2
"R_6r0ywwcDT5TrT86",65,3.33333333333333
"R_3OYWqPwAfr1qpBp",85,5
"R_5FJB7MEGI0DCsti",28,1.33333333333333
"R_5004HcighHw4mZA",43,4.77777777777778
"R_7XdpyYmWZz0dGVJ",66,5
"R_5RONN77MncMOnTw",50,2.66666666666667
"R_331JOSSdJFH9ljB",59,1.22222222222222
"R_7CyIIvGAWqaGWs4",46,2.88888888888889
"R_6nrD2rHouzwVgCt",29,3.11111111111111
"R_7NcqGYmuI4Qz7IR",66,5
"R_1Iq4tCVUqzYBHpL",73,3
"R_1rNY9pEzDmufvr4",34,3.22222222222222
"R_3OlQwMJMDsWHb8c",63,2.44444444444444
"R_52nHulB6JD3DKQ8",75,2.88888888888889
"R_7F4esEwgc51c277",72,4.33333333333333
"R_3kO2G4bJ877mFlG",24,3
"R_3s3cmhFqLhuBoAN",56,3.33333333333333
"R_1oZzGRcwbYQtS2D",25,2.66666666666667
"R_3P5oIN4R1aB9Jnr",58,3.66666666666667
"R_3uBXSG96JHiqUM8",67,5
"R_6lo043ZlD1DYLxT",32,1.88888888888889
"R_3j7nX6VvELojsjl",20,2
"R_1oHEqsnqvdt0JGh",21,4.44444444444444
"R_7kFYsoJ5FeySFH0",51,5
"R_6q1ATFwe7gQV1Q5",25,4.77777777777778
"R_1q8NJhYEA6dfgxI",78,3.88888888888889
"R_1Rw7N8VBsqmLDck",67,2.33333333333333
"R_3esnBC1AZiWGOnu",28,2.44444444444444
"R_7p6K4l7wW490tDH",22,2.88888888888889
"R_6W04KyIx1w95UiZ",29,3.88888888888889
"R_7q9Xowrcdo2n3WF",61,4.55555555555556
"R_7eUF8Z4B5lwPdQ9",20,2.44444444444444
"R_5D2Agl4wb7gPLjq",23,2.55555555555556
"R_3ZCxX7haDAasrPz",69,4.55555555555556
"R_1f9zFflcWQyAnlL",52,1.77777777777778
"R_6LH5K4rucUoBSqB",71,3.22222222222222
"R_5MPQggN2bJRc35A",34,3.66666666666667
"R_5n3Ar4VO8Q2018d",69,2.44444444444444
"R_3B8kyocmJwnKCfD",47,2.66666666666667
"R_6qi3b2KpMzDwJXj",57,4.22222222222222
"R_6nf7AYmCp992bFn",51,3.44444444444444
"R_10uCwMs3kVvWZ3e",73,4.875
"R_6lZ3fW1zOlbou3v",68,1.55555555555556
"R_5N7Rl5RTeLvoFb3",81,3
"R_7JCk4m2qhxdSc1H",54,2.33333333333333
"R_510L5z4rr7L9Q55",73,4.55555555555556
"R_3V2RPRV5Pty8tV6",18,2.77777777777778
"R_7h0mWbdNTeuHFrv",26,5
"R_32AccpkcdmvaWJ4",38,3.55555555555556
"R_1hZNWziM3LydUhb",30,3.77777777777778
"R_1pNxkaSo62stObn",23,2.66666666666667
"R_3pMr8lKxfqWPgmb",24,3
"R_5FtUYmoDUO6fmKR",26,3.33333333333333
"R_32R01VDRb2NrMqp",52,3.22222222222222
"R_7Kf35iHbx2t6YSV",81,3.55555555555556
"R_3D2NR6wuNLQvp7z",39,2.88888888888889
"R_1pRd7T5wsarxRUC",19,4
"R_6YnVPMgFCB4tkSE",68,2.55555555555556
"R_1WHxBLz6bFQk9M6",33,2.88888888888889
"R_5b3jzPguij6PMw5",32,3.44444444444444
"R_53xbGxmkQ3pa82r",30,1.77777777777778
"R_1GBleHW0FdIq37M",22,2.66666666666667
"R_1ugw0Uv7584vrd7",27,4.88888888888889
"R_6V3aHkJOrI530X6",22,5
"R_5UfGx0TuoTMUsSL",71,3
"R_1HYNRVzkl3CNjRV",28,3
"R_5M3NQQMmOIFtCtM",68,2.66666666666667
"R_1y7ohWYW1EegF7J",45,3
"R_1OeNhHdTs7FuNBW",26,1
"R_64q5dGA7VsNPUDW",74,5
"R_3iiQnsTgoqDmgsp",45,4.11111111111111
"R_3DcMpx5i6ZugaB7",34,1.33333333333333
"R_5jRRgyBWdXY6UX7",60,2.11111111111111
"R_5zjVCay117qhL3g",50,3.22222222222222
"R_71FsG3bTOFQDdbb",27,1.22222222222222
"R_76aiU4yM60oWj8R",73,4
"R_1ind2b5LaVrHzsr",36,4.77777777777778
"R_1tNRhzyvNaa106l",28,2.11111111111111
"R_6c7iQaVASvbwlkB",21,2.44444444444444
"R_6ri74SgojxkltlD",69,4.44444444444444
"R_3ht1dfMqIlrsibX",77,4.77777777777778
"R_5YqQfpBMGDengkX",26,1.33333333333333
"R_5L6lUCn0KtdNa2S",67,4.625
"R_1jVct3PsGQxlSpU",81,5
"R_1Y5hKPrc34OGcBL",79,3.44444444444444
"R_3eIuIitneKkuP6p",20,3.22222222222222
"R_5QzzRuF3eGLrKOk",70,5
"R_70c0em1yDWch7HL",54,3.55555555555556
"R_1dWkxEyqF9KwAY3",41,3.33333333333333
"R_7K7lEAYMIEt9Sn8",25,3.33333333333333
"R_39s3I2iVm3TsnRs",48,5
"R_6fdASvh9Ofq1PZI",33,3.66666666666667
"R_1Qz9cMg2bopwmsN",66,5
"R_7tb1MzEqcBZm35n",59,5
"R_3g553cvimvRScIZ",66,4.25
"R_3FgqVP2csXBvutW",29,2.33333333333333
"R_3jdYcabncy2A7zA",70,3.66666666666667
"R_7LdVx718W0c3R8u",92,1.77777777777778
"R_3HryZYf0nsFVWzT",78,4
"R_5Oj3UxptW2q4FtN",68,5
"R_7UMzfXPqe288hEJ",78,4.77777777777778
"R_7wBhAmGpyloomFX",31,2.66666666666667
"R_5CMJNOd4zcn4ZS9",75,4.11111111111111
"R_6LMYcPToo44UiuI",32,1.33333333333333
"R_1nSESVOGtk777Kk",73,3.44444444444444
"R_7zSfFHzsvMVZt79",27,1.44444444444444
"R_1MnlzenEt2RnAHf",23,1
"R_1OlPl6bApkKUGvp",45,3.11111111111111
"R_7G13f87LuOHOt5n",67,3.44444444444444
"R_3MAnNkzNnRTw0iq",61,3.44444444444444
"R_6XZhgW0dlWToexX",42,5
"R_7ctuMNVhEPUAs0q",73,2.44444444444444
"R_5eR5w89y7jCKbci",67,1
"R_5BDgzD751VtJEB3",75,2.88888888888889
"R_7k6eAbsy9dPNAFz",28,2.44444444444444
"R_7feBxtK0YTfYaFU",30,3.88888888888889
"R_7NVPI54N2l196IP",67,2.88888888888889
"R_31nHY2iPhqC0Jxd",28,1
"R_7J7TVKpr43FF5BL",21,3.55555555555556
"R_625SMNotcX6MZEZ",66,4.33333333333333
"R_53KeCrysOdEIRIB",65,2.88888888888889
"R_3Pjkcu3I9Usb7P5",24,2.11111111111111
"R_7Le71MEm96uPs1g",20,5
"R_3dBghIU0c8RHtHA",66,2.33333333333333
"R_6dQrmdx4oKjorrH",29,2.42857142857143
"R_6aKz8MMJv7JjWZD",24,1.88888888888889
"R_5jTgqsZiAOAX1in",41,1
"R_6o6cSfbj8jwIuWx",72,3.33333333333333
"R_1dZliLB7ex2NfJd",78,5
"R_7hhjzrCr6ED8NLM",58,5
"R_7f1m6SzDZnrmGRV",53,2.55555555555556
"R_1LjVi6wghvQg2AP",57,2.33333333333333
"R_5FLRC6lQAkjRIbZ",80,4.55555555555556
"R_5CfjfaTubRiSLVO",45,3.44444444444444
"R_3aeFBnx4x9oakN0",22,3.66666666666667
"R_7EihsNqXOcaZBjV",68,2
"R_605KiPCvlNBv0Jb",79,5
"R_5irLHz23MNxIuz0",73,4.66666666666667
"R_399YMsyww7z6ZBG",63,1
"R_6objehY5y8Q5x05",54,2.75
"R_7yyyVOnq4iDAD3X",74,4.77777777777778
"R_7THpC8SiySNWyxx",75,4.11111111111111
"R_16eUscnLDEZAQuU",75,5
"R_32Jui9a7OgoNMop",75,3.55555555555556
"R_6R24qkzfR7xNP5c",19,3.22222222222222
"R_3gXIo4TmfSZpyBO",75,3.33333333333333
"R_11wFAwj20yWlmr7",78,4.55555555555556
"R_7ZWYW7KxpBn7otr",65,4.77777777777778
"R_7Ej5iA4uHXGe83A",31,2.88888888888889
"R_11nACxgaFpda7kd",67,4.55555555555556
"R_6s4WQqX73NCEE5l",24,5
"R_6flWI4h0Sko4G9v",73,3.66666666666667
"R_6HoSaZvWvK8SHjl",68,4.77777777777778
"R_7HTyhFJ7Mim0Ges",65,1.44444444444444
"R_3jksgZmMmXQniQp",61,3
"R_18I27txXjaTHvKg",63,2.88888888888889
"R_7YRHLSm8IGTsz9G",56,2.77777777777778
"R_52AdjWKjxMHXEAz",23,1.11111111111111
"R_6lKZFrGEdQFVeUl",34,2.77777777777778
"R_7PHRRKLEEH27y1M",54,2
"R_3qVvdS01TNK7LHc",28,2.88888888888889
"R_5VduhSppSHnzzop",72,5
"R_7Es8WCJKa0aLfUa",33,1
"R_71zOsWteV9VW79a",66,4.33333333333333
"R_1vljPg9bb34Mk6P",51,3
"R_1Mo5dlfsQhiC19F",48,2
"R_1HRIVVwgBz37A11",44,3.11111111111111
"R_7tCMBe4lndqQGhX",58,1.88888888888889
"R_1DtGQavBmrtbezn",48,2.22222222222222
"R_51H1q9AJvjWTZAJ",45,4.33333333333333
"R_1CBkEih1s63M6Os",19,2.88888888888889
"R_3EuzOzc0GTS27om",25,1
"R_5flSarVu9lqSVtD",74,5
"R_5qCYCCQB1grOqSh",74,5
"R_3q9yGe7HQ36ioUP",65,1.66666666666667
"R_6Dw6l2G9v2dbQd8",25,2
"R_3IShuOSYdjqprVg",68,5
"R_1ZdhoUCjXlkdmEx",73,4
"R_5YTw1Jk3puvpTLX",71,4
"R_5HoCxEHblHFcl6K",68,3.22222222222222
"R_6peFOBuoJzDrHmF",73,1.66666666666667
"R_1mlLN4lZgiC6DPg",78,3.22222222222222
"R_1qJQFOUXf0djAiZ",73,3.66666666666667
"R_3qqoRIHIZCxZUl3",34,3
"R_6ziKk1jv5ffs6VQ",49,2.33333333333333
"R_7hpN0bLhvX1SmBj",70,5
"R_6YEvfL5sIt0zZMC",65,3.44444444444444
"R_7Mg4gw4g7o9TVTj",80,3
"R_7ARM3yNiWlyy6eX",31,3.33333333333333
"R_76llUhkY4ZBX2Fb",74,5
"R_5gwKDjVfYeEQMpo",71,2.88888888888889
"R_7lt3sD9bGfcbqOE",69,2.88888888888889
"R_7M4bVVnoWKOOEox",66,4.11111111111111
"R_7lHskodJJvq7tRf",71,4.55555555555556
"R_1ZzsIIi9fCfkfYd",30,2.875
"R_7WAnm2v3wVXJmQw",67,3
"R_5SidI7cJePLLJqQ",61,5
"R_51Yq1KLnPMcczCd",74,4
"R_53TWoLK862d2ywd",70,1.66666666666667
"R_3LYAjD4Z2yn0f4X",82,2.88888888888889
"R_1TtTLB80UOAARCX",34,3.22222222222222
"R_1qfEbROPaPpq2Kb",64,3
"R_7YajsO5NW26cI2m",79,4.66666666666667
"R_7hQelhX7haJL1rX",68,3
"R_7wyln8QQvkbpqSJ",65,4.11111111111111
"R_1P1nK7w1xnIyzAS",65,3.33333333333333
"R_3ssKsFRoTpWhM8e",72,5
"R_3pMfpUTFK0nLjAL",49,4
"R_5uyPpt88WXHtEaT",63,3.88888888888889
"R_5smliFoVMmIHucf",72,2.22222222222222
"R_7lLyxaeIr2pv9QK",83,3.11111111111111
"R_5A0QiqIZbOCb9QB",71,4
"R_1RZZCpRh58gkwjH",74,4.5
"R_54Qq8NojJBHtXbz",68,2.22222222222222
"R_5IbousyW7FXJ6w8",70,1.44444444444444
"R_39VZofsjVoZOHcd",76,4.22222222222222
"R_3CekOxem91WfYPf",70,2.33333333333333
"R_5VLb0s3463cdvDX",68,1.77777777777778
"R_7puU6U6lb0YvgGJ",80,2
"R_5wbOYHKhLNj8m11",34,1.55555555555556
"R_7EiZ8fnxCdUuVDf",66,2
"R_6mftsZk251NLmbn",48,2.44444444444444
"R_7BxGlyhqTB1k1VI",77,3
"R_7iQFBkw6dOHEDja",72,3.44444444444444
"R_3DwEFIE1l1yP2KG",68,5
"R_3VO0ES7KO1SbobJ",20,2.77777777777778
"R_3DX1xSixIPrTIR3",34,3
"R_7svpCUW1vkBaF9f",72,5
"R_1OUvS9tAUGHugjZ",72,3
"R_1lrEj5IZHDDSAwN",70,4
"R_3rGhiVz1RjjPa3w",74,3.44444444444444
"R_34vislJ4P6YbCbe",75,5
"R_6SRLzvzcknCtLlT",67,3.5
"R_7gRgkUPuxDp9QOd",74,3
"R_7Nb83AJCetdKoWB",66,3.66666666666667
"R_7Ad7FjkcQauIULv",60,3.22222222222222
"R_5flnz9yXsvsN74L",66,2.66666666666667
"R_3E67fFGGKSOPjv5",77,5
"R_1TVhq9lO1jERgQh",57,3.88888888888889
"R_35nhhZtohmFss8h",77,4.28571428571429
"R_1jk72t4eA4vSj0f",79,5
"R_7QgmjWthZFwReWp",46,1
"R_34GXhuUyMxezZ3M",36,3.55555555555556
"R_6g77J4MKO9966og",87,4.77777777777778
"R_565dDrKO9RHEPYZ",21,2.42857142857143
"R_3gAZkW2LK56aFTX",68,4.44444444444444
"R_1HNaAP31R5A2pWp",67,4.88888888888889
"R_3fAC2nbskJJCAaL",51,5
"R_5LYcwaZVO3HCO8O",67,3.77777777777778
"R_6JXcxmGVYVwBzfN",73,4.11111111111111
"R_10N84LY1lBFtKhP",51,3.77777777777778
"R_5DIsWP269IytULr",28,4.88888888888889
"R_73WB25lSa4xZ5U5",38,1
"R_3e2PDryIOLz9W7P",77,4.22222222222222
"R_5wzPRywLbec7AFG",71,5
"R_3nMNEPRTMP4GCNr",71,4.55555555555556
"R_1YXqUmdQpKRH40M",72,2.44444444444444
"R_3fiMzbXEwdu0LQI",70,2.66666666666667
"R_6BKZCOFjlx90lO1",74,3.83333333333333
"R_5IpblTKCUFuacoe",70,4.44444444444444
"R_79s9dmSGJRk61kl",77,4.44444444444444
"R_6zbRbhkgzpimuG4",70,2.88888888888889
"R_5DfQBOfxB4GLD6F",72,5
"R_5e945eh1NnpcK2O",69,3.55555555555556
"R_71bZUMBCHBCL7LO",46,5
"R_5pyS79TjQrgo4H7",45,3.44444444444444
"R_3g0zzsVZXnaMMhV",76,3
"R_6cbCe176ZvPM3wC",52,3
"R_7wc6bhfFSv012mJ",44,3.66666666666667
"R_3P5GZ1NVg4kYiqv",57,4.11111111111111
"R_1THm8Xr62sdj5J2",77,2.55555555555556
"R_5t0xjxbpnkxVYjf",72,2.22222222222222
"R_12st4QxNCTE9JFp",73,4.77777777777778
"R_111esFhYlRJwKSN",24,2.875
"R_7PXmp4E1jCQ95Y7",71,3
"R_71cuK3hJQrfW7We",19,2.88888888888889
"R_1HOn99epxeW8SBu",75,3.33333333333333
"R_5OcqSxJRfHQadDH",61,4.66666666666667
"R_5urLP7RKnCvLs9S",48,3.55555555555556
"R_3UurLTPSqNDC6AN",71,5
"R_1DMdNI1Lnb94L4D",65,1.77777777777778
"R_5CvyDUielq3npmB",69,3.11111111111111
"R_1E1Pjin3wFnLkch",32,3.125
"R_6381G2mxqPCfKDm",81,4.66666666666667
"R_1Wn7irTssPnzj9L",69,3
"R_34232ZR9XQfqPVD",54,5
"R_1wEqOSec8gXY1k4",49,4
"R_7rBcdJrlMnETBhh",62,5
"R_5fvd2J4dAHE01aI",72,3.77777777777778
"R_7gYJcFxvLEtS9eP",75,4.44444444444444
"R_7ScpB2Ap6IUeYZv",69,4
"R_7OJdzPVjeURVveT",68,5
"R_12Yr6bn2E98uVft",65,5
"R_1HYqYlytdSSVV6P",30,5
"R_1EEVM93LpPOwZSp",72,5
"R_5kmGnY3GsL1aGgm",51,3.22222222222222
"R_1eiD8JEKxuW8dr3",28,3.55555555555556
"R_1xZ5pQdhg4syhYB",74,2.77777777777778
"R_5CqUsIBgI3swqFP",76,3.11111111111111
"R_6w5HV1JWp7C7eBY",48,1.33333333333333
"R_3M3TJgOkXGE8gw0",25,1.33333333333333
"R_3fBqFUT9IyXBmFd",64,5
"R_51ocbzApZ38kd1e",65,4.88888888888889
"R_7Kln27BmksX6HkI",63,3
"R_6mDiAkI5W8yZk8L",54,2.66666666666667
"R_71zvQ6LqpwD4Cre",34,4.33333333333333
"R_3gUOwqMHPS6ZBdm",39,2.33333333333333
"R_7DzPwmIaTNv8sGe",55,4.66666666666667
"R_6fiJnj5n47PH41j",47,2
"R_6VywlPoX3JM04Ph",26,3.66666666666667
"R_1lBOwa7lgBj9AhH",72,4.77777777777778
"R_7c8jyRq6Tl1GLnm",61,3.33333333333333
"R_5VVcwBHhAtZny0x",22,2.77777777777778
"R_7NwjRytosXl80vX",26,2
"R_56oHJv1bmkucdLb",72,4
"R_7dnUoR8oKwgoTDt",71,3.44444444444444
"R_3B8sO7LZe5qsJlg",52,3.33333333333333
"R_6rGJMDYx41KHt17",55,4.66666666666667
"R_1Sc41VM9dWzkYG8",63,3.44444444444444
"R_1sta8V6YT3lmh6x",61,2
"R_5tRfU0Pr5vepA8F",56,3
"R_10T5oNpVmZ0JdYJ",62,1.88888888888889
"R_1zOANT8WZ93T8jb",54,2.77777777777778
"R_5QJZGCrGXickOBV",26,1.88888888888889
"R_6kLzlJh3PZbl5bo",70,4.44444444444444
"R_7gXxWuFSf7iDr4V",49,3
"R_1o1QkdylwXg4c2R",70,2.44444444444444
"R_7qOJu3eeM7HCp9X",33,3
"R_5FSeHthZdG5HrG3",40,1.33333333333333
"R_53jzuhlEKehIWWG",65,2.11111111111111
"R_30COC1nCsG6odIg",36,1.77777777777778
"R_3YmSlKaVKu9eBdq",75,5
"R_6e2mo0vmRalp8Tg",75,3
"R_3RRoIYzJh9zi18N",56,3.88888888888889
"R_6lFmVaN0LYHAESt",82,5
"R_5YE9GZA1YQTq8FX",83,2.66666666666667
"R_1TXCPBYX5r0H9Mt",53,3.22222222222222
"R_6VrNst4sZ7xIC2g",69,5
"R_5Y0ownJQEByoiHL",87,2.88888888888889
"R_3qLit0Sw6WmXJ0B",49,5
"R_3heRNfoP1NGNM4N",62,2.11111111111111
"R_6uKCUhXuYOeHNQs",28,4.77777777777778
"R_1RLcs9QIAjJshjP",22,5
"R_5rUsINVSa4atkTs",71,2.88888888888889
"R_3HC9uixPt0w4Ya6",41,3.33333333333333
"R_5YPnPNv1lxCrI0h",38,3
"R_7LFK3jk6fwUY5zk",63,5
"R_6sRL4XqQ4fDgZoS",61,3.55555555555556
"R_5R3hQDqttxZsmSv",66,4.55555555555556
"R_6qEJR65VKjKXHzA",38,3.11111111111111
"R_1xM1SAS9pXzcEnA",67,2.55555555555556
"R_5xRBq6W4EKZGmdU",42,1.88888888888889
"R_1MaIlMUqgv3qmh4",36,1.77777777777778
"R_1HdAKVwvL2aTxpB",43,3.44444444444444
"R_7Td1CEctgS6oX1n",25,3.66666666666667
"R_1s60HlLTFIJ0S0q",68,3.55555555555556
"R_5bWrupOWAWkHkzB",71,2.33333333333333
"R_7VsdnmsBiodjgdy",50,1.88888888888889
"R_5CfiedqHqaVElVH",66,4.66666666666667
"R_5EFdWfJJYaGhM2j",30,2.11111111111111
"R_53hnZ4xLcDdcMMN",28,3
"R_5EjNvMNosLGWJwZ",52,4
"R_7qCbGmEyTFYCDp7",44,4.11111111111111
"R_5YLgfzbJSIVgPIM",53,3.33333333333333
"R_5wQTV0E0Xa75gZQ",44,2.33333333333333
"R_5255ZAtrHbv7iQv",43,3
"R_7qeNABIQdg5hhNi",57,3.11111111111111
"R_1wQrE0ibWepVUzb",56,5
"R_1hybLEFWU3Xvy4O",26,3
"R_7PC2b1yLz828qge",72,5
"R_33ZY6L0akDulQkr",28,2.77777777777778
"R_1Ca7uGvtW5BspZp",44,3.33333333333333
"R_1BeZw6VAGpduwg7",61,3
"R_3KGgkYuHtMy1NFn",67,5
"R_6ScbftqZcBWi61n",36,2
"R_5pYdD2IfWl8lby1",60,2.55555555555556
"R_3W9W6jVK9wNxIQh",36,3
"R_7mmB05q0RJfcguc",30,4.44444444444444
"R_35AfRH31fwarce5",79,3.33333333333333
"R_5HBHou0OAYwsa3v",35,4.33333333333333
"R_5nHumBZfth0FaMA",27,2.77777777777778
"R_5aWRSxagbMBWpsy",33,2.66666666666667
"R_199AWhsT1Z6C7df",33,1.44444444444444
"R_5lAngiRInXL4dQD",67,1
"R_5fqyzMqGOy8qpGx",74,1.66666666666667
"R_5AMgKhq7BR2SA25",63,5
"R_7WNh1kVvNsQzUqd",45,1.88888888888889
"R_3SIXU9YrUzczPgP",74,3.44444444444444
"R_1nq7xNSAhfZblj2",29,3.875
"R_1SxmpWejlqpx8T4",37,4.22222222222222
"R_5Olw0T6xEcLAjTP",56,3.33333333333333
"R_5nOc8CHv30yRcmg",65,4.16666666666667
"R_7f0Ow3x5oD4OYDm",59,3.66666666666667
"R_7aWCeW846kDZ5ZR",35,1.33333333333333
"R_7mtKIuvToqRpAOJ",34,3
"R_51XxvS3U8LInqJ8",35,2.55555555555556
"R_1Ug3FWmnQB49cT3",67,3.22222222222222
"R_5dF6cc2A7DB6yvh",25,1.77777777777778
"R_5c7cpC12tO6ohZe",26,2.77777777777778
"R_5CazarP6EnXmvkJ",44,3.33333333333333
"R_3DMZNYpXW0jNcTH",40,2
"R_7zu2nkQ3nZrIYpk",44,4
"R_6G7jqm8fYA5GHbf",44,2.88888888888889
"R_3ltwwUHry4yMMix",42,3.77777777777778
"R_3BvI4rgaOqT6nfz",62,4
"R_5qlEb8ZybBoVhGK",35,1.33333333333333
"R_1imeQXEfwe2JOdX",32,2.66666666666667
"R_7jfkgBKeZbNBG1a",48,1.33333333333333
"R_50zG7epKHKJcznj",44,2.44444444444444
"R_72seIyKSXOeoRyN",74,3
"R_6Kdx2UHwZqQVwtt",47,1.22222222222222
"R_5sB73lBZ3VIy9fb",41,3.88888888888889
"R_1UL1BOTLjJwuD5v",45,2
"R_6weRgH16klSt7vH",41,3.11111111111111
"R_1eR9X8bNB3s5VOa",42,2.88888888888889
"R_1cvc0bUqtTVOx71",27,1
"R_7HvsDpYb0kTourv",34,1.11111111111111
"R_6xN2Uo1WcpYx3oJ",37,1.11111111111111
"R_61n0oQH0zS9owq3",47,1.66666666666667
"R_5zJi1o15A6uRwW2",43,1.55555555555556
"R_5doQm8PS9Gnk895",42,3.33333333333333
"R_3KtWcVFOqgJPcvT",33,5
"R_6PnksbVvdvebpxU",37,2.44444444444444
"R_5e3n69x8vVAr4X3",38,1
"R_7f3iBy1Lc7gujTn",38,3.625
"R_1hIkMxDPPZfOopP",41,2.22222222222222
"R_1qmCX6neg55rHwF",63,3.66666666666667
"R_7n7U4dO7QNFbueJ",38,2.66666666666667
"R_67dpO3cqMw5GRFv",38,2.77777777777778
"R_6DG6veIHwDFmItT",70,4.11111111111111
"R_78kQomdNU7CW15T",43,3.33333333333333
"R_316GUav2qCHTRci",55,3.77777777777778
"R_6ZJ6AHGoU5K7FAG",42,2.44444444444444
"R_7NwWVt9l1ldJdjM",30,3.55555555555556
"R_7fxXVmJlBwedRxh",42,4.11111111111111
"R_61bVL6T5yQA0889",35,2.55555555555556
"R_1KroBNOLfMnNJ65",43,2.88888888888889
"R_7XsuMDHV7EaHNdL",22,2.88888888888889
"R_1f2pWdYriDooygl",32,4
"R_72XsXyLsjBeVYFu",50,1.55555555555556
"R_5LS5ttfO92DdyvW",39,3.22222222222222
"R_648g11j8aTLYVI8",41,2.88888888888889
"R_5P6HWjqJ3KfRqO0",43,4.66666666666667
"R_1XXdO6VbQdBUF6p",42,4
"R_3Yzg26zZM947G7D",43,3.66666666666667
"R_7EohcU0W4FTI88r",36,3.88888888888889
"R_7jDzAyRC5kj9zH3",46,4.22222222222222
"R_7PocPY44DNN8yh5",40,1.22222222222222
"R_1Bl0IGOV4LMY7el",35,3.66666666666667
"R_3HKYOs9aWqH6Ehz",38,5
"R_5dX0oT3U38AQL0w",37,1.66666666666667
"R_5JQqbTVDTQI8alz",63,5
"R_6JkGAkMfnkjvDGF",63,4.88888888888889
"R_5gRXIpZEc2xblNT",39,2.88888888888889
"R_6WZo410ZrmOMVqd",42,3
"R_3GOTrzDszSPPfMJ",43,2.66666666666667
"R_7xEvcZo0dJJYCt6",30,3
"R_1qleFuc609vy9Ir",43,4.55555555555556
"R_1a9aPB9vclzDfkT",51,4.11111111111111
"R_1JV1ixYbVhabesi",44,4.77777777777778
"R_7jW6sR2l0Xei94l",40,4.77777777777778
"R_3rOypStEtbIoe6l",55,4.33333333333333
"R_7KTTlLAcReeFEtj",44,3.77777777777778
"R_5NFj0QzxxJhSVC7",58,3.55555555555556
"R_5PEHEqtVyI0Xvz3",50,1.11111111111111
"R_3CUiRwVnHOyVNqm",36,3.55555555555556
"R_37I58uaS00RmBxH",43,4.77777777777778
"R_500FsDsYIT4M91Q",46,2.77777777777778
"R_3RGykuy0FmSFprr",43,2.66666666666667
"R_7d6pXHm80co3Ug8",35,3.44444444444444
"R_3LzIdkT0CXSSKSb",40,2
"R_3S9nTG1ojAIlBfy",39,2.22222222222222
"R_39TlowXo2Cf6kZb",62,5
"R_3SwdRn5Lbbd8NCL",46,2.33333333333333
"R_5pE6jmhrUnNQ5dI",32,2.33333333333333
"R_1CBAX1YKNpZ53sZ",43,1.5
"R_7JW14L2XrrkffZT",64,5
"R_32Dl1BvA6WKvfLz",55,2.44444444444444
"R_3NygooAyOs3ryUN",43,5
"R_68Tv6ICcZvCY42R",60,3.8
"R_5cuDtpel1D1u1LX",51,4.33333333333333
"R_6cikEhrp4a7oHbv",29,5
"R_6fcnYce35KlFyVw",27,3.88888888888889
"R_3KlEzo5fMC87GXx",44,3.88888888888889
"R_30oWk37pZEzLwuF",44,3.88888888888889
"R_5eXP9btCPj5vC3G",39,2.88888888888889
"R_7zir7MpMGJ53sNo",57,1.77777777777778
"R_7CN6eF7TqXu3bgJ",32,4
"R_56ZKirFDBrJaMVP",58,3
"R_1OCOLmKq6ZpcDCq",44,1
"R_1dh8sb9GbjGgatz",46,2
"R_7q8xjSMBAXLWEdK",36,2.75
"R_5hNoZaIl6CtFwNe",33,4.77777777777778
"R_7uR0hlQIWpgfgN4",38,2.66666666666667
"R_7YtEiCpbBzyT695",39,3.4
"R_5NUiGQGoDLl9XAl",26,3.55555555555556
"R_3GV4R1rsyNkkOdR",25,1.22222222222222
"R_5diLYMWl3QTVCIV",20,2
"R_5E8cJUFGmEQCWSl",41,1.55555555555556
"R_3ydz75EeNvPCmVp",40,2.66666666666667
"R_7hLHE9n1SKCNqFP",45,2
"R_5Myevn59GuY778S",36,2.25
"R_33dasdkF3vm9i6x",50,1.55555555555556
"R_6ke78Rbo2QOEiI1",61,2.77777777777778
"R_3GuGsafJDRFWLPH",41,3.33333333333333
"R_7QyiXlk1Cn5LBFk",35,3.33333333333333
"R_77V9UhtJDVgezyD",35,3.77777777777778
"R_60Gg9jW0CGPVJyf",40,2.77777777777778
"R_3zcxIZIHQT2HqfL",38,2.875
"R_64AgRm9HG1T9x4t",39,5
"R_5QGkHwiijtfxH6Z",61,5
"R_3lVXnOz4hIDukGl",41,5
"R_5bOdTVINRtENBcs",37,3.33333333333333
"R_3qXsTHqZT16QkRS",44,4.77777777777778
"R_3aQNViGeHl6t9OO",38,2.66666666666667
"R_1fBLiqVSuT4gcbP",56,1.22222222222222
"R_1EL7HwMZBZ7g0pK",51,2.11111111111111
"R_6f8ktW0nXCKVqDB",38,3.11111111111111
"R_7HpmFQIB2zNYSN8",40,3
"R_1j9r8iFYCJNDAks",42,5
"R_1dLqlrLWwdNS5B7",27,5
"R_1zTQEFJshdBb9IZ",38,3.22222222222222
"R_3q2z9RHUyR5wCTq",61,3.33333333333333
"R_7HboUqZ3RxuuRGw",40,2.66666666666667
"R_5fqHnXwI1VD5U44",41,3.33333333333333
"R_7ozkVfQfVbHVQga",38,3.25
"R_7dMq0vso5Orlmel",43,2.875
"R_63EAPIeTMMCK98t",37,2.875
"R_3U1BocTktSx120h",39,3.22222222222222
"R_1MhrYXB6uYp46da",21,4.44444444444444
"R_5Kg9fXFPH4aZG2b",35,4
"R_73SH92OxcVV01Ql",40,1
"R_3PujYoALuVHF445",31,2.55555555555556
"R_7kCafuoTmamkMZB",48,2.11111111111111
"R_6pnBQGg83fNjqpb",64,3.33333333333333
"R_3GNeSBrwkKUoA7a",54,3
"R_523mlPRUysd8i6p",36,4.25
"R_5qxTBfKuSwaRNew",38,2.66666666666667
"R_3ZQtbHNrgqdG3Lm",60,2.11111111111111
"R_5E7ihePwRri85Qy",42,2.66666666666667
"R_5aW75qCPUVBFHdH",40,4.11111111111111
"R_5W5rae4j4fbnIm5",63,2.55555555555556
"R_30SkQsF6Lzb8OT8",62,1
"R_7fT4g6QZXABQzLM",32,4.88888888888889
"R_6iJAIjerJszTsZJ",28,3.22222222222222
"R_7gAOEogEcBkUtGv",48,4.25
"R_5fVtnPj9NJiMLOf",24,2.33333333333333
"R_30uCfLO062evU6B",19,4.88888888888889
"R_5dLtwaEu7hkd5XZ",45,2.66666666666667
"R_1JbiiOeR2GIfeJm",26,2.22222222222222
"R_54OBw2y9LSYLKIR",48,4.33333333333333
"R_6y0jKRNy1uj4DuN",33,3
"R_5hupwuRgeBifYZL",45,2.44444444444444
"R_3lxZfaCzYmdvZpC",45,2.88888888888889
"R_5SJLYffJzsNn28I",48,3.33333333333333
"R_7qQDpWMzJYVIAAW",53,3
"R_7Pc1zEeS3b58Cvt",64,3.55555555555556
"R_54nPrXSJs92t86g",26,1.33333333333333
"R_1Jf8UCiW70Q1kdP",51,3.22222222222222
"R_56974uGR1rAsr61",49,1.66666666666667
"R_1R2zQBRkfsvCXKr",53,2.57142857142857
"R_3o1h2eTx7oegtc6",58,3.5
"R_10hE9qZXiadIz84",22,4.33333333333333
"R_7rN0oToVF5wK3tf",32,2.88888888888889
"R_1irOksjMmj09YqM",48,4.88888888888889
"R_1hgyZogsGwQIIhL",32,4.55555555555556
"R_6I3uBVGPUCWfZAd",65,5
"R_12li5nVD53UZfzH",58,4.22222222222222
"R_6OqziixbghATEvh",30,3.88888888888889
"R_3Xp12g7AatpGVuB",57,4.22222222222222
"R_3aKhSyVq0IbP201",46,2.33333333333333
"R_3t1vJFc4pGunwRz",24,5
"R_3zytAFCKOIWu7Zf",26,4.33333333333333
"R_1653oViIag9lTTb",70,5
"R_3tSHa4O2f4NjsPv",47,2.88888888888889
"R_74ZNyGRBwFGji81",24,1.55555555555556
"R_3ouL7611O4LjRTc",59,4.22222222222222
"R_3r8SuP1vcMqR7xf",55,2.33333333333333
"R_7roz4FZstqsrOiE",51,5
"R_6xM21JgcFNItFqP",23,3.66666666666667
"R_7S921XZNsyZUPK4",64,2.77777777777778
"R_1eqKfP34Ornkk0J",55,3.66666666666667
"R_6qTULTYKATNsmU4",27,1.88888888888889
"R_7vhQs6LqnSiDrOL",34,3.33333333333333
"R_6cZF8qDbcEy2WyB",52,1.55555555555556
"R_7P7rM6DjI14fXmu",52,3
"R_5j8NPbI3zeyH380",46,3.44444444444444
"R_7q9jYCLc7pMJRc6",56,4.11111111111111
"R_1eJd8QpIoUSzLMR",23,4
"R_7fPjtOTzB82U8vv",30,1.55555555555556
"R_6k2lUWP7YLmZl3T",64,1.22222222222222
"R_7JdHeq9qNcZ5ikp",32,2.66666666666667
"R_1Ke6clVuzJGvZVS",29,2.66666666666667
"R_7jvVWL61Gr86WoF",53,2
"R_1wn27F2a0DL5Q68",62,5
"R_7dMEy37cAL7arQh",64,3
"R_76uH3lYbId97BEB",45,3.125
"R_6Mw1bq7P7EGh2dr",30,2.88888888888889
"R_5o5sjegFFmFkKpr",26,3
"R_5ohqhicMvh74SfT",62,1
"R_77WedF45xdBPM09",62,2.66666666666667
"R_6tcbdMtMaa2tB9Y",27,2
"R_6dnSVZNX9PbD68i",51,3.55555555555556
"R_57p1qgbOrVpBnUL",46,4.44444444444444
"R_1oBwiF68z8IQTnn",63,3
"R_7vS110Q6zeYknO9",64,3.11111111111111
"R_3KycQ77BGxqT8XP",34,3.33333333333333
"R_5cSNhnKna8rXGAt",24,2.875
"R_1n0r5mCkWwRZyDo",28,3.33333333333333
"R_5EYYlxJBVAzkeaJ",27,3.66666666666667
"R_5EbR2xdvtYK0C0g",49,1
"R_66go97jXClC7Mm3",51,3.55555555555556
"R_7FhUHhTiCPbhRUR",61,3.77777777777778
"R_3KUcnRO2DLRGsHn",43,2.66666666666667
"R_1gGXycZwMpnCFX5",55,3.625
"R_54paf7nwvJWwuM9",30,1.55555555555556
"R_124upwFzdJ4gtJz",52,4.66666666666667
"R_5u3uuMCJDPeiMb7",37,2
"R_7p2SfGNWcnyzSey",45,3
"R_7CkcEZKjFEkAcC8",47,4.66666666666667
"R_53NxxWA8NCc0iFH",30,1.11111111111111
"R_3O2hMw9iAtfelg7",48,3.77777777777778
"R_1ESTGnUemD1A7LK",24,2.33333333333333
"R_6D22MY1gVtprCm8",52,2.77777777777778
"R_3ZHPmAhPYGONzSF",61,5
"R_6NTYak2Z8HwNKM2",61,2
"R_72hESwY2Wcn4iXN",61,2.57142857142857
"R_7xDdBkZ2NYFP5M1",46,3.33333333333333
"R_1e4DOTRURgCBuI7",64,2.22222222222222
"R_5VOzkDFfUemhf3y",63,3.22222222222222
"R_6nugplNNTEOv1tL",48,2.11111111111111
"R_6JP0BKZVeEo6kVV",25,2.66666666666667
"R_7l3GQZvBqBNVULw",72,4.55555555555556
"R_1yRbKG7eRqYgfWp",58,4.66666666666667
"R_12nHGoWD9dRMfZV",32,3.66666666666667
"R_7kGXA46TaTOxBV7",54,2.11111111111111
"R_3oRfnxQetQ1gIrd",34,2.11111111111111
"R_6z7TgrZqFz6DoNv",50,3
"R_7spSYVoh9Js8KpX",52,2
"R_5Rs8vZNTv96Gt1V",59,4.55555555555556
"R_3n9SNPcpOaUX0SB",54,3.33333333333333
"R_5PXi17gWsUcdu5t",37,3.22222222222222
"R_3ZAE0ZXdhnJk6yZ",57,3.66666666666667
"R_3Jw1IlfnCeEOZqD",47,3.44444444444444
"R_1WxpEVXrSFoOhVV",45,4.22222222222222
"R_3kNbLGPLtfbHswC",55,3.66666666666667
"R_3pLwzl6qTwOWwLg",32,4
"R_1tck2njinVwTgit",45,3.88888888888889
"R_6VmvjBlYcMUKhax",43,5
"R_1CDUop4Nv6ZMbmt",60,3.5
"R_6DRXcU9jLSioDWv",30,2.44444444444444
"R_3Vgx5nUtjJfEg3j",58,2.77777777777778
"R_7sMqnSaKgGPdxn3",59,3.77777777777778
"R_6lhR9P4sxEmKr8l",54,3.55555555555556
"R_1qganouq1K9U9sF",24,1.55555555555556
"R_1mgBCiuQ9rHJuzq",56,2.33333333333333
"R_5hDSvhhtUuWkHHs",26,2.66666666666667
"R_11XEamyOBSQ5z69",52,2
"R_1FJwq7f1BoZBfPS",62,3.75
"R_18GxY03MEk4s1cS",58,2.22222222222222
"R_5ZV0ki5AqHB0BpO",46,1.11111111111111
"R_1f6US2qun8Y3Ruv",57,4.55555555555556
"R_1ssSS7FaJstc52W",60,1
"R_7rJRakaRj8ChZCJ",61,2
"R_6wdFpT7hxqtwvis",58,1.88888888888889
"R_1HqSD0xoR7SMQYw",37,3.44444444444444
"R_7dQwCCTKCMHgLvJ",35,4.88888888888889
"R_7PqamXgc07a13Tl",30,3.44444444444444
"R_3YslJHhDKvF4uZI",52,3.44444444444444
"R_1K3C2A5EYtK5shP",44,3.88888888888889
"R_710tCeFSKKBbAtE",58,5
"R_1811pidDQbbTC3T",60,3.11111111111111
"R_7zciEyNYQymPDeE",41,5
"R_5fVKe8YX4MYPB08",26,2.88888888888889
"R_5vjsmxQXWnWPTBp",25,4.11111111111111
"R_1muhIQzjNNOOnNT",35,1
"R_3LBsLxmVcJQHfvr",49,5
"R_574W0h6VetTkfSx",30,2.66666666666667
"R_5YRP4BBwohUu40v",33,3
"R_7MFFvOjywAFWNzF",22,5
"R_164tWHHzCU6eYMx",27,4
"R_3lfWWGiSRbkC7Zn",73,5
"R_61wnOPcFIuQ4Exz",62,5
"R_7gZ3IXSN4V9T9RX",76,5
"R_3ve4Hj15s1f2w7L",47,1.66666666666667
"R_5iPKlGBTQ97ZF8B",34,4.44444444444444
"R_51aqUuAy1UzER86",21,3.22222222222222
"R_1Cs6rsr1e25Ab6f",46,1.77777777777778
"R_6Li56Ky3MFDg4xf",81,2.77777777777778
"R_7NwQt7BXMmuoPJf",30,5
"R_16kUZBCnIIvKRTa",50,3
"R_1ltc2G9uVUDBJSC",58,4
"R_7dJkGcpz9eGVlD3",59,3
"R_7vVgjm8wSNKe6rL",26,4
"R_6utO8pgLV26Ubyp",22,1.55555555555556
"R_782TZFF1HfbwqK5",51,3.11111111111111
"R_1QPfCz5DxyJhRn6",25,3
"R_5lMtQbsPzbFzY5z",79,3.22222222222222
"R_3IIGNaHvSRaAwWR",33,2.88888888888889
"R_5YeT8OA13XzpOeH",48,3.66666666666667
"R_1zgRxiz8VF7gAx3",27,1
"R_7eQVvFOuVSnZ0lC",49,4.22222222222222
"R_7EKXHtfudCl5IGY",54,2.88888888888889
"R_3uqfk49aV7eIdPo",72,5
"R_7NOToAlmED5RJO9",56,3
"R_34AWcW9FAvJxfgr",25,2.66666666666667
"R_1K6BSUGQaiu3Qo8",77,3
"R_51iP1rdqQp4LTtn",58,4.88888888888889
"R_10MGA6B3n9MJJhn",30,1.75
"R_7hmE5qWCly1gtZ7",71,2.88888888888889
"R_7ZOfATNe61hjbRf",23,4
"R_5rJG3E4eR67gTYu",31,1.88888888888889
"R_5GoBBM4mYwZAkNs",55,2.88888888888889
"R_7jq43w6qqZPDcUM",32,3.22222222222222
"R_6G7yNqArAfBMqrs",69,3.55555555555556
"R_7RDD3TRrL2xsXPH",45,2.22222222222222
"R_5M8SimuELdLg3kJ",62,2.33333333333333
"R_5wQADDYQUazbkEo",29,3.11111111111111
"R_5sziUDgPAAqCRs7",32,5
"R_5DvUAePUnVnbBgg",22,2.55555555555556
"R_1hcCqVpuByEAeMc",25,3.77777777777778
"R_3QRE8KhS4wiqtnw",23,4.55555555555556
"R_5fjwcFmihS9XpSV",52,2.77777777777778
"R_6gEnsQzivk8Mlt7",26,3.44444444444444
"R_12gMm0G3np5FioJ",45,4
"R_1ThpKX0TWeOJVQJ",65,2
"R_3XNBxSIJbaXhd17",28,3.11111111111111
"R_1U0BZJ9DWMUA9JT",24,3.77777777777778
"R_15L6OyftwCm9MYZ",27,5
"R_62mygpPoCE8jgvH",72,1.77777777777778
"R_5KJ4nGrDKD6EMrn",45,4.11111111111111
"R_78HzZLDLI4Iv9h9",23,1.22222222222222
"R_1A7ZsdEF7RVpU5z",30,3.44444444444444
"R_6QzNB7Kb0nrsA3n",75,3
"R_6stxDxV2jBHkCPX",21,3
"R_7QJpdqbPs9V6xuU",51,2.33333333333333
"R_5ORLYtUXZyaUuMF",20,2.66666666666667
"R_5rPI8jjELK5QBKV",25,2.44444444444444
"R_7n3gfoOtu0Xh90p",31,3.44444444444444
"R_31hpgbFA45HtRWY",26,3
"R_172BbSGdmIfhU3v",25,2.875
"R_1rrk2NRd7ucLYhI",58,1.11111111111111
"R_5FsNyXq5HWvW6Hu",40,3
"R_5PLdS1jKl6q2NNv",34,3
"R_7oGTYSXbzlYsDoD",27,5
"R_74qtPU2QIqPAtT1",25,2.66666666666667
"R_7izhfj1rPVd1e9f",46,4.11111111111111
"R_1hygbU7MpUTL7Cn",22,2.5
"R_1O7TQCwAEcptweE",25,3.88888888888889
"R_1wKjPE7eKfBWeWZ",26,3.44444444444444
"R_6KSKnuPpxcZ56Yp",26,4.75
"R_1SyHkCibp9U4aD7",67,2
"R_1175uc0PvWIjWvf",32,1.77777777777778
"R_5ezYW8zNoM0ARNp",22,3.55555555555556
"R_1R3nePTpYDNtQoe",71,2.55555555555556
"R_7q2oShHNVyCNPQc",26,3.11111111111111
"R_6MEgBOAUQnDvctQ",31,5
"R_5alvdGOnEJMPgCt",38,5
"R_7AMBTjgWfqAdWf7",77,4
"R_5xFf8nPPAtvymHv",73,3
"R_6wT7qbxr4F0ezWf",38,3.88888888888889
"R_77WE8FP0rdyzFjX",48,2.11111111111111
"R_7k8SlUaZmvlZmIp",82,1.66666666666667
"R_7LN0TrMIsoAz0M9",23,5
"R_63g8J5zfhxCqJN6",66,3
"R_1xAQA39AGNOHqW5",57,3.88888888888889
"R_7HAnrWyQDUialsR",80,4
"R_56rPIrbZPyCjAGt",59,2.44444444444444
"R_3IXFLmopcQqL2yP",28,1.77777777777778
"R_52WJq188Xlo3PRi",20,4.44444444444444
"R_5WEXEs9Wh3C2iWt",69,3.11111111111111
"R_1X0yHwqPylHMnG3",57,3.22222222222222
"R_1ck05PbyT9x2vNW",56,5
"R_5fCdA4PKrGx3EtC",66,3.55555555555556
"R_3XP7192fDU9Ar29",77,5
"R_1TW1mM9MBuBUqK5",27,3.33333333333333
"R_7NDDmzLVi1lRuVj",64,4.125
"R_1AsawtjzVvoGMfL",42,1.66666666666667
"R_7AACvtG1xsE2F1f",32,3.55555555555556
"R_1NKtibkJ3vkBW9W",67,4
"R_3niQpiIlI4XsC9G",49,1.55555555555556
"R_3mRCuU7SESntWJb",75,2.55555555555556
"R_3C5v81JWhxOnCiB",72,3.875
"R_3FS76hbKwJGOLvq",31,4
"R_7TRDhxL2BhlPkSN",70,3
"R_50wTTbJitNm9gF7",45,1.11111111111111
"R_3j3wi5H8j2IDcm2",65,5
"R_6xSoSbJqKW8OST3",31,5
"R_1zp7VuYlWNbmFIF",60,3.55555555555556
"R_1VnGMKfFzDwo0Bb",47,2.85714285714286
"R_6kSHf2vv0Vm94NX",67,4.22222222222222
"R_34ecPQVOcDvFK4U",44,1
"R_5KCP60UxaoDkEsJ",66,5
"R_3ocx2F0vk1oEVBD",77,5
"R_1yx0tNOma7N0qzf",70,3.22222222222222
"R_7s2xKgxxPY3alDX",56,2.66666666666667
"R_5zpXczt5F9KbbO6",71,3.55555555555556
"R_7QXr0uYy9zi1QZj",54,5
"R_1fl052SPCT3lZNk",76,3.77777777777778
"R_3rMlSsXKdXPnmc9",37,4
"R_3E9ZGfo2yfCb4un",38,4.44444444444444
"R_5feru9wo90fex8g",54,5
"R_170ReHU6v6G8aKB",68,3.55555555555556
"R_7qQt5yLZTIN7aEN",75,1.66666666666667
"R_3cZzjxfbBYWuKO4",50,2.66666666666667
"R_1lmVQDzWXUbjKMc",63,5
"R_3Hv2zBvBTaMJNZP",51,3.33333333333333
"R_3zd3Lqu5IntXmhK",41,2
"R_5K8skx2zbGzhNTQ",28,3.66666666666667
"R_56lg6CNQo5bzzpf",45,3.22222222222222
"R_7negdooHxeSBKvL",68,4.11111111111111
"R_6wageLcIehxGLAA",30,1.55555555555556
"R_7ALwHiG4njn1ahC",69,3.33333333333333
"R_6dWSKVT3vyT0Zxk",77,2.66666666666667
"R_1pVvgBJnoPmHosd",26,3.66666666666667
"R_6MEvGWFVMzzIUuU",80,3.55555555555556
"R_1dYomK2kJkxwGVf",71,3
"R_3ajvocaRWjh8dkB",52,2.66666666666667
"R_5viSZ23VADrtgjr",69,3.22222222222222
"R_6WSacna0GYthRH8",84,3.88888888888889
"R_5JdQEWw8koqCthx",74,3
"R_1MX79PppHVbFBo6",65,1.11111111111111
"R_6I4w9JxuDtyaIfQ",67,2.44444444444444
