"resp_id","zip","state","state_zip","state_zip_name","county","town","zip_match"
"R_1v2NC5A27cocXDQ","48092","Michigan","MI","Michigan","Macomb County","Warren","ZIP code"
"R_7nPMpWOkTwCLitR","45875","Ohio","OH","Ohio","Putnam County","Ottawa","ZIP code"
"R_6DYP7LtYdTqIU7P","78355","Texas","TX","Texas","Brooks County","Falfurrias","ZIP code"
"R_6RQx5Y7mhzaTKTM","11234","New York","NY","New York","Kings County","Brooklyn","ZIP code"
"R_66KweH4KIzMlk5z","15003","Pennsylvania","PA","Pennsylvania","Beaver County","Ambridge","ZIP code"
"R_3VgaGn02aMXhMO2","95361","California","CA","California","Stanislaus County","Oakdale","ZIP code"
"R_5JwNEKHWfEvPSJI","28303","North Carolina","NC","North Carolina","Cumberland County","Fayetteville","ZIP code"
"R_5ckoRyKg4gbWGcL","75203","Texas","TX","Texas","Dallas County","Dallas","ZIP code"
"R_3PiDjoB1vDmTuEk","36703","Alabama","AL","Alabama","Dallas County","Selma","ZIP code"
"R_5mKlVrCwBLkpTBD","23223","Virginia","VA","Virginia","Henrico County","Richmond","ZIP code"
"R_3j0V31nu6AvJgVh","21206","Maryland","MD","Maryland","Baltimore city","Baltimore","ZIP code"
"R_6aGJ5scWLFbjzi1","83404","Idaho","ID","Idaho","Bonneville County","Idaho Falls","ZIP code"
"R_7ETo4Fl3rp7rA78","46404","Indiana","IN","Indiana","Lake County","Gary","ZIP code"
"R_5QGE0jWIssedk3O","48185","Michigan","MI","Michigan","Wayne County","Westland","ZIP code"
"R_3K3ZshIQYel83N2","30180","Georgia","GA","Georgia","Carroll County","Villa Rica","ZIP code"
"R_6s7Qn0LjP0QoqBC","33971","Florida","FL","Florida","Lee County","Lehigh Acres","ZIP code"
"R_6dE2iFeqLDzsoZw","97404","Oregon","OR","Oregon","Lane County","Eugene","ZIP code"
"R_6RsaBhw5VJleHZJ","80930","Colorado","CO","Colorado","El Paso County","Colorado Springs","ZIP code"
"R_3rcTyTCz0JuEBvb","30087","Georgia","GA","Georgia","DeKalb County","Stone Mountain","ZIP code"
"R_3s5W2OxbwQyBL83","54703","Wisconsin","WI","Wisconsin","Eau Claire County","Eau Claire","ZIP code"
"R_5mxEGftw99AAjfD","07033","New Jersey","NJ","New Jersey","Union County","Kenilworth","ZIP code"
"R_3EbcolQY93vTsKc","95694","California","CA","California","Yolo County","Winters","ZIP code"
"R_6S7c13FdaJXp59t","91364","California","CA","California","Los Angeles County","Woodland Hills","ZIP code"
"R_7UXvacIjoBa0OQ1","30833","Georgia","GA","Georgia","Jefferson County","Wrens","ZIP code"
"R_73rpxWzhDdcQHCE","34481","Florida","FL","Florida","Marion County","Ocala","ZIP code"
"R_7gZUjVviiiMiPPj","34474","Florida","FL","Florida","Marion County","Ocala","ZIP code"
"R_3o4RGjgv5qTUghG","27313","North Carolina","NC","North Carolina","Guilford County","Pleasant Garden","ZIP code"
"R_3DTXL2sSKNPIeeC","95901","California","CA","California","Yuba County","Marysville","ZIP code"
"R_5K3y3WPo0AUqKlt","17502","Pennsylvania","PA","Pennsylvania","Lancaster County","Bainbridge","ZIP code"
"R_3t0gj8fpeyxxgf6","17043","Pennsylvania","PA","Pennsylvania","Cumberland County","Lemoyne","ZIP code"
"R_3QENjlKNRHMXSND","43147","Ohio","OH","Ohio","Fairfield County","Pickerington","ZIP code"
"R_5FDMl8aBHRUtmJx","30533","Georgia","GA","Georgia","Lumpkin County","Dahlonega","ZIP code"
"R_6LCIvSdF4OGZ89D","12524","New York","NY","New York","Dutchess County","Fishkill","ZIP code"
"R_7EbFrGm6UnPtwxZ","37416","Tennessee","TN","Tennessee","Hamilton County","Chattanooga","ZIP code"
"R_3P3dqOxh75ah5At","17078","Pennsylvania","PA","Pennsylvania","Lebanon County","Palmyra","ZIP code"
"R_6mTYGRuCe7MUz97","91709","California","CA","California","San Bernardino County","Chino Hills","ZIP code"
"R_579ayNTWd97MHX4","04239","Maine","ME","Maine","Franklin County","Jay","ZIP code"
"R_5MNnSZcRxE0c3lv","21861","Maryland","MD","Maryland","Wicomico County","Sharptown","ZIP code"
"R_7z8E2cHnTSfJpop","62681","Illinois","IL","Illinois","Schuyler County","Rushville","ZIP code"
"R_54MLpJd1YPfFb5X","54302","Wisconsin","WI","Wisconsin","Brown County","Green Bay","ZIP code"
"R_54NMaJKtnPcjN5p","13903","New York","NY","New York","Broome County","Binghamton","ZIP code"
"R_7LZT0lJyXh81Sgp","29303","South Carolina","SC","South Carolina","Spartanburg County","Spartanburg","ZIP code"
"R_7QoLvqI9Je0SdSV","75249","Texas","TX","Texas","Dallas County","Dallas","ZIP code"
"R_60hndmyrsmdbY65","53142","Wisconsin","WI","Wisconsin","Kenosha County","Kenosha","ZIP code"
"R_6kEn8Hv67lpUIJr","48866","Michigan","MI","Michigan","Clinton County","Ovid","ZIP code"
"R_1ggJEjD1nsMCf3r","47842","Indiana","IN","Indiana","Vermillion County","Clinton","ZIP code"
"R_6ExYCcVbTIt27pL","46324","Indiana","IN","Indiana","Lake County","Hammond","ZIP code"
"R_5viYK3ESaWZROJl","32566","Florida","FL","Florida","Santa Rosa County","Navarre","ZIP code"
"R_3rwuyDcL69agQuE","63103","Missouri","MO","Missouri","St. Louis city","Saint Louis","ZIP code"
"R_6oHndqWCYB5VITw","75035","Texas","TX","Texas","Collin County","Frisco","ZIP code"
"R_7rrrBHCAVpotnke","75707","Texas","TX","Texas","Smith County","Tyler","ZIP code"
"R_6qpA15hhsgohhAH","85251","Arizona","AZ","Arizona","Maricopa County","Scottsdale","ZIP code"
"R_3djvXRV9hCtiuAN","06422","Connecticut","CT","Connecticut","Middlesex County","Durham","ZIP code"
"R_19mD0utEsBydKXh","61265","Illinois","IL","Illinois","Rock Island County","Moline","ZIP code"
"R_1azks9uF5Ynxt29","75703","Texas","TX","Texas","Smith County","Tyler","ZIP code"
"R_3e9xjIFRxz9ju2G","74137","Oklahoma","OK","Oklahoma","Tulsa County","Tulsa","ZIP code"
"R_3gMhWl7SAUOnlAa","99336","Washington","WA","Washington","Benton County","Kennewick","ZIP code"
"R_3YVZHvdBJcXOH8n","28090","North Carolina","NC","North Carolina","Cleveland County","Lawndale","ZIP code"
"R_5mgXunvBVJCPeEW","43227","Ohio","OH","Ohio","Franklin County","Columbus","ZIP code"
"R_6GYlWwdOMu9Lq7L","90222","California","CA","California","Los Angeles County","Compton","ZIP code"
"R_5ByN3GK9WTpcY5H","96150","California","CA","California","El Dorado County","South Lake Tahoe","ZIP code"
"R_7RrgetcWqnTLVlf","27596","North Carolina","NC","North Carolina","Franklin County","Youngsville","ZIP code"
"R_7qlzArw35Un1Yii","80247","Colorado","CO","Colorado","Arapahoe County","Denver","ZIP code"
"R_5NJJ45OTBg8LxEe","48185","Michigan","MI","Michigan","Wayne County","Westland","ZIP code"
"R_53K0vMaySYhsyJ3","85746","Arizona","AZ","Arizona","Pima County","Tucson","ZIP code"
"R_5OSC07jg8OKElJ7","19805","Delaware","DE","Delaware","New Castle County","Wilmington","ZIP code"
"R_6Q13HowfVsFoBNv","89044","Nevada","NV","Nevada","Clark County","Henderson","ZIP code"
"R_6SrwudDHlcxPO2D","28655","North Carolina","NC","North Carolina","Burke County","Morganton","ZIP code"
"R_6kszHGqmo6FHagx","78155","Texas","TX","Texas","Guadalupe County","Seguin","ZIP code"
"R_5Rq2QLg7BwySeKj","70501","Louisiana","LA","Louisiana","Lafayette Parish","Lafayette","ZIP code"
"R_51xSJQTscEqwC9X","33068","Florida","FL","Florida","Broward County","Pompano Beach","ZIP code"
"R_7ZJuoY5M1XJ1XDS","77018","Texas","TX","Texas","Harris County","Houston","ZIP code"
"R_1ypjvSXjMCINvrJ","06118","Connecticut","CT","Connecticut","Hartford County","East Hartford","ZIP code"
"R_3k0oUVspDKRO1cN","62476","Illinois","IL","Illinois","Edwards County","West Salem","ZIP code"
"R_3pYvRFdq5KkGkvY","06457","Connecticut","CT","Connecticut","Middlesex County","Middletown","ZIP code"
"R_30QXWKop36tE81P","02601","Massachusetts","MA","Massachusetts","Barnstable County","Hyannis","ZIP code"
"R_5rVCcxV3NGxewNF","37043","Tennessee","TN","Tennessee","Montgomery County","Clarksville","ZIP code"
"R_7CSGqGWyihOArEB","71118","Louisiana","LA","Louisiana","Caddo Parish","Shreveport","ZIP code"
"R_7MfEGgMionEWAT6","07676","New Jersey","NJ","New Jersey","Bergen County","Township Of Washington","ZIP code"
"R_1ozulXx0cVh9OAJ","66007","Kansas","KS","Kansas","Leavenworth County","Basehor","ZIP code"
"R_7w6QdcrRZRmXriL","29223","South Carolina","SC","South Carolina","Richland County","Columbia","ZIP code"
"R_6TphwwrSfLQd2TG","10570","New York","NY","New York","Westchester County","Pleasantville","ZIP code"
"R_3wHo1YNtL1iWP0g","70601","Louisiana","LA","Louisiana","Calcasieu Parish","Lake Charles","ZIP code"
"R_6jdB88WmwSUGhbV","85224","Arizona","AZ","Arizona","Maricopa County","Chandler","ZIP code"
"R_6m4SkQyQeTXTJhk","30906","Georgia","GA","Georgia","Richmond County","Augusta","ZIP code"
"R_5gUconQDe4uWFmp","44276","Ohio","OH","Ohio","Wayne County","Sterling","ZIP code"
"R_7PKYa6SqeuZjCMc","14217","New York","NY","New York","Erie County","Buffalo","ZIP code"
"R_6TBJWuYMpJmZ1IB","90017","California","CA","California","Los Angeles County","Los Angeles","ZIP code"
"R_1cZTIImzNZD6jF7","38125","Tennessee","TN","Tennessee","Shelby County","Memphis","ZIP code"
"R_3qEn2zI03BHitsB","27513","North Carolina","NC","North Carolina","Wake County","Cary","ZIP code"
"R_3v1Dag4Wj7j3fum","30038","Georgia","GA","Georgia","DeKalb County","Lithonia","ZIP code"
"R_6G7W0Pyy8aghgWI","29483","South Carolina","SC","South Carolina","Dorchester County","Summerville","ZIP code"
"R_1fpaebgrR5dpMgx","93933","California","CA","California","Monterey County","Marina","ZIP code"
"R_5dWKgr4hXu4T217","30014","Georgia","GA","Georgia","Newton County","Covington","ZIP code"
"R_5GDZanycjshJNoz","37066","Tennessee","TN","Tennessee","Sumner County","Gallatin","ZIP code"
"R_1EAT27JgRTJCQbJ","19023","Pennsylvania","PA","Pennsylvania","Delaware County","Darby","ZIP code"
"R_5CwL7dRAOOClg0J","28546","North Carolina","NC","North Carolina","Onslow County","Jacksonville","ZIP code"
"R_32LysFLK4I1m2rc","02915","Rhode Island","RI","Rhode Island","Providence County","Riverside","ZIP code"
"R_1XzZXfYmhlTdQlj","71639","Arkansas","AR","Arkansas","Desha County","Dumas","ZIP code"
"R_511oTQe7zS5Kmrj","85142","Arizona","AZ","Arizona","Maricopa County","Queen Creek","ZIP code"
"R_5Y4b7o9REXvWzmR","27501","North Carolina","NC","North Carolina","Harnett County","Angier","ZIP code"
"R_7VF450TjG1QXEGn","15767","Pennsylvania","PA","Pennsylvania","Jefferson County","Punxsutawney","ZIP code"
"R_6qqCED3eXNUhvGB","42127","Kentucky","KY","Kentucky","Barren County","Cave City","ZIP code"
"R_3F9P5fVxXi6bXhy","48880","Michigan","MI","Michigan","Gratiot County","Saint Louis","ZIP code"
"R_3AsgxKwIRTrQYdr","45840","Ohio","OH","Ohio","Hancock County","Findlay","ZIP code"
"R_3eOVueIMNB3Vx8Y","47374","Indiana","IN","Indiana","Wayne County","Richmond","ZIP code"
"R_1snUijd7271fq1V","23608","Virginia","VA","Virginia","Newport News city","Newport News","ZIP code"
"R_32DuVvdWNMhP6ex","77802","Texas","TX","Texas","Brazos County","Bryan","ZIP code"
"R_75iWMTSJyNpK5LH","15044","Pennsylvania","PA","Pennsylvania","Allegheny County","Gibsonia","ZIP code"
"R_6tnefOtKXPjwRSD","07111","New Jersey","NJ","New Jersey","Essex County","Irvington","ZIP code"
"R_7bpMrmJDXKAUbyV","29520","South Carolina","SC","South Carolina","Chesterfield County","Cheraw","ZIP code"
"R_7Ob0DxWVldCPfqN","27107","North Carolina","NC","North Carolina","Forsyth County","Winston Salem","ZIP code"
"R_5upPIojgcwz6SOT","44107","Ohio","OH","Ohio","Cuyahoga County","Lakewood","ZIP code"
"R_3MMd6Me8uXXfCBJ","46123","Indiana","IN","Indiana","Hendricks County","Avon","ZIP code"
"R_5KeieZ5FFiSlHkt","19801","Delaware","DE","Delaware","New Castle County","Wilmington","ZIP code"
"R_3OPfBVLiIk0g3LP","61350","Illinois","IL","Illinois","LaSalle County","Ottawa","ZIP code"
"R_5lLlLyc9vXedVTj","62656","Illinois","IL","Illinois","Logan County","Lincoln","ZIP code"
"R_1GpiV7Z0y9B0vqF","39212","Mississippi","MS","Mississippi","Hinds County","Jackson","ZIP code"
"R_7jILjbwBYsFG5u9","72936","Arkansas","AR","Arkansas","Sebastian County","Greenwood","ZIP code"
"R_6L1Rvkhh4iK13ah","13210","New York","NY","New York","Onondaga County","Syracuse","ZIP code"
"R_3LGxZzkQTJOuhU7","42101","Kentucky","KY","Kentucky","Warren County","Bowling Green","ZIP code"
"R_1rHp0S6zKcUvLfo","74055","Oklahoma","OK","Oklahoma","Tulsa County","Owasso","ZIP code"
"R_3wiCFPnWy4uxNw1","72034","Arkansas","AR","Arkansas","Faulkner County","Conway","ZIP code"
"R_3gqqgvKkVnOWZer","41311","Kentucky","KY","Kentucky","Lee County","Beattyville","ZIP code"
"R_6YG7ZhL9LugnvLi","11757","New York","NY","New York","Suffolk County","Lindenhurst","ZIP code"
"R_5sbMEGY33pOtQ1g","71075","Louisiana","LA","Louisiana","Webster Parish","Springhill","ZIP code"
"R_1Orh07kQ08nM5Ho","33321","Florida","FL","Florida","Broward County","Fort Lauderdale","ZIP code"
"R_1HvbfU09Q7Ls8bD","38305","Tennessee","TN","Tennessee","Madison County","Jackson","ZIP code"
"R_7WCfnz34Q1S5pSE","18640","Pennsylvania","PA","Pennsylvania","Luzerne County","Pittston","ZIP code"
"R_1QiBJzJbCCY7Q4h","73139","Oklahoma","OK","Oklahoma","Oklahoma County","Oklahoma City","ZIP code"
"R_3a3Hmi7Gctif8D7","87711","New Mexico","NM","New Mexico","Guadalupe County","Anton Chico","ZIP code"
"R_7xKkctro6mC4t22","78654","Texas","TX","Texas","Burnet County","Marble Falls","ZIP code"
"R_57K8vGN1VdKS0hP","28462","North Carolina","NC","North Carolina","Brunswick County","Supply","ZIP code"
"R_1LXRUkzxQczLM52","35565","Alabama","AL","Alabama","Winston County","Haleyville","ZIP code"
"R_6kN6FKBtvFOYJIc","46514","Indiana","IN","Indiana","Elkhart County","Elkhart","ZIP code"
"R_19nsukBJfMTDGeI","48413","Michigan","MI","Michigan","Huron County","Bad Axe","ZIP code"
"R_11Z7C003E8NAeFX","28357","North Carolina","NC","North Carolina","Robeson County","Lumber Bridge","ZIP code"
"R_5jTb2krEmiqasaR","23223","Virginia","VA","Virginia","Henrico County","Richmond","ZIP code"
"R_1rOhaP0H4eVHDiX","02860","Rhode Island","RI","Rhode Island","Providence County","Pawtucket","ZIP code"
"R_7TN74h7Sx8Mt645","40486","Kentucky","KY","Kentucky","Jackson County","Tyner","ZIP code"
"R_6uVgXJu1RkOH4fL","25570","West Virginia","WV","West Virginia","Wayne County","Wayne","ZIP code"
"R_5C9BAzVvP2LS0yz","48422","Michigan","MI","Michigan","Sanilac County","Croswell","ZIP code"
"R_1rlKMQ2Pk3aPEZj","53217","Wisconsin","WI","Wisconsin","Milwaukee County","Milwaukee","ZIP code"
"R_608U7O0GaFF0UAp","27231","North Carolina","NC","North Carolina","Orange County","Cedar Grove","ZIP code"
"R_31zxheZdh2kzAXS","46767","Indiana","IN","Indiana","Noble County","Ligonier","ZIP code"
"R_3QESJUeXvdeg9Hj","90065","California","CA","California","Los Angeles County","Los Angeles","ZIP code"
"R_59h6rWlfJOn1qZd","63143","Missouri","MO","Missouri","St. Louis County","Saint Louis","ZIP code"
"R_6HSKfAcawthAfbD","23320","Virginia","VA","Virginia","Chesapeake city","Chesapeake","ZIP code"
"R_7v1cbaoxaTnEAbK","89104","Nevada","NV","Nevada","Clark County","Las Vegas","ZIP code"
"R_6qs6XdvVWSPtt3r","49107","Michigan","MI","Michigan","Berrien County","Buchanan","ZIP code"
"R_3R9Pe6BHH8qR3ls","16502","Pennsylvania","PA","Pennsylvania","Erie County","Erie","ZIP code"
"R_3juOLXDws6hZlN7","85202","Arizona","AZ","Arizona","Maricopa County","Mesa","ZIP code"
"R_7Li2xzvnTiq69ON","53172","Wisconsin","WI","Wisconsin","Milwaukee County","South Milwaukee","ZIP code"
"R_5mn25YUxVP6KWnv","12919","New York","NY","New York","Clinton County","Champlain","ZIP code"
"R_6j2nM20AGl1RQMF","17020","Pennsylvania","PA","Pennsylvania","Perry County","Duncannon","ZIP code"
"R_5oRsxUeRLIvis6n","33440","Florida","FL","Florida","Hendry County","Clewiston","ZIP code"
"R_32iiNBDYs74Yhrv","93711","California","CA","California","Fresno County","Fresno","ZIP code"
"R_1oGgfuBnKacnplH","86409","Arizona","AZ","Arizona","Mohave County","Kingman","ZIP code"
"R_195Ph4S3i2pogQL","33605","Florida","FL","Florida","Hillsborough County","Tampa","ZIP code"
"R_3C51IjS1JCxlTyx","91361","California","CA","California","Ventura County","Westlake Village","ZIP code"
"R_1VejSV7cdBgljuE","43440","Ohio","OH","Ohio","Ottawa County","Lakeside Marblehead","ZIP code"
"R_1DSSDGx3V7bFK2Y","08865","New Jersey","NJ","New Jersey","Warren County","Phillipsburg","ZIP code"
"R_6770AEOuIITy6up","44312","Ohio","OH","Ohio","Summit County","Akron","ZIP code"
"R_7OxTeQuZ8k76j8B","90006","California","CA","California","Los Angeles County","Los Angeles","ZIP code"
"R_78vERExQPXEc7kJ","44113","Ohio","OH","Ohio","Cuyahoga County","Cleveland","ZIP code"
"R_7YSIZttZ4RvF3Bn","17307","Pennsylvania","PA","Pennsylvania","Adams County","Biglerville","ZIP code"
"R_7zG7ufxMGUcOYYk","04005","Maine","ME","Maine","York County","Biddeford","ZIP code"
"R_1KfMpnQN4m8Vgta","28078","North Carolina","NC","North Carolina","Mecklenburg County","Huntersville","ZIP code"
"R_6QFcmsldrHFXSVU","29115","South Carolina","SC","South Carolina","Orangeburg County","Orangeburg","ZIP code"
"R_6ZKNIqKxCxpTctJ","97603","Oregon","OR","Oregon","Klamath County","Klamath Falls","ZIP code"
"R_3lpSVUdJpRgoPPr","12550","New York","NY","New York","Orange County","Newburgh","ZIP code"
"R_6lylFkKDBWpSSDe","45206","Ohio","OH","Ohio","Hamilton County","Cincinnati","ZIP code"
"R_78aP36v5usJIn5v","30501","Georgia","GA","Georgia","Hall County","Gainesville","ZIP code"
"R_1GNWWLjW78GZaDO","13207","New York","NY","New York","Onondaga County","Syracuse","ZIP code"
"R_1WO0boyFi0zUs0X","24593","Virginia","VA","Virginia","Appomattox County","Spout Spring","ZIP code"
"R_1n9Oe518eAidEvV","45342","Ohio","OH","Ohio","Montgomery County","Miamisburg","ZIP code"
"R_3gffTi7XlCa8EUh","48021","Michigan","MI","Michigan","Macomb County","Eastpointe","ZIP code"
"R_1vfsgz3kCFkU6f7","21228","Maryland","MD","Maryland","Baltimore County","Catonsville","ZIP code"
"R_71RH3mZM8kgrkOw","28304","North Carolina","NC","North Carolina","Cumberland County","Fayetteville","ZIP code"
"R_7PGYYc0VjGV2mlR","60619","Illinois","IL","Illinois","Cook County","Chicago","ZIP code"
"R_3wUmAfc4okJJGFz","04463","Maine","ME","Maine","Piscataquis County","Milo","ZIP code"
"R_5n1t7as0OdJ62ut","25419","West Virginia","WV","West Virginia","Berkeley County","Falling Waters","ZIP code"
"R_7ootNWhxAl1sazT","31064","Georgia","GA","Georgia","Jasper County","Monticello","ZIP code"
"R_3bC0Vf8UhiB9MZj","68818","Nebraska","NE","Nebraska","Hamilton County","Aurora","ZIP code"
"R_1Pb20S6FIa8o2Xb","55437","Minnesota","MN","Minnesota","Hennepin County","Minneapolis","ZIP code"
"R_7IK0xxK4vSWWhhz","14206","New York","NY","New York","Erie County","Buffalo","ZIP code"
"R_1p5YreoSx87geCA","38367","Tennessee","TN","Tennessee","McNairy County","Ramer","ZIP code"
"R_3j8qUln3ecDnIJj","04730","Maine","ME","Maine","Aroostook County","Houlton","ZIP code"
"R_5BwIxTNV7xhQ9jf","77356","Texas","TX","Texas","Montgomery County","Montgomery","ZIP code"
"R_7S7A0Ofq6yMBik4","22180","Virginia","VA","Virginia","Fairfax County","Vienna","ZIP code"
"R_1qKmg8rX7truQWN","90025","California","CA","California","Los Angeles County","Los Angeles","ZIP code"
"R_3NFfVkSqYgjTIJC","33407","Florida","FL","Florida","Palm Beach County","West Palm Beach","ZIP code"
"R_3lbERTtjFbAlXBo","75028","Texas","TX","Texas","Denton County","Flower Mound","ZIP code"
"R_7pXGfEzpq0kt1hB","33321","Florida","FL","Florida","Broward County","Fort Lauderdale","ZIP code"
"R_7Hk2xiuqrqVM5MF","36036","Alabama","AL","Alabama","Montgomery County","Grady","ZIP code"
"R_3cV2BUtpfjrh8Nd","77014","Texas","TX","Texas","Harris County","Houston","ZIP code"
"R_3aPifjdhDNyKbYt","53566","Wisconsin","WI","Wisconsin","Green County","Monroe","ZIP code"
"R_6j2j5FPMSYB2RlX","98057","Washington","WA","Washington","King County","Renton","ZIP code"
"R_64dLHQ0iYcopTHz","49001","Michigan","MI","Michigan","Kalamazoo County","Kalamazoo","ZIP code"
"R_1yP6wMHA1ukC7wR","27030","North Carolina","NC","North Carolina","Surry County","Mount Airy","ZIP code"
"R_1Gwx9iwBg64ytvA","94589","California","CA","California","Solano County","Vallejo","ZIP code"
"R_6CWmRVaw9liSMJP","78065","Texas","TX","Texas","Atascosa County","Poteet","ZIP code"
"R_7JE6ohsff6JkvvX","33306","Florida","FL","Florida","Broward County","Fort Lauderdale","ZIP code"
"R_6xRyixGGqHw6wVn","34654","Florida","FL","Florida","Pasco County","New Port Richey","ZIP code"
"R_6IZeumZ45EDQuBx","39272","Mississippi","MS","Mississippi","Hinds County","Byram","ZIP code"
"R_3DZeqLv9CFTFyeL","77339","Texas","TX","Texas","Harris County","Kingwood","ZIP code"
"R_6cwPJ6jrAm3kV5T","14615","New York","NY","New York","Monroe County","Rochester","ZIP code"
"R_3QMrXnvQokzS2oh","60707","Illinois","IL","Illinois","Cook County","Elmwood Park","ZIP code"
"R_1MRPpXhuJwMyg7G","85204","Arizona","AZ","Arizona","Maricopa County","Mesa","ZIP code"
"R_3UcL8K2CzGyacpj","07083","New Jersey","NJ","New Jersey","Union County","Union","ZIP code"
"R_7qvNfx7h9xxCWdO","17980","Pennsylvania","PA","Pennsylvania","Schuylkill County","Tower City","ZIP code"
"R_79dmbMC9eurxOva","11362","New York","NY","New York","Queens County","Little Neck","ZIP code"
"R_1y2kLCCR4dhUM6Z","75241","Texas","TX","Texas","Dallas County","Dallas","ZIP code"
"R_6i8WyXjeIUE7W3w","48228","Michigan","MI","Michigan","Wayne County","Detroit","ZIP code"
"R_5zqZBfSa3w12ajB","16502","Pennsylvania","PA","Pennsylvania","Erie County","Erie","ZIP code"
"R_10qlY76lswhWMtG","60124","Illinois","IL","Illinois","Kane County","Elgin","ZIP code"
"R_1pomnGzwUSMRtV7","70805","Louisiana","LA","Louisiana","East Baton Rouge Parish","Baton Rouge","ZIP code"
"R_5CvyiFGKqIH1f3P","89502","Nevada","NV","Nevada","Washoe County","Reno","ZIP code"
"R_6gN5BpJtzt1ffOf","11720","New York","NY","New York","Suffolk County","Centereach","ZIP code"
"R_1mPxMdjUvTS3w89","07004","New Jersey","NJ","New Jersey","Essex County","Fairfield","ZIP code"
"R_7dRqmbf1JqVQdJt","46228","Indiana","IN","Indiana","Marion County","Indianapolis","ZIP code"
"R_3H0l8ShcY6x3h4J","77327","Texas","TX","Texas","Liberty County","Cleveland","ZIP code"
"R_7LT1KJfs7D7Mfzr","07419","New Jersey","NJ","New Jersey","Sussex County","Hamburg","ZIP code"
"R_3q8MO5nVOhjBPkl","18240","Pennsylvania","PA","Pennsylvania","Carbon County","Nesquehoning","ZIP code"
"R_68y7IjXFoVa5daF","19145","Pennsylvania","PA","Pennsylvania","Philadelphia County","Philadelphia","ZIP code"
"R_1rGsP6PylLx3F3i","06373","Connecticut","CT","Connecticut","Windham County","Oneco","ZIP code"
"R_5vdHV3EhNHWRBMl","07071","New Jersey","NJ","New Jersey","Bergen County","Lyndhurst","ZIP code"
"R_1nSJCtldyvBiSxa","34747","Florida","FL","Florida","Osceola County","Kissimmee","ZIP code"
"R_6mE3M2WJeaWYQOR","30228","Georgia","GA","Georgia","Henry County","Hampton","ZIP code"
"R_108dLTOClFU13Bm","01095","Massachusetts","MA","Massachusetts","Hampden County","Wilbraham","ZIP code"
"R_74HrdscZM3HLUyJ","45238","Ohio","OH","Ohio","Hamilton County","Cincinnati","ZIP code"
"R_7RjZ1hUTzgovWZH","88011","New Mexico","NM","New Mexico","Doa Ana County","Las Cruces","ZIP code"
"R_6Q43UlYeTHG0XTL","90504","California","CA","California","Los Angeles County","Torrance","ZIP code"
"R_1CKKFWnPYEGw4Eq","60462","Illinois","IL","Illinois","Cook County","Orland Park","ZIP code"
"R_5jfyD8JoDRKg9zm","14211","New York","NY","New York","Erie County","Buffalo","ZIP code"
"R_1fHv5DNpRoSuUje","14092","New York","NY","New York","Niagara County","Lewiston","ZIP code"
"R_5d6sI5B7jRjK2tP","35803","Alabama","AL","Alabama","Madison County","Huntsville","ZIP code"
"R_70HNKbaQRpweQCt","70359","Louisiana","LA","Louisiana","Terrebonne Parish","Gray","ZIP code"
"R_7YXHS9RKrHX1be9","60008","Illinois","IL","Illinois","Cook County","Rolling Meadows","ZIP code"
"R_3SLfyNmNOeJSmRj","92262","California","CA","California","Riverside County","Palm Springs","ZIP code"
"R_7pAn3QrLOqYSEvV","80221","Colorado","CO","Colorado","Adams County","Denver","ZIP code"
"R_3lb3LVsn5K2o2Te","14304","New York","NY","New York","Niagara County","Niagara Falls","ZIP code"
"R_7U4NCjWp23sYKJd","32177","Florida","FL","Florida","Putnam County","Palatka","ZIP code"
"R_71Gklo6HvbP6DcZ","90016","California","CA","California","Los Angeles County","Los Angeles","ZIP code"
"R_3n2W8d3FZoNcEfL","64133","Missouri","MO","Missouri","Jackson County","Kansas City","ZIP code"
"R_1q98CmX1FKdHEZZ","92591","California","CA","California","Riverside County","Temecula","ZIP code"
"R_58iQys5kzVPh3lT","02124","Massachusetts","MA","Massachusetts","Suffolk County","Dorchester Center","ZIP code"
"R_1lxXql1ztbwz7Ta","37076","Tennessee","TN","Tennessee","Davidson County","Hermitage","ZIP code"
"R_10peSPwF4e4xgPd","07757","New Jersey","NJ","New Jersey","Monmouth County","Oceanport","ZIP code"
"R_6Rp5W1RN0E6C9bz","33157","Florida","FL","Florida","Miami-Dade County","Miami","ZIP code"
"R_7tEXvp3XJQAYoxc","19138","Pennsylvania","PA","Pennsylvania","Philadelphia County","Philadelphia","ZIP code"
"R_1qWqoXDjLEXjEnn","01108","Massachusetts","MA","Massachusetts","Hampden County","Springfield","ZIP code"
"R_1RfFR7t8i7wcFJM","23500","Virginia","VA","Virginia",,,"ZIP prefix"
"R_7l3PJZ3rM2rP1Tq","23236","Virginia","VA","Virginia","Chesterfield County","Richmond","ZIP code"
"R_7HqyHtJhrPcWPUN","60637","Illinois","IL","Illinois","Cook County","Chicago","ZIP code"
"R_539FOeAfPrtDiQu","29555","South Carolina","SC","South Carolina","Florence County","Johnsonville","ZIP code"
"R_1lnE7JwSdwART3P","10030","New York","NY","New York","New York County","New York","ZIP code"
"R_62JmSI0yWTTbyfE","46221","Indiana","IN","Indiana","Marion County","Indianapolis","ZIP code"
"R_6V8ywY42jMXwpCz","01510","Massachusetts","MA","Massachusetts","Worcester County","Clinton","ZIP code"
"R_1ZlDfDewxiClQ4x","38614","Mississippi","MS","Mississippi","Coahoma County","Clarksdale","ZIP code"
"R_5n6QzyHCrsjZYuS","41092","Kentucky","KY","Kentucky","Boone County","Verona","ZIP code"
"R_5EYY3BZCE1OBVX4","77380","Texas","TX","Texas","Montgomery County","Spring","ZIP code"
"R_7r7TizvIgwZNxB6","19133","Pennsylvania","PA","Pennsylvania","Philadelphia County","Philadelphia","ZIP code"
"R_15Wm0pciGTqYuV1","54130","Wisconsin","WI","Wisconsin","Outagamie County","Kaukauna","ZIP code"
"R_61FkQKLVplSFw9c","32219","Florida","FL","Florida","Duval County","Jacksonville","ZIP code"
"R_1gQBeTffzwTpczf","07008","New Jersey","NJ","New Jersey","Middlesex County","Carteret","ZIP code"
"R_55zS9hdhDKzS6si","32805","Florida","FL","Florida","Orange County","Orlando","ZIP code"
"R_1uHG7rmv0SvtBXq","10454","New York","NY","New York","Bronx County","Bronx","ZIP code"
"R_7Q5wVa4lOeMVazy","59846","Montana","MT","Montana","Missoula County","Huson","ZIP code"
"R_58nol97P7uPPhCh","43609","Ohio","OH","Ohio","Lucas County","Toledo","ZIP code"
"R_5f8G9LMoo6u1VNE","95320","California","CA","California","San Joaquin County","Escalon","ZIP code"
"R_7DcnStXNKUMMqHI","11001","New York","NY","New York","Nassau County","Floral Park","ZIP code"
"R_6CfxRI6h7rsiWa1","99517","Alaska","AK","Alaska","Anchorage Municipality","Anchorage","ZIP code"
"R_6zrGA6VnJIvZpcd","08550","New Jersey","NJ","New Jersey","Mercer County","Princeton Junction","ZIP code"
"R_5HepymmxVTH6uL2","29340","South Carolina","SC","South Carolina","Cherokee County","Gaffney","ZIP code"
"R_6NE0nnijodKmAKl","73099","Oklahoma","OK","Oklahoma","Canadian County","Yukon","ZIP code"
"R_5szTLtKs3Fp0wao","37615","Tennessee","TN","Tennessee","Washington County","Johnson City","ZIP code"
"R_1IoXLjNp3ehnf0M","10453","New York","NY","New York","Bronx County","Bronx","ZIP code"
"R_7LnxNt1kSr6dYWU","28704","North Carolina","NC","North Carolina","Buncombe County","Arden","ZIP code"
"R_7dW6zctKvOBJzCJ","85707","Arizona","AZ","Arizona","Pima County","Tucson","ZIP code"
"R_6pEhpOydTRZxCdL","86021","Arizona","AZ","Arizona","Mohave County","Colorado City","ZIP code"
"R_7rODecnvz337Qch","48324","Michigan","MI","Michigan","Oakland County","West Bloomfield","ZIP code"
"R_6R4IzeGO5qjnG9v","74464","Oklahoma","OK","Oklahoma","Cherokee County","Tahlequah","ZIP code"
"R_3PZsv0uiScsdh4s","45840","Ohio","OH","Ohio","Hancock County","Findlay","ZIP code"
"R_3wEVZcIul2fJ11n","15235","Pennsylvania","PA","Pennsylvania","Allegheny County","Pittsburgh","ZIP code"
"R_10bDV2IFMO7wTrl","11434","New York","NY","New York","Queens County","Jamaica","ZIP code"
"R_7B9Xehjv7CNIH45","20002","District of Columbia","DC","District of Columbia","District of Columbia","Washington","ZIP code"
"R_3l9P0VRJBgyBDKF","75216","Texas","TX","Texas","Dallas County","Dallas","ZIP code"
"R_7CKJ6uSw5VuLAY1","16838","Pennsylvania","PA","Pennsylvania","Clearfield County","Grampian","ZIP code"
"R_1MEcI7Isk3W6xJD","11757","New York","NY","New York","Suffolk County","Lindenhurst","ZIP code"
"R_5OpmUe5OxS14JV8","12010","New York","NY","New York","Montgomery County","Amsterdam","ZIP code"
"R_3kbkkSIusVdWkXJ","91764","California","CA","California","San Bernardino County","Ontario","ZIP code"
"R_5KvCD7fMZ506sNj","71112","Louisiana","LA","Louisiana","Bossier Parish","Bossier City","ZIP code"
"R_71nVmcYOIpsbr3g","10010","New York","NY","New York","New York County","New York","ZIP code"
"R_5xY1JaTLDjhFwxe","26508","West Virginia","WV","West Virginia","Monongalia County","Morgantown","ZIP code"
"R_7bKtFc57kOA0BsK","80216","Colorado","CO","Colorado","Denver County","Denver","ZIP code"
"R_1UXSyGLCl0EHf4R","08022","New Jersey","NJ","New Jersey","Burlington County","Columbus","ZIP code"
"R_3mszy9ctB3Lz3i7","12446","New York","NY","New York","Ulster County","Kerhonkson","ZIP code"
"R_7VfDOoZwD1DXYAP","44305","Ohio","OH","Ohio","Summit County","Akron","ZIP code"
"R_749255jfkrXyK5i","75558","Texas","TX","Texas","Titus County","Cookville","ZIP code"
"R_6C2Z5TAyym31zqO","33907","Florida","FL","Florida","Lee County","Fort Myers","ZIP code"
"R_6gvlv5IK48nEjai","52403","Iowa","IA","Iowa","Linn County","Cedar Rapids","ZIP code"
"R_1NyssdF4cGqZrJ7","67550","Kansas","KS","Kansas","Pawnee County","Larned","ZIP code"
"R_5eaFWbBmy6KfBdN","91780","California","CA","California","Los Angeles County","Temple City","ZIP code"
"R_6q8LP2Ofqha03gX","29464","South Carolina","SC","South Carolina","Charleston County","Mount Pleasant","ZIP code"
"R_6tMdHk4g1qCbvf5","10036","New York","NY","New York","New York County","New York","ZIP code"
"R_57BjXn7UUyXzXi1","82001","Wyoming","WY","Wyoming","Laramie County","Cheyenne","ZIP code"
"R_7X7OrQVyIn71veV","35087","Alabama","AL","Alabama","Cullman County","Joppa","ZIP code"
"R_3fwsoB1x85e1sTk","70816","Louisiana","LA","Louisiana","East Baton Rouge Parish","Baton Rouge","ZIP code"
"R_7dgzO5GwvAQbA3R","23605","Virginia","VA","Virginia","Newport News city","Newport News","ZIP code"
"R_7rP8WQ73ZTINCnQ","44103","Ohio","OH","Ohio","Cuyahoga County","Cleveland","ZIP code"
"R_55NpXoSo06CtdTU","95386","California","CA","California","Stanislaus County","Waterford","ZIP code"
"R_1TuS48ZkuKmabCB","08033","New Jersey","NJ","New Jersey","Camden County","Haddonfield","ZIP code"
"R_3prwgxmyQWj1l6x","97230","Oregon","OR","Oregon","Multnomah County","Portland","ZIP code"
"R_7JDG0WFoW83GRpH","14048","New York","NY","New York","Chautauqua County","Dunkirk","ZIP code"
"R_1d3OMSE4BSbD2Vr","48910","Michigan","MI","Michigan","Ingham County","Lansing","ZIP code"
"R_3gHDDZolU3zIP98","29073","South Carolina","SC","South Carolina","Lexington County","Lexington","ZIP code"
"R_6uPcGlmb5RenZj3","77868","Texas","TX","Texas","Grimes County","Navasota","ZIP code"
"R_6Csu5ecy8URpEi2","97394","Oregon","OR","Oregon","Lincoln County","Waldport","ZIP code"
"R_5LA1fPeOLaRzQWb","16838","Pennsylvania","PA","Pennsylvania","Clearfield County","Grampian","ZIP code"
"R_7oEJo7Ud8lyNxwl","77539","Texas","TX","Texas","Galveston County","Dickinson","ZIP code"
"R_7r2NgrU8FctXpmT","02740","Massachusetts","MA","Massachusetts","Bristol County","New Bedford","ZIP code"
"R_6uRBXHkVzwsKIut","39045","Mississippi","MS","Mississippi","Madison County","Camden","ZIP code"
"R_5optSERPM2YE4Km","38846","Mississippi","MS","Mississippi","Alcorn County","Glen","ZIP code"
"R_3gMWZYlqL5Qzzu3","01201","Massachusetts","MA","Massachusetts","Berkshire County","Pittsfield","ZIP code"
"R_7E0KRB7Z1itvG0H","28349","North Carolina","NC","North Carolina","Duplin County","Kenansville","ZIP code"
"R_6opVy51eKZYKWUw","04609","Maine","ME","Maine","Hancock County","Bar Harbor","ZIP code"
"R_3OioO2Y9T9zyvg5","16146","Pennsylvania","PA","Pennsylvania","Mercer County","Sharon","ZIP code"
"R_1QFv0EosVWKZp75","35226","Alabama","AL","Alabama","Jefferson County","Birmingham","ZIP code"
"R_3PL9KCrTTHkyTzX","98065","Washington","WA","Washington","King County","Snoqualmie","ZIP code"
"R_5DqzHFa4hIzjMiJ","42754","Kentucky","KY","Kentucky","Grayson County","Leitchfield","ZIP code"
"R_1JTFexHnOusq0ed","93033","California","CA","California","Ventura County","Oxnard","ZIP code"
"R_5PSG8pz3R0TfmkX","41011","Kentucky","KY","Kentucky","Kenton County","Covington","ZIP code"
"R_6G9AhXnq1xrXFyO","83854","Idaho","ID","Idaho","Kootenai County","Post Falls","ZIP code"
"R_5OH8LQGtYHohzFf","93536","California","CA","California","Los Angeles County","Lancaster","ZIP code"
"R_63VSTpMGErpaUTp","76028","Texas","TX","Texas","Johnson County","Burleson","ZIP code"
"R_7PYe4SFRBG6xIJP","22146","Maryland","VA","Virginia",,,"ZIP prefix"
"R_5BlZK0NZdkDqA3q","02124","Massachusetts","MA","Massachusetts","Suffolk County","Dorchester Center","ZIP code"
"R_1JrAmx0Z7q4zItR","14065","New York","NY","New York","Cattaraugus County","Freedom","ZIP code"
"R_7kNwzZtSm9rGxBz","46628","Indiana","IN","Indiana","St. Joseph County","South Bend","ZIP code"
"R_1iCH7xOVxbJEMbA","24592","Virginia","VA","Virginia","Halifax County","South Boston","ZIP code"
"R_1rKwx4Br4cEIYeJ","79915","Texas","TX","Texas","El Paso County","El Paso","ZIP code"
"R_1Vl7qMZE5ccHBvD","29203","South Carolina","SC","South Carolina","Richland County","Columbia","ZIP code"
"R_5OVHHTEeMZUmf5m","07060","New Jersey","NJ","New Jersey","Union County","Plainfield","ZIP code"
"R_1qWen7LythPi62O","74728","Oklahoma","OK","Oklahoma","McCurtain County","Broken Bow","ZIP code"
"R_1xfOz2Epz18dtoB","71958","Arkansas","AR","Arkansas","Pike County","Murfreesboro","ZIP code"
"R_3qNYqhl1F7bB4Wt","92236","California","CA","California","Riverside County","Coachella","ZIP code"
"R_76j4cfYiPWRh4hH","93727","California","CA","California","Fresno County","Fresno","ZIP code"
"R_69b7vRkNcExwpNM","85614","Arizona","AZ","Arizona","Pima County","Green Valley","ZIP code"
"R_6MiLXW7zbj6Ek1y","02302","Massachusetts","MA","Massachusetts","Plymouth County","Brockton","ZIP code"
"R_51g8Drrp1kDGG2t","14420","New York","NY","New York","Monroe County","Brockport","ZIP code"
"R_72MiIiYpdepkct5","34134","Florida","FL","Florida","Lee County","Bonita Springs","ZIP code"
"R_6L5mil6fkwbNiI9","29407","South Carolina","SC","South Carolina","Charleston County","Charleston","ZIP code"
"R_7ReGLIKiStOBV3H","15401","Pennsylvania","PA","Pennsylvania","Fayette County","Uniontown","ZIP code"
"R_79uX1YVHASSbDH3","78602","Texas","TX","Texas","Bastrop County","Bastrop","ZIP code"
"R_6e3Pfjxh5JTZX7M","77474","Texas","TX","Texas","Austin County","Sealy","ZIP code"
"R_6kw9OIsV1PT7BjI","19090","Pennsylvania","PA","Pennsylvania","Montgomery County","Willow Grove","ZIP code"
"R_1awWr5hgZ0dOkQu","85205","Arizona","AZ","Arizona","Maricopa County","Mesa","ZIP code"
"R_54uUGsisFyuGF6F","95448","California","CA","California","Sonoma County","Healdsburg","ZIP code"
"R_65HxSfq7kZJUOsx","40213","Kentucky","KY","Kentucky","Jefferson County","Louisville","ZIP code"
"R_1OlF0yTA2lywdYS","77802","Texas","TX","Texas","Brazos County","Bryan","ZIP code"
"R_5dmZqwTVpnRexPX","17543","Pennsylvania","PA","Pennsylvania","Lancaster County","Lititz","ZIP code"
"R_1Be17CeqYDfhCLv","27528","North Carolina","NC","North Carolina","Johnston County","Clayton","ZIP code"
"R_7rOE3I6re07iPkt","32725","Florida","FL","Florida","Volusia County","Deltona","ZIP code"
"R_60O5xorwdpDedFz","81632","Colorado","CO","Colorado","Eagle County","Edwards","ZIP code"
"R_6DAVzVAHfDLlIat","80501","Colorado","CO","Colorado","Boulder County","Longmont","ZIP code"
"R_5ljqghx58xshFqp","12150","New York","NY","New York","Schenectady County","Rotterdam Junction","ZIP code"
"R_79Rylxx3sj5jLNL","38305","Tennessee","TN","Tennessee","Madison County","Jackson","ZIP code"
"R_3mhdOUm1PoeWklY","85622","Arizona","AZ","Arizona","Pima County","Green Valley","ZIP code"
"R_6QMPme6zYkAUQq5","02825","Rhode Island","RI","Rhode Island","Providence County","Foster","ZIP code"
"R_5FquiM1ufgwaKWN","78520","Texas","TX","Texas","Cameron County","Brownsville","ZIP code"
"R_7Kq2Xl8zbeRHffU","08332","New Jersey","NJ","New Jersey","Cumberland County","Millville","ZIP code"
"R_7MoGUJURF85BCcV","10025","New York","NY","New York","New York County","New York","ZIP code"
"R_6nJo61Glahl4V3i","45239","Ohio","OH","Ohio","Hamilton County","Cincinnati","ZIP code"
"R_1kFG1vjvhE39xmx","92130","California","CA","California","San Diego County","San Diego","ZIP code"
"R_5LvS0nkBMQiJK4T","39157","Mississippi","MS","Mississippi","Madison County","Ridgeland","ZIP code"
"R_6LbaN7NQet7RoMN","97209","Oregon","OR","Oregon","Multnomah County","Portland","ZIP code"
"R_7gokqB2WuMD55pg","62049","Illinois","IL","Illinois","Montgomery County","Hillsboro","ZIP code"
"R_7NFDAWUViTydRsP","75495","Texas","TX","Texas","Grayson County","Van Alstyne","ZIP code"
"R_1Tza32Aovb3EfrS","75954","Texas","TX","Texas","Shelby County","Joaquin","ZIP code"
"R_5y3NomvK7XF84wx","91381","California","CA","California","Los Angeles County","Stevenson Ranch","ZIP code"
"R_7QlW1PP5r1M8Gpb","12304","New York","NY","New York","Schenectady County","Schenectady","ZIP code"
"R_5liVu2MOVSFsAWd","64127","Missouri","MO","Missouri","Jackson County","Kansas City","ZIP code"
"R_5QcHzPVcabTK94p","07663","New Jersey","NJ","New Jersey","Bergen County","Saddle Brook","ZIP code"
"R_6b0K3SVs0KgAsKk","33407","Florida","FL","Florida","Palm Beach County","West Palm Beach","ZIP code"
"R_5OrKnTrtGCiLSza","36756","Alabama","AL","Alabama","Perry County","Marion","ZIP code"
"R_3AfAVhqK6jdnQrf","92584","California","CA","California","Riverside County","Menifee","ZIP code"
"R_3zTNiHtRxXEcSrE","60611","Illinois","IL","Illinois","Cook County","Chicago","ZIP code"
"R_6QEzAc2aHo6S64x","77901","Texas","TX","Texas","Victoria County","Victoria","ZIP code"
"R_3G0cujXKaGHacAp","68138","Nebraska","NE","Nebraska","Sarpy County","Omaha","ZIP code"
"R_5P7NoA1xwZZyeAh","29608","South Carolina","SC","South Carolina","Greenville County","Greenville","ZIP code"
"R_3pVucm6VmBmCKcB","72076","Arkansas","AR","Arkansas","Pulaski County","Jacksonville","ZIP code"
"R_5roLi5bpnsoRlYa","12202","New York","NY","New York","Albany County","Albany","ZIP code"
"R_6mgfJlUZJMeAbQO","91915","California","CA","California","San Diego County","Chula Vista","ZIP code"
"R_78yX6s2EtwAGrct","46404","Indiana","IN","Indiana","Lake County","Gary","ZIP code"
"R_3IT6doAKP9y09rP","59101","Montana","MT","Montana","Yellowstone County","Billings","ZIP code"
"R_6TGe8n8WkT4MiP4","53405","Wisconsin","WI","Wisconsin","Racine County","Racine","ZIP code"
"R_6MQME607fYKCl6R","21213","Maryland","MD","Maryland","Baltimore city","Baltimore","ZIP code"
"R_7SQtwQVtUoaL0ZP","17953","Pennsylvania","PA","Pennsylvania","Schuylkill County","Middleport","ZIP code"
"R_6LTN99HW9KDD4l3","77044","Texas","TX","Texas","Harris County","Houston","ZIP code"
"R_32yko8x8ZXwIjSy","97496","Oregon","OR","Oregon","Douglas County","Winston","ZIP code"
"R_5dgBgPhKbAlwgDz","89143","Nevada","NV","Nevada","Clark County","Las Vegas","ZIP code"
"R_31cuqI8deDVpWXy","10003","New York","NY","New York","New York County","New York","ZIP code"
"R_7kaxV59fZ2hXquZ","33304","Florida","FL","Florida","Broward County","Fort Lauderdale","ZIP code"
"R_3gOBdp9mD0gilH4","60543","Illinois","IL","Illinois","Kendall County","Oswego","ZIP code"
"R_7dVib98aozyzYt3","08087","New Jersey","NJ","New Jersey","Ocean County","Tuckerton","ZIP code"
"R_3NlYf38e3re6Q37","44103","Ohio","OH","Ohio","Cuyahoga County","Cleveland","ZIP code"
"R_6U0jQK1umZ99QpK","21218","Massachusetts","MD","Maryland","Baltimore city","Baltimore","ZIP code"
"R_6yBvSSxpB0Bj9kJ","48439","Michigan","MI","Michigan","Genesee County","Grand Blanc","ZIP code"
"R_6kbkyqUQ9AEJgm1","24055","Virginia","VA","Virginia","Henry County","Bassett","ZIP code"
"R_7WCmHB15HWGZL0Y","60501","Illinois","IL","Illinois","Cook County","Summit Argo","ZIP code"
"R_3xXodzl1ZooXtJM","70669","Louisiana","LA","Louisiana","Calcasieu Parish","Westlake","ZIP code"
"R_6NwTPKIztbotADp","33160","Florida","FL","Florida","Miami-Dade County","North Miami Beach","ZIP code"
"R_6BldAiyDgI2dbfr","19962","Delaware","DE","Delaware","Kent County","Magnolia","ZIP code"
"R_3lO80qyAqBVdTbj","15644","Pennsylvania","PA","Pennsylvania","Westmoreland County","Jeannette","ZIP code"
"R_3oj7CNiSzL4U5Wv","80221","Colorado","CO","Colorado","Adams County","Denver","ZIP code"
"R_7dFIb3VE9MqCObX","20782","Maryland","MD","Maryland","Prince George's County","Hyattsville","ZIP code"
"R_3XghEpiYVw0Xk9J","94015","California","CA","California","San Mateo County","Daly City","ZIP code"
"R_1cZm9hpIbFiRcN5","91764","California","CA","California","San Bernardino County","Ontario","ZIP code"
"R_3rrDg24EMhHLzPl","48340","Michigan","MI","Michigan","Oakland County","Pontiac","ZIP code"
"R_3PcCvrfaOEOYMcV","98368","Washington","WA","Washington","Jefferson County","Port Townsend","ZIP code"
"R_5f3M96OMKWjVrul","90291","California","CA","California","Los Angeles County","Venice","ZIP code"
"R_6QYuIFlTGfabNuT","34747","Florida","FL","Florida","Osceola County","Kissimmee","ZIP code"
"R_1uvjMtrG14k0iT7","27332","North Carolina","NC","North Carolina","Lee County","Sanford","ZIP code"
"R_6fiVFlb5XeIC6O8","67211","Kansas","KS","Kansas","Sedgwick County","Wichita","ZIP code"
"R_1nP1DdK4LFuFUCG","33172","Florida","FL","Florida","Miami-Dade County","Miami","ZIP code"
"R_6RRniVSzkPXUqK5","61455","Illinois","IL","Illinois","McDonough County","Macomb","ZIP code"
"R_7UNczD9CFO9JcWZ","53218","Wisconsin","WI","Wisconsin","Milwaukee County","Milwaukee","ZIP code"
"R_6Ga27EsS1FYuPAa","27560","North Carolina","NC","North Carolina","Wake County","Morrisville","ZIP code"
"R_5PXe1mDUe2O1iA5","06811","Connecticut","CT","Connecticut","Fairfield County","Danbury","ZIP code"
"R_34tG4e2rhyINeE1","81003","Colorado","CO","Colorado","Pueblo County","Pueblo","ZIP code"
"R_3SNeqibhoC3BQVX","78402","Texas","TX","Texas","Nueces County","Corpus Christi","ZIP code"
"R_64uWuUL2LggHFB8","97702","Oregon","OR","Oregon","Deschutes County","Bend","ZIP code"
"R_7M0rW9Wr4SfzeYu","57719","South Dakota","SD","South Dakota","Pennington County","Box Elder","ZIP code"
"R_3pVvtpnJbqcE6Al","24593","Virginia","VA","Virginia","Appomattox County","Spout Spring","ZIP code"
"R_1fpUuLD5H8T5wU9","29203","South Carolina","SC","South Carolina","Richland County","Columbia","ZIP code"
"R_5txnUdH7FYuIT4I","77489","Texas","TX","Texas","Fort Bend County","Missouri City","ZIP code"
"R_6n2W3B5fKXwL6aB","21212","Maryland","MD","Maryland","Baltimore city","Baltimore","ZIP code"
"R_1P0fdeyuLg6rdRr","92545","California","CA","California","Riverside County","Hemet","ZIP code"
"R_1NAcQXT8vVAkHMl","19145","Pennsylvania","PA","Pennsylvania","Philadelphia County","Philadelphia","ZIP code"
"R_1MDV8S4doi81yCJ","60428","Illinois","IL","Illinois","Cook County","Markham","ZIP code"
"R_1pb8yW9013uBf6l","53227","Wisconsin","WI","Wisconsin","Milwaukee County","Milwaukee","ZIP code"
"R_7S0Gut2htZIZnCE","49007","Michigan","MI","Michigan","Kalamazoo County","Kalamazoo","ZIP code"
"R_6oHol49pqQ1IiCJ","10454","New York","NY","New York","Bronx County","Bronx","ZIP code"
"R_11Y1qoDwohoROQQ","48302","Michigan","MI","Michigan","Oakland County","Bloomfield Hills","ZIP code"
"R_3nceZ2y7a6GpeCt","47150","Indiana","IN","Indiana","Floyd County","New Albany","ZIP code"
"R_1NDlvO9N88rEBZr","20602","Maryland","MD","Maryland","Charles County","Waldorf","ZIP code"
"R_6f9aEqquJAtKdqN","66749","Kansas","KS","Kansas","Allen County","Iola","ZIP code"
"R_63D8Z8wcglISjIi","10455","New York","NY","New York","Bronx County","Bronx","ZIP code"
"R_13uZriu1RDkndoR","80126","Colorado","CO","Colorado","Douglas County","Littleton","ZIP code"
"R_3sZLka1Tzy6wXjs","92346","California","CA","California","San Bernardino County","Highland","ZIP code"
"R_5mlRX44Bj2a3DFG","89128","Nevada","NV","Nevada","Clark County","Las Vegas","ZIP code"
"R_3RvyTXDafDwJa87","07111","New Jersey","NJ","New Jersey","Essex County","Irvington","ZIP code"
"R_3Uax4x11aTDG96q","32202","Florida","FL","Florida","Duval County","Jacksonville","ZIP code"
"R_672sutNV2GKtKyB","84121","Utah","UT","Utah","Salt Lake County","Salt Lake City","ZIP code"
"R_6t2nygLdkdFvewN","24333","Virginia","VA","Virginia","Galax city","Galax","ZIP code"
"R_5Oj1cdIcKNhKuTM","08080","New Jersey","NJ","New Jersey","Gloucester County","Sewell","ZIP code"
"R_5zHhvaKeKeb1ZgF","29335","South Carolina","SC","South Carolina","Spartanburg County","Enoree","ZIP code"
"R_3qC8OTCxvBuRhfa","43201","Ohio","OH","Ohio","Franklin County","Columbus","ZIP code"
"R_7VlnkX5emEIQsy9","84102","Utah","UT","Utah","Salt Lake County","Salt Lake City","ZIP code"
"R_7hbOTH3IkykCSwV","77859","Texas","TX","Texas","Robertson County","Hearne","ZIP code"
"R_7fp5dcYw6JumVnr","97202","Oregon","OR","Oregon","Multnomah County","Portland","ZIP code"
"R_3Rr4y2s7XBS54iF","34698","Florida","FL","Florida","Pinellas County","Dunedin","ZIP code"
"R_6msJAZpjtLr5imU","81001","Colorado","CO","Colorado","Pueblo County","Pueblo","ZIP code"
"R_7uDMB726GNXXkjG","64138","Missouri","MO","Missouri","Jackson County","Kansas City","ZIP code"
"R_50phbe0TzM5YBpb","42410","Kentucky","KY","Kentucky","Hopkins County","Earlington","ZIP code"
"R_1BIfAlIz5Lo5tRv","60706","Illinois","IL","Illinois","Cook County","Harwood Heights","ZIP code"
"R_34CLwHGZBz6Lywh","79403","Texas","TX","Texas","Lubbock County","Lubbock","ZIP code"
"R_7gAppgOnsHFpEIk","20854","Maryland","MD","Maryland","Montgomery County","Potomac","ZIP code"
"R_3n0YX40NVSaLSPs","76039","Texas","TX","Texas","Tarrant County","Euless","ZIP code"
"R_3PVmhDkzAJptVC1","27018","North Carolina","NC","North Carolina","Yadkin County","East Bend","ZIP code"
"R_1iyaKY6B238x1eD","78247","Texas","TX","Texas","Bexar County","San Antonio","ZIP code"
"R_5Vr0GBevp1gChRt","19943","Delaware","DE","Delaware","Kent County","Felton","ZIP code"
"R_616rRjwHtr50uqq","38108","Tennessee","TN","Tennessee","Shelby County","Memphis","ZIP code"
"R_7BpSGi3QYCfsmJj","92071","California","CA","California","San Diego County","Santee","ZIP code"
"R_32y7oZaZDoUpFJ4","35951","Alabama","AL","Alabama","Marshall County","Albertville","ZIP code"
"R_7nZvEmnNjbDkdQ2","19802","Delaware","DE","Delaware","New Castle County","Wilmington","ZIP code"
"R_5Tz50gAp06sS98L","44103","Ohio","OH","Ohio","Cuyahoga County","Cleveland","ZIP code"
"R_6OO45teBgi3Kz5U","15221","Pennsylvania","PA","Pennsylvania","Allegheny County","Pittsburgh","ZIP code"
"R_12W3s0YD1UjAbUl","14220","New York","NY","New York","Erie County","Buffalo","ZIP code"
"R_6Z1KHKeXg49L1Dj","46407","Indiana","IN","Indiana","Lake County","Gary","ZIP code"
"R_1QW1LfMbuv1pC62","68106","Nebraska","NE","Nebraska","Douglas County","Omaha","ZIP code"
"R_3VptWgUzBwq080M","11570","New York","NY","New York","Nassau County","Rockville Centre","ZIP code"
"R_31SLVVjbS0iJlUb","43214","Ohio","OH","Ohio","Franklin County","Columbus","ZIP code"
"R_3hWlyN18WxOr3hw","78660","Texas","TX","Texas","Travis County","Pflugerville","ZIP code"
"R_1Mar4PI10FCmSiW","76115","Texas","TX","Texas","Tarrant County","Fort Worth","ZIP code"
"R_5KIJKFW4qPRixFj","03452","New Hampshire","NH","New Hampshire","Cheshire County","Jaffrey","ZIP code"
"R_3EtZ19mjQyY2R98","15317","Pennsylvania","PA","Pennsylvania","Washington County","Canonsburg","ZIP code"
"R_3aAYA9zpRJUfdSN","39484","Mississippi","MS","Mississippi",,,"ZIP prefix"
"R_5CVgkCkFevPwEuo","27613","North Carolina","NC","North Carolina","Wake County","Raleigh","ZIP code"
"R_50lfJ0OBj3l5y6v","77066","Texas","TX","Texas","Harris County","Houston","ZIP code"
"R_7ZJQbMQUCs2QOI2","25981","West Virginia","WV","West Virginia","Greenbrier County","Quinwood","ZIP code"
"R_6eyJ53lH9nmNu4k","24179","Virginia","VA","Virginia","Roanoke County","Vinton","ZIP code"
"R_3PhZspcH3KINx3J","33511","Florida","FL","Florida","Hillsborough County","Brandon","ZIP code"
"R_7ZTTSTNwRmqC6cX","23669","Virginia","VA","Virginia","Hampton city","Hampton","ZIP code"
"R_5VkXrZvpanvLCyR","60160","Illinois","IL","Illinois","Cook County","Melrose Park","ZIP code"
"R_75YCq4a0fRUizvK","74108","Oklahoma","OK","Oklahoma","Tulsa County","Tulsa","ZIP code"
"R_7IhIcdHKd6RfRnQ","16134","Pennsylvania","PA","Pennsylvania","Crawford County","Jamestown","ZIP code"
"R_6h6bXIaJYAMI07Y","21117","Maryland","MD","Maryland","Baltimore County","Owings Mills","ZIP code"
"R_3k0L4xIXLCRoX5X","87418","New Mexico","NM","New Mexico","San Juan County","La Plata","ZIP code"
"R_5SmcycqGWPd9zqx","22853","Virginia","VA","Virginia","Rockingham County","Timberville","ZIP code"
"R_1UU5PHlqMV3Oxnb","85053","Arizona","AZ","Arizona","Maricopa County","Phoenix","ZIP code"
"R_5PVcSbITFzAS1I5","80602","Colorado","CO","Colorado","Adams County","Brighton","ZIP code"
"R_3rOt1Gw02oKyidY","77449","Texas","TX","Texas","Harris County","Katy","ZIP code"
"R_3JcW1SCaU1oI5r3","03820","New Hampshire","NH","New Hampshire","Strafford County","Dover","ZIP code"
"R_3zT1bz5fQZjIZtT","39209","Mississippi","MS","Mississippi","Hinds County","Jackson","ZIP code"
"R_334tBf7UHWFuX1I","10039","New York","NY","New York","New York County","New York","ZIP code"
"R_3Lqw6YViGfsfNMG","47933","Indiana","IN","Indiana","Montgomery County","Crawfordsville","ZIP code"
"R_7Ny2m2Bdj6yZMWz","95359","California","CA","California",,,"ZIP prefix"
"R_5hGNN4d3Lao2NpY","22611","Virginia","VA","Virginia","Clarke County","Berryville","ZIP code"
"R_30H6vP2jxRBgyhb","60637","Illinois","IL","Illinois","Cook County","Chicago","ZIP code"
"R_1IWeql72Vc9iT4Z","20854","Maryland","MD","Maryland","Montgomery County","Potomac","ZIP code"
"R_1zCmw5FbZJJOE6i","29851","South Carolina","SC","South Carolina","Aiken County","Warrenville","ZIP code"
"R_6E4Zckpv2bDi7K8","46052","Indiana","IN","Indiana","Boone County","Lebanon","ZIP code"
"R_7ohw9ZOpTrGW1Rn","30088","Georgia","GA","Georgia","DeKalb County","Stone Mountain","ZIP code"
"R_1C1nWa1P9LMZAvW","43110","Ohio","OH","Ohio","Franklin County","Canal Winchester","ZIP code"
"R_3F55Yp6KqOck7yx","27410","North Carolina","NC","North Carolina","Guilford County","Greensboro","ZIP code"
"R_5CBA1aRXDCM1moV","15825","Pennsylvania","PA","Pennsylvania","Jefferson County","Brookville","ZIP code"
"R_1KATNNndSxoiuuY","44646","Ohio","OH","Ohio","Stark County","Massillon","ZIP code"
"R_198s9gw2Wjb3J0R","38501","Tennessee","TN","Tennessee","Putnam County","Cookeville","ZIP code"
"R_1cwu7XNwwXqbSUC","60169","Illinois","IL","Illinois","Cook County","Hoffman Estates","ZIP code"
"R_5ZNNsdUJbsqHF4A","36109","Alabama","AL","Alabama","Montgomery County","Montgomery","ZIP code"
"R_12go1YtfQd3keAu","54650","Wisconsin","WI","Wisconsin","La Crosse County","Onalaska","ZIP code"
"R_6OJu8CmhB5zLH9L","02126","Massachusetts","MA","Massachusetts","Suffolk County","Mattapan","ZIP code"
"R_3mXdOOezhWCoKA7","95843","California","CA","California","Sacramento County","Antelope","ZIP code"
"R_7X4h0ARww1Qe6Vq","96720","Hawaii","HI","Hawaii","Hawaii County","Hilo","ZIP code"
"R_5RUJyRtlXFDn8pl","85209","Arizona","AZ","Arizona","Maricopa County","Mesa","ZIP code"
"R_103vOWkrulDJY1b","98264","Washington","WA","Washington","Whatcom County","Lynden","ZIP code"
"R_5P17ytoLzgKvOkW","55313","Minnesota","MN","Minnesota","Wright County","Buffalo","ZIP code"
"R_1xxZjrCTmyuIFwc","13206","New York","NY","New York","Onondaga County","Syracuse","ZIP code"
"R_1j8JSrBPCkVPHw5","60628","Illinois","IL","Illinois","Cook County","Chicago","ZIP code"
"R_5ZYnnZKpGJYKx1L","06468","Connecticut","CT","Connecticut","Fairfield County","Monroe","ZIP code"
"R_375vHZEZHoiWCTD","63640","Missouri","MO","Missouri","St. Francois County","Farmington","ZIP code"
"R_7wUuwQsHB3bBiyR","60636","Illinois","IL","Illinois","Cook County","Chicago","ZIP code"
"R_5rI1tez2tAZioEQ","02118","Massachusetts","MA","Massachusetts","Suffolk County","Boston","ZIP code"
"R_6DnwcFD2LaXrgli","28054","North Carolina","NC","North Carolina","Gaston County","Gastonia","ZIP code"
"R_115IhZUSAdXevsu","14617","New York","NY","New York","Monroe County","Rochester","ZIP code"
"R_6LpAnjO5vPflQ3e","37343","Tennessee","TN","Tennessee","Hamilton County","Hixson","ZIP code"
"R_6saAbVLyugGJ8TP","76040","Texas","TX","Texas","Tarrant County","Euless","ZIP code"
"R_5SISehG2byPmJrD","11413","New York","NY","New York","Queens County","Springfield Gardens","ZIP code"
"R_7eblNxxSSIoXcu7","61201","Illinois","IL","Illinois","Rock Island County","Rock Island","ZIP code"
"R_12VcWhn03I3CWsa","28560","North Carolina","NC","North Carolina","Craven County","New Bern","ZIP code"
"R_7GivnnRSNUvLfjj","33815","Florida","FL","Florida","Polk County","Lakeland","ZIP code"
"R_6R1G3keRldNJR7v","80211","Colorado","CO","Colorado","Denver County","Denver","ZIP code"
"R_3qGXBXXi8i8eeiZ","07522","New Jersey","NJ","New Jersey","Passaic County","Paterson","ZIP code"
"R_6Eu85FCpBBRKZiS","28739","North Carolina","NC","North Carolina","Henderson County","Hendersonville","ZIP code"
"R_6fvjXvZMZ9VRXph","49726","Michigan","MI","Michigan","Chippewa County","Drummond Island","ZIP code"
"R_7GIDDIvgjFQDf7b","19540","Pennsylvania","PA","Pennsylvania","Berks County","Mohnton","ZIP code"
"R_6e8qBTxnsSrvlvn","35904","Alabama","AL","Alabama","Etowah County","Gadsden","ZIP code"
"R_6CjhoGzZSXrxDJf","60641","Illinois","IL","Illinois","Cook County","Chicago","ZIP code"
"R_1g4ODTlID2XqAQp","10471","New York","NY","New York","Bronx County","Bronx","ZIP code"
"R_7P69td85BWu9tKV","08055","New Jersey","NJ","New Jersey","Burlington County","Medford","ZIP code"
"R_5G7XsqI4hdlS3XX","39364","Mississippi","MS","Mississippi","Lauderdale County","Toomsuba","ZIP code"
"R_6jfjY7NUvhKE7Vy","38109","Tennessee","TN","Tennessee","Shelby County","Memphis","ZIP code"
"R_5TyrDa7iPCjEpKF","92870","California","CA","California","Orange County","Placentia","ZIP code"
"R_6u8yKfpWyLptC7f","95628","California","CA","California","Sacramento County","Fair Oaks","ZIP code"
"R_6CwVs8hpC4tT2Kt","48206","Michigan","MI","Michigan","Wayne County","Detroit","ZIP code"
"R_3FEytwifspM9ufz","78660","Texas","TX","Texas","Travis County","Pflugerville","ZIP code"
"R_6PTczOrHlrocrId","36117","Alabama","AL","Alabama","Montgomery County","Montgomery","ZIP code"
"R_7j6rXuCw3x4GVLA","44130","Ohio","OH","Ohio","Cuyahoga County","Cleveland","ZIP code"
"R_6B2nJwjQBs9eDQ7","19610","Pennsylvania","PA","Pennsylvania","Berks County","Reading","ZIP code"
"R_56kPXZCEPZUmX3b","55044","Minnesota","MN","Minnesota","Dakota County","Lakeville","ZIP code"
"R_1Vg8ncoklKnpMZX","12804","New York","NY","New York","Warren County","Queensbury","ZIP code"
"R_7D2xAeRkRej5n6l","53219","Wisconsin","WI","Wisconsin","Milwaukee County","Milwaukee","ZIP code"
"R_3pWRnMloc4xjl94","18102","Pennsylvania","PA","Pennsylvania","Lehigh County","Allentown","ZIP code"
"R_7W8t5fOIzYsLYd3","08332","New Jersey","NJ","New Jersey","Cumberland County","Millville","ZIP code"
"R_6ptBHBKD0MENkHq","42539","Kentucky","KY","Kentucky","Casey County","Liberty","ZIP code"
"R_6IpUxMVxp7hUv85","30291","Georgia","GA","Georgia","Fulton County","Union City","ZIP code"
"R_1zzHglAc0BDfrEq","23463","Virginia","VA","Virginia","Virginia Beach City","Virginia Beach","ZIP code"
"R_6KPXL9ygEA5Z3Xn","42001","Kentucky","KY","Kentucky","McCracken County","Paducah","ZIP code"
"R_3wsOJbh1voeuhvJ","72210","Arkansas","AR","Arkansas","Pulaski County","Little Rock","ZIP code"
"R_5ZKTGTe4CBYXxGD","95758","California","CA","California","Sacramento County","Elk Grove","ZIP code"
"R_6iLvyktez1mxBBl","10451","New York","NY","New York","Bronx County","Bronx","ZIP code"
"R_7LKxxKQOB4YcUQ9","17603","Pennsylvania","PA","Pennsylvania","Lancaster County","Lancaster","ZIP code"
"R_7FFv0hcEmxLat4R","02136","Massachusetts","MA","Massachusetts","Suffolk County","Hyde Park","ZIP code"
"R_3Etrz2hFeElDmqc","77094","Texas","TX","Texas","Harris County","Houston","ZIP code"
"R_6vufPC6oFQ3JbwJ","71106","Louisiana","LA","Louisiana","Caddo Parish","Shreveport","ZIP code"
"R_5JFa2Wbta87S1Ar","11413","New York","NY","New York","Queens County","Springfield Gardens","ZIP code"
"R_75YlMQ6NFtNtPyK","65203","Missouri","MO","Missouri","Boone County","Columbia","ZIP code"
"R_3pZ1zaA6UHA5nC4","27530","North Carolina","NC","North Carolina","Wayne County","Goldsboro","ZIP code"
"R_6qoxNECo8tH07ip","33467","Florida","FL","Florida","Palm Beach County","Lake Worth","ZIP code"
"R_5t2SBbBoHdofECD","92606","California","CA","California","Orange County","Irvine","ZIP code"
"R_7vBiM6ZJ849l5aV","98664","Washington","WA","Washington","Clark County","Vancouver","ZIP code"
"R_3F4GswyeyEI586B","67212","Kansas","KS","Kansas","Sedgwick County","Wichita","ZIP code"
"R_1FQCR5qZoz2o7y9","41301","Kentucky","KY","Kentucky","Wolfe County","Campton","ZIP code"
"R_5jSyMgDXJbqqaSy","34684","Florida","FL","Florida","Pinellas County","Palm Harbor","ZIP code"
"R_6Sb7Rhut4paMyvn","32164","Florida","FL","Florida","Flagler County","Palm Coast","ZIP code"
"R_5V6aw5TNWZv3i0x","77583","Texas","TX","Texas","Brazoria County","Rosharon","ZIP code"
"R_6D5yj0vkubh9FxK","78358","Texas","TX","Texas","Aransas County","Fulton","ZIP code"
"R_57jKWaqUbAuD6KV","33069","Florida","FL","Florida","Broward County","Pompano Beach","ZIP code"
"R_1jK8jSX9xN4CzjI","37013","Tennessee","TN","Tennessee","Davidson County","Antioch","ZIP code"
"R_6CCKITICJA0b93f","91730","California","CA","California","San Bernardino County","Rancho Cucamonga","ZIP code"
"R_3wuD5dWA4yY146v","26501","West Virginia","WV","West Virginia","Monongalia County","Morgantown","ZIP code"
"R_5ygwRF8glKXIhDr","28146","North Carolina","NC","North Carolina","Rowan County","Salisbury","ZIP code"
"R_5PpON5x5Jdjuh8Z","32440","Florida","FL","Florida","Jackson County","Graceville","ZIP code"
"R_6OpmswU12JlWhLO","93291","California","CA","California","Tulare County","Visalia","ZIP code"
"R_14j6Samr3sq207p","92407","California","CA","California","San Bernardino County","San Bernardino","ZIP code"
"R_3ZUKAH5BASBnGV3","43207","Ohio","OH","Ohio","Franklin County","Columbus","ZIP code"
"R_3Sk4NspmqkuEuv7","08003","New Jersey","NJ","New Jersey","Camden County","Cherry Hill","ZIP code"
"R_7dDJbtW1LJbAz7o","02134","Massachusetts","MA","Massachusetts","Suffolk County","Allston","ZIP code"
"R_71iT9iPIlsh2KxH","77515","Texas","TX","Texas","Brazoria County","Angleton","ZIP code"
"R_5NGfwYsNiCuqwo1","95634","California","CA","California","El Dorado County","Georgetown","ZIP code"
"R_7EXMjGRRUJXhwcN","33615","Florida","FL","Florida","Hillsborough County","Tampa","ZIP code"
"R_13860Ro3NTp1kEV","34116","Florida","FL","Florida","Collier County","Naples","ZIP code"
"R_7UKmCSx3CLw4Kkh","78572","Texas","TX","Texas","Hidalgo County","Mission","ZIP code"
"R_335UcJ8RvM9h4hH","79835","Texas","TX","Texas","El Paso County","Canutillo","ZIP code"
"R_3MnuaUzok8378wG","78723","Texas","TX","Texas","Travis County","Austin","ZIP code"
"R_6e4Il2qYzsH8uHf","14624","New York","NY","New York","Monroe County","Rochester","ZIP code"
"R_7xRbQEuABcWCqFr","22401","Virginia","VA","Virginia","Fredericksburg city","Fredericksburg","ZIP code"
"R_7OoWtktlmiV6OOf","01609","Massachusetts","MA","Massachusetts","Worcester County","Worcester","ZIP code"
"R_53TTIUP0eYRfEbP","08530","New Jersey","NJ","New Jersey","Hunterdon County","Lambertville","ZIP code"
"R_5In5NGvxsmzLeox","98108","Washington","WA","Washington","King County","Seattle","ZIP code"
"R_5ikhYrHnRXCLCpB","44646","Ohio","OH","Ohio","Stark County","Massillon","ZIP code"
"R_7lco3MFWZcKBHke","07735","New Jersey","NJ","New Jersey","Monmouth County","Keyport","ZIP code"
"R_1cwGtsWSDZPFIjI","60089","Illinois","IL","Illinois","Lake County","Buffalo Grove","ZIP code"
"R_5mIuwkuWfo08wYp","95829","California","CA","California","Sacramento County","Sacramento","ZIP code"
"R_6amKw8fItcoNhu4","22201","Virginia","VA","Virginia","Arlington County","Arlington","ZIP code"
"R_74Cn6mIDp5J0kqj","94105","California","CA","California","San Francisco County","San Francisco","ZIP code"
"R_7hMwn4N7msZQG2S","20783","Maryland","MD","Maryland","Prince George's County","Hyattsville","ZIP code"
"R_6YQiQEDoXmLKPwU","93446","California","CA","California","San Luis Obispo County","Paso Robles","ZIP code"
"R_34nMygDA4WOccW4","63144","Missouri","MO","Missouri","St. Louis County","Saint Louis","ZIP code"
"R_5CNQBRZTHEnpNaA","47374","Indiana","IN","Indiana","Wayne County","Richmond","ZIP code"
"R_3veIOaXhXTfjzN9","80205","Colorado","CO","Colorado","Denver County","Denver","ZIP code"
"R_5Wb5u96qg2JtMOt","85295","Arizona","AZ","Arizona","Maricopa County","Gilbert","ZIP code"
"R_7InG1eCwxbgNvMJ","32606","Florida","FL","Florida","Alachua County","Gainesville","ZIP code"
"R_6330I1dacCHLJHb","92120","California","CA","California","San Diego County","San Diego","ZIP code"
"R_7FYcfHcRroAwPq9","32216","Florida","FL","Florida","Duval County","Jacksonville","ZIP code"
"R_3q4jbd1UV8XxlZx","30168","Georgia","GA","Georgia","Cobb County","Austell","ZIP code"
"R_6gQj29OcO13aQeJ","11575","New York","NY","New York","Nassau County","Roosevelt","ZIP code"
"R_6lVvp7qN5sQxMOG","98696","Washington","WA","Washington",,,"ZIP prefix"
"R_30BsOkNusXCIj2V","18103","Pennsylvania","PA","Pennsylvania","Lehigh County","Allentown","ZIP code"
"R_3zoAjBpN93MTQSl","60565","Illinois","IL","Illinois","DuPage County","Naperville","ZIP code"
"R_1a96FSzBg0cjP2P","21234","Maryland","MD","Maryland","Baltimore County","Parkville","ZIP code"
"R_7cpTPAfVFvccaTe","30318","Georgia","GA","Georgia","Fulton County","Atlanta","ZIP code"
"R_62JbQ4uCvde068b","44646","Ohio","OH","Ohio","Stark County","Massillon","ZIP code"
"R_1DaWr9XgidCbF8B","75654","Texas","TX","Texas","Rusk County","Henderson","ZIP code"
"R_7o8S5UU4p2vROaB","98312","Washington","WA","Washington","Kitsap County","Bremerton","ZIP code"
"R_1dHz3EDmGmvCMmd","77399","Texas","TX","Texas","Polk County","Livingston","ZIP code"
"R_3P6ayRvOfDZe66S","07307","New Jersey","NJ","New Jersey","Hudson County","Jersey City","ZIP code"
"R_6ydXVUjhaYNpQlq","78264","Texas","TX","Texas","Bexar County","San Antonio","ZIP code"
"R_6QDOuwHtLv3bWPJ","14150","New York","NY","New York","Erie County","Tonawanda","ZIP code"
"R_3okdizWYSm6eVYM","03062","New Hampshire","NH","New Hampshire","Hillsborough County","Nashua","ZIP code"
"R_6gDZ7GhVLQv49EZ","93003","California","CA","California","Ventura County","Ventura","ZIP code"
"R_6TZCcGb4BVCouAi","48504","Michigan","MI","Michigan","Genesee County","Flint","ZIP code"
"R_6hKJ8qQ30m6Yp6A","28412","North Carolina","NC","North Carolina","New Hanover County","Wilmington","ZIP code"
"R_6IQxyd1gXlNLKxo","48642","Michigan","MI","Michigan","Midland County","Midland","ZIP code"
"R_66msg4Q1YcS9kSB","91780","California","CA","California","Los Angeles County","Temple City","ZIP code"
"R_6KkJmFxKOXbLGQ9","48033","Michigan","MI","Michigan","Oakland County","Southfield","ZIP code"
"R_7SkKu1rKCuErZRH","94591","California","CA","California","Solano County","Vallejo","ZIP code"
"R_5AZ6c8jqpRqYsSm","20171","Virginia","VA","Virginia","Fairfax County","Herndon","ZIP code"
"R_7f8WAetaQNA9muY","37115","Tennessee","TN","Tennessee","Davidson County","Madison","ZIP code"
"R_5im1UJtiGplwSEt","63301","Missouri","MO","Missouri","St. Charles County","Saint Charles","ZIP code"
"R_5bIyCKPkKeOtDDl","11577","New York","NY","New York","Nassau County","Roslyn Heights","ZIP code"
"R_6JXTiPESm0sr09b","76148","Texas","TX","Texas","Tarrant County","Fort Worth","ZIP code"
"R_5k4Fjg1OQudu40J","44406","Ohio","OH","Ohio","Mahoning County","Canfield","ZIP code"
"R_5o7RRqXCZM68T6V","47909","Indiana","IN","Indiana","Tippecanoe County","Lafayette","ZIP code"
"R_6fWbjIGQIyRWs4o","53558","Wisconsin","WI","Wisconsin","Dane County","Mc Farland","ZIP code"
"R_6PjTcWQlWZQ0a1d","91335","California","CA","California","Los Angeles County","Reseda","ZIP code"
"R_747zGjZzx7CcT8J","97301","Oregon","OR","Oregon","Marion County","Salem","ZIP code"
"R_6psblWMo451hBQ7","43016","Ohio","OH","Ohio","Franklin County","Dublin","ZIP code"
"R_1eUNHkLd9wJq4BY","33025","Florida","FL","Florida","Broward County","Hollywood","ZIP code"
"R_6DJ50u1DKw6wkDi","23503","Virginia","VA","Virginia","Norfolk city","Norfolk","ZIP code"
"R_3RgeX4pS2a60grT","11735","New York","NY","New York","Nassau County","Farmingdale","ZIP code"
"R_6imu0WbCdOLHjCZ","48170","Michigan","MI","Michigan","Wayne County","Plymouth","ZIP code"
"R_7V4TCLbA5JRIKPu","10468","New York","NY","New York","Bronx County","Bronx","ZIP code"
"R_1xDEIFeXoDYtsVa","26104","West Virginia","WV","West Virginia","Wood County","Parkersburg","ZIP code"
"R_3XtCNQ1OHZROURb","29707","South Carolina","SC","South Carolina","Lancaster County","Fort Mill","ZIP code"
"R_5xQ8zDM27cbfLEe","85374","Arizona","AZ","Arizona","Maricopa County","Surprise","ZIP code"
"R_7cV7222repSphve","37857","Tennessee","TN","Tennessee","Hawkins County","Rogersville","ZIP code"
"R_6EnGm2tJyUSKRtf","21801","Maryland","MD","Maryland","Wicomico County","Salisbury","ZIP code"
"R_3LXwkFpjG4xcSCg","14043","New York","NY","New York","Erie County","Depew","ZIP code"
"R_3txRz2fKBwsKBcE","08003","New Jersey","NJ","New Jersey","Camden County","Cherry Hill","ZIP code"
"R_1ZNC5fbzuSaNtLu","11729","New York","NY","New York","Suffolk County","Deer Park","ZIP code"
"R_3fkqLTqg98WU6L7","68864","Nebraska","NE","Nebraska","Merrick County","Palmer","ZIP code"
"R_3GTQNoKcGatdpTV","18201","Pennsylvania","PA","Pennsylvania","Luzerne County","Hazleton","ZIP code"
"R_5mBhLQMxzJwGlgt","66502","Kansas","KS","Kansas","Riley County","Manhattan","ZIP code"
"R_5X6c01PfAY4eYsp","90803","California","CA","California","Los Angeles County","Long Beach","ZIP code"
"R_6lm3OwABiTrqQ7v","60445","Illinois","IL","Illinois","Cook County","Midlothian","ZIP code"
"R_74kfqDiTjftR08F","79414","Texas","TX","Texas","Lubbock County","Lubbock","ZIP code"
"R_7GDXaFg1GcnZOQV","07675","New Jersey","NJ","New Jersey","Bergen County","Westwood","ZIP code"
"R_73V3AWBkhaipZuh","14224","New York","NY","New York","Erie County","Buffalo","ZIP code"
"R_5dsDMGe8AwzEnCU","12095","New York","NY","New York","Fulton County","Johnstown","ZIP code"
"R_6rqK6yyLP9dUm7i","92257","California","CA","California","Imperial County","Niland","ZIP code"
"R_6dGiP1KEIzMKp37","02169","Massachusetts","MA","Massachusetts","Norfolk County","Quincy","ZIP code"
"R_133tfvoTryF0Pip","98168","Washington","WA","Washington","King County","Seattle","ZIP code"
"R_1sAHCWaXs4oyvmB","50648","Iowa","IA","Iowa","Buchanan County","Jesup","ZIP code"
"R_3F1YRBiSfokzc6l","75057","Texas","TX","Texas","Denton County","Lewisville","ZIP code"
"R_1gXcy2nqGjUUVBL","62644","Illinois","IL","Illinois","Mason County","Havana","ZIP code"
"R_6FLlqVlHTRoKeWD","30017","Georgia","GA","Georgia","Gwinnett County","Grayson","ZIP code"
"R_3NsQpNhwScJgu4F","32425","Florida","FL","Florida","Holmes County","Bonifay","ZIP code"
"R_7hNiBTtXmzmT4qJ","50647","Iowa","IA","Iowa","Bremer County","Janesville","ZIP code"
"R_1c78t1YQpwhXQfg","77021","Texas","TX","Texas","Harris County","Houston","ZIP code"
"R_3xKSGkTZUVckXUv","92056","California","CA","California","San Diego County","Oceanside","ZIP code"
"R_6IXJIw276G5Tq4W","62040","Illinois","IL","Illinois","Madison County","Granite City","ZIP code"
"R_3OiGlnetCuwzAyv","33023","Florida","FL","Florida","Broward County","Hollywood","ZIP code"
"R_1p4RLrW5IwKrZYf","28348","North Carolina","NC","North Carolina","Cumberland County","Hope Mills","ZIP code"
"R_3bHoIoaqPvvcBgm","73112","Oklahoma","OK","Oklahoma","Oklahoma County","Oklahoma City","ZIP code"
"R_5OU1gZI3GYg5jwZ","94555","California","CA","California","Alameda County","Fremont","ZIP code"
"R_7ffRkMKda19vwIg","28401","North Carolina","NC","North Carolina","New Hanover County","Wilmington","ZIP code"
"R_6E5NEu46vgVVV4Z","11377","New York","NY","New York","Queens County","Woodside","ZIP code"
"R_5hmy8LypogE7Hkx","75904","Texas","TX","Texas","Angelina County","Lufkin","ZIP code"
"R_1gpscmQLzXNDzfc","21122","Maryland","MD","Maryland","Anne Arundel County","Pasadena","ZIP code"
"R_1SqUerBCf4r9H0W","60089","Illinois","IL","Illinois","Lake County","Buffalo Grove","ZIP code"
"R_3EHbO0JylebJro6","39305","Mississippi","MS","Mississippi","Lauderdale County","Meridian","ZIP code"
"R_1kNFc5ONapTF7uV","90028","California","CA","California","Los Angeles County","Los Angeles","ZIP code"
"R_6NxJiB5bYjAGBPJ","72117","Arkansas","AR","Arkansas","Pulaski County","North Little Rock","ZIP code"
"R_3QVxLapLHr6hXe2","11429","New York","NY","New York","Queens County","Queens Village","ZIP code"
"R_59uZrfh7zNjjZ3X","77077","Texas","TX","Texas","Harris County","Houston","ZIP code"
"R_6IszGPYNHNAFkrV","48192","Michigan","MI","Michigan","Wayne County","Wyandotte","ZIP code"
"R_6imK2sO3lOmMc1j","21613","Maryland","MD","Maryland","Dorchester County","Cambridge","ZIP code"
"R_38RNt6JPh5kr3z5","95448","California","CA","California","Sonoma County","Healdsburg","ZIP code"
"R_3V7zPfi80py4Tg5","49037","Michigan","MI","Michigan","Calhoun County","Battle Creek","ZIP code"
"R_1FP2LMZwNDWAURb","19083","Pennsylvania","PA","Pennsylvania","Delaware County","Havertown","ZIP code"
"R_1KZ2cBtFwEZ59kw","01082","Massachusetts","MA","Massachusetts","Hampshire County","Ware","ZIP code"
"R_3neLUVDOpa5S6Rj","46269","Indiana","IN","Indiana",,,"ZIP prefix"
"R_624oBYB57VosZnn","06010","Connecticut","CT","Connecticut","Hartford County","Bristol","ZIP code"
"R_5EAOECR8lRxjAnH","76248","Texas","TX","Texas","Tarrant County","Keller","ZIP code"
"R_30TcIhtpwRNeOCa","53188","Wisconsin","WI","Wisconsin","Waukesha County","Waukesha","ZIP code"
"R_7ldFDKOU1184Br3","40517","Kentucky","KY","Kentucky","Fayette County","Lexington","ZIP code"
"R_17QDfN4kTQ6Uifn","95407","California","CA","California","Sonoma County","Santa Rosa","ZIP code"
"R_1NoPZv7sLxsT83v","06062","Connecticut","CT","Connecticut","Hartford County","Plainville","ZIP code"
"R_11lPDKZxxNPslP3","47904","Indiana","IN","Indiana","Tippecanoe County","Lafayette","ZIP code"
"R_6ldaPuvjPgD4881","06051","Connecticut","CT","Connecticut","Hartford County","New Britain","ZIP code"
"R_5KAXtkq6QzB40a8","90277","California","CA","California","Los Angeles County","Redondo Beach","ZIP code"
"R_5yuZRQO2CyiNtyp","19971","Delaware","DE","Delaware","Sussex County","Rehoboth Beach","ZIP code"
"R_3EoBTnadq1L9X6y","08054","New Jersey","NJ","New Jersey","Burlington County","Mount Laurel","ZIP code"
"R_7ilkob9Owa96lh5","35211","Alabama","AL","Alabama","Jefferson County","Birmingham","ZIP code"
"R_3DASXf53kUSTA7Z","48340","Michigan","MI","Michigan","Oakland County","Pontiac","ZIP code"
"R_5ff8REhRk9T7X9D","64089","Missouri","MO","Missouri","Clay County","Smithville","ZIP code"
"R_7oRTxxudwNQ0sIp","18067","Pennsylvania","PA","Pennsylvania","Northampton County","Northampton","ZIP code"
"R_3qrfHzAIO1eyCfT","17011","Pennsylvania","PA","Pennsylvania","Cumberland County","Camp Hill","ZIP code"
"R_5RUNhQBYXuwnxBD","27834","North Carolina","NC","North Carolina","Pitt County","Greenville","ZIP code"
"R_7SHsQJct9Qyom4P","45150","Ohio","OH","Ohio","Clermont County","Milford","ZIP code"
"R_73UoBnCuJT4sz9D","80202","Colorado","CO","Colorado","Denver County","Denver","ZIP code"
"R_6QPq4fTwl6ZdcYV","37660","Tennessee","TN","Tennessee","Sullivan County","Kingsport","ZIP code"
"R_740jCldpoXZF38c","35405","Alabama","AL","Alabama","Tuscaloosa County","Tuscaloosa","ZIP code"
"R_5Ntm13BdEnzhXXz","56373","Minnesota","MN","Minnesota","Morrison County","Royalton","ZIP code"
"R_3nuvuaB1myIkHV3","54115","Wisconsin","WI","Wisconsin","Brown County","De Pere","ZIP code"
"R_1mMXqNCuh7BNQf7","32259","Florida","FL","Florida","St. Johns County","Saint Johns","ZIP code"
"R_7CDQBRbYVibEBLE","38834","Mississippi","MS","Mississippi","Alcorn County","Corinth","ZIP code"
"R_5mrt6XU5btAciVh","48036","Michigan","MI","Michigan","Macomb County","Clinton Township","ZIP code"
"R_53jnwm5GEUTMXPD","48228","Michigan","MI","Michigan","Wayne County","Detroit","ZIP code"
"R_5iqhE2V7v9uoVCu","27203","North Carolina","NC","North Carolina","Randolph County","Asheboro","ZIP code"
"R_53wOrfCgYy3ri3q","38063","Tennessee","TN","Tennessee","Lauderdale County","Ripley","ZIP code"
"R_7L1HiA4s25k6QQu","14511","New York","NY","New York","Monroe County","Mumford","ZIP code"
"R_1IGeZAeFkn0sfx8","30354","Georgia","GA","Georgia","Fulton County","Atlanta","ZIP code"
"R_5nBrD0blTfJs7Ue","11552","New York","NY","New York","Nassau County","West Hempstead","ZIP code"
"R_3gBg761613ndmrf","75233","Texas","TX","Texas","Dallas County","Dallas","ZIP code"
"R_5EzUMp6Mk3xQvW9","53219","Wisconsin","WI","Wisconsin","Milwaukee County","Milwaukee","ZIP code"
"R_1OxqlrsusRgIk5r","15221","Pennsylvania","PA","Pennsylvania","Allegheny County","Pittsburgh","ZIP code"
"R_5tu6mk5QlflNDsA","66614","Kansas","KS","Kansas","Shawnee County","Topeka","ZIP code"
"R_1hR0Tl8mTLMtyoS","89148","Nevada","NV","Nevada","Clark County","Las Vegas","ZIP code"
"R_3m7rSLuv5NX0yMU","32177","Florida","FL","Florida","Putnam County","Palatka","ZIP code"
"R_6zpuYRtYRm2zjyr","85283","Arizona","AZ","Arizona","Maricopa County","Tempe","ZIP code"
"R_7hFE3P3ayD7D3GI","43701","Ohio","OH","Ohio","Muskingum County","Zanesville","ZIP code"
"R_5aUAlZfRjcq3AzY","62912","Illinois","IL","Illinois","Johnson County","Buncombe","ZIP code"
"R_6IZyAMkvn44Zw4h","72941","Arkansas","AR","Arkansas","Sebastian County","Lavaca","ZIP code"
"R_11bSGBM5tV5H4j2","38012","Tennessee","TN","Tennessee","Haywood County","Brownsville","ZIP code"
"R_5ImodvINSc39hAZ","70802","Louisiana","LA","Louisiana","East Baton Rouge Parish","Baton Rouge","ZIP code"
"R_7DhWpdlKZX38nLj","92548","California","CA","California","Riverside County","Homeland","ZIP code"
"R_5HIXeSpMlpquT3X","21223","Maryland","MD","Maryland","Baltimore city","Baltimore","ZIP code"
"R_7OZe05dfziac2TT","16509","Pennsylvania","PA","Pennsylvania","Erie County","Erie","ZIP code"
"R_5KpuGBCvONipfKw","28433","North Carolina","NC","North Carolina","Bladen County","Clarkton","ZIP code"
"R_1CE02Dyp7SgFMpt","72113","Arkansas","AR","Arkansas","Pulaski County","Maumelle","ZIP code"
"R_7eOZ63nOwbWF4yx","01085","Massachusetts","MA","Massachusetts","Hampden County","Westfield","ZIP code"
"R_3nwMtI5N8VyAstI","02169","Massachusetts","MA","Massachusetts","Norfolk County","Quincy","ZIP code"
"R_3BReMEPmeqPyfA1","47371","Indiana","IN","Indiana","Jay County","Portland","ZIP code"
"R_5DNkeZgYyCQqvcd","21643","Maryland","MD","Maryland","Dorchester County","Hurlock","ZIP code"
"R_5c8STkYiBiGFGvv","89134","Nevada","NV","Nevada","Clark County","Las Vegas","ZIP code"
"R_3EnnnXcIgjfIYR4","94536","California","CA","California","Alameda County","Fremont","ZIP code"
"R_5qg2MRfbZ3l2J0p","99328","Washington","WA","Washington","Columbia County","Dayton","ZIP code"
"R_58LFh6ZBYgDr6il","92846","California","CA","California","Orange County","Garden Grove","ZIP code"
"R_5Tt1KOLvM0qmIiz","33612","Florida","FL","Florida","Hillsborough County","Tampa","ZIP code"
"R_5rNZJjRtb4WNzdt","97425","Oregon","OR","Oregon","Klamath County","Crescent Lake","ZIP code"
"R_7abJmtUxjYLgdy1","75904","Texas","TX","Texas","Angelina County","Lufkin","ZIP code"
"R_3CyyRNrRqCGPjRT","29627","South Carolina","SC","South Carolina","Anderson County","Belton","ZIP code"
"R_3AQjNwn6Szy3llf","49686","Michigan","MI","Michigan","Grand Traverse County","Traverse City","ZIP code"
"R_3cSTlvhFNqpmPvP","32514","Florida","FL","Florida","Escambia County","Pensacola","ZIP code"
"R_3DwkkUWPUOBxAhT","94565","California","CA","California","Contra Costa County","Pittsburg","ZIP code"
"R_3MaMH5k1YVZZ2Wq","37660","Tennessee","TN","Tennessee","Sullivan County","Kingsport","ZIP code"
"R_1jWnO4KbkkSg0Z1","92277","California","CA","California","San Bernardino County","Twentynine Palms","ZIP code"
"R_3lEvBaJbl9dTR4t","11228","New York","NY","New York","Kings County","Brooklyn","ZIP code"
"R_6rFq33sZKENzTEt","15221","Pennsylvania","PA","Pennsylvania","Allegheny County","Pittsburgh","ZIP code"
"R_3frO0yAQ3WWEBj5","91942","California","CA","California","San Diego County","La Mesa","ZIP code"
"R_7XmLYVev5BJnFTu","74146","Oklahoma","OK","Oklahoma","Tulsa County","Tulsa","ZIP code"
"R_3DUfErfRYgxuuv7","29044","South Carolina","SC","South Carolina","Richland County","Eastover","ZIP code"
"R_1qVqTiNgAeQHGEv","91786","California","CA","California","San Bernardino County","Upland","ZIP code"
"R_6QQmL2OHTYNfVdb","20850","Maryland","MD","Maryland","Montgomery County","Rockville","ZIP code"
"R_1eRZgfbAgxwvMlr","97229","Oregon","OR","Oregon","Washington County","Portland","ZIP code"
"R_5Gx4XyTN2o3aRP5","23606","Virginia","VA","Virginia","Newport News city","Newport News","ZIP code"
"R_65wiWpLJhhQBGhz","78228","Texas","TX","Texas","Bexar County","San Antonio","ZIP code"
"R_5Hhk46I0fflCfJ1","56621","Minnesota","MN","Minnesota","Clearwater County","Bagley","ZIP code"
"R_3D6oleeaLzMcAbr","30314","Georgia","GA","Georgia","Fulton County","Atlanta","ZIP code"
"R_5rScA6tgkcHvvOW","56601","Minnesota","MN","Minnesota","Beltrami County","Bemidji","ZIP code"
"R_1FgFnmFrfxSrCxL","73036","Oklahoma","OK","Oklahoma","Canadian County","El Reno","ZIP code"
"R_70Tt2mAZCIOjJfE","48224","Michigan","MI","Michigan","Wayne County","Detroit","ZIP code"
"R_6eFzapZjMhA7T9B","29662","South Carolina","SC","South Carolina","Greenville County","Mauldin","ZIP code"
"R_14OZ6nYscAopl96","39756","Mississippi","MS","Mississippi","Clay County","Prairie","ZIP code"
"R_1CBdBt2wytbiUx3","66542","Kansas","KS","Kansas","Shawnee County","Tecumseh","ZIP code"
"R_5y8Je7GLEHmQBhf","98226","Washington","WA","Washington","Whatcom County","Bellingham","ZIP code"
"R_3kndXnTzYE6SQnS","32606","Florida","FL","Florida","Alachua County","Gainesville","ZIP code"
"R_5JCuX5jdyPLN3di","45601","Ohio","OH","Ohio","Ross County","Chillicothe","ZIP code"
"R_75lpb9FvvZWQkrD","64804","Missouri","MO","Missouri","Jasper County","Joplin","ZIP code"
"R_5GE3wMLeKy8fDv7","48183","Michigan","MI","Michigan","Wayne County","Trenton","ZIP code"
"R_6jZbSVlpVXf7Kjc","35453","Alabama","AL","Alabama","Tuscaloosa County","Cottondale","ZIP code"
"R_3o7i87jLlN836Rk","87104","New Mexico","NM","New Mexico","Bernalillo County","Albuquerque","ZIP code"
"R_6gTKG7sip8fM8Qe","30311","Georgia","GA","Georgia","Fulton County","Atlanta","ZIP code"
"R_5MKk1En6k5EIV6y","32571","Florida","FL","Florida","Santa Rosa County","Milton","ZIP code"
"R_3xF9OlWUEyh2HG9","34771","Florida","FL","Florida","Osceola County","Saint Cloud","ZIP code"
"R_3ArQ9eMJlVF3MAh","98387","Washington","WA","Washington","Pierce County","Spanaway","ZIP code"
"R_63UzfFf3rvEQCgp","18040","Pennsylvania","PA","Pennsylvania","Northampton County","Easton","ZIP code"
"R_7l9VgjMN2AfG09v","63010","Missouri","MO","Missouri","Jefferson County","Arnold","ZIP code"
"R_1WNLsgXcPM1MzSX","75082","Texas","TX","Texas","Collin County","Richardson","ZIP code"
"R_5QfxaVnFf3xqx2s","21206","Maryland","MD","Maryland","Baltimore city","Baltimore","ZIP code"
"R_5IsYFuawz4p8kxA","32210","Florida","FL","Florida","Duval County","Jacksonville","ZIP code"
"R_5Gll4ZtMyQ6No5P","70339","Louisiana","LA","Louisiana","Assumption Parish","Pierre Part","ZIP code"
"R_61MYgL6Ul7dn847","96814","Hawaii","HI","Hawaii","Honolulu County","Honolulu","ZIP code"
"R_6cgvrAMwNWkLwGJ","92307","California","CA","California","San Bernardino County","Apple Valley","ZIP code"
"R_1CEmPHMhidVU8yI","33604","Florida","FL","Florida","Hillsborough County","Tampa","ZIP code"
"R_3MQJHvgKYSlXR4z","80232","Colorado","CO","Colorado","Jefferson County","Denver","ZIP code"
"R_1j3af43ZO8OkU25","67045","Kansas","KS","Kansas","Greenwood County","Eureka","ZIP code"
"R_3hnDKgLXz31mZco","15068","Pennsylvania","PA","Pennsylvania","Westmoreland County","New Kensington","ZIP code"
"R_7gMWPQFDTCpUaGR","70130","Louisiana","LA","Louisiana","Orleans Parish","New Orleans","ZIP code"
"R_5dRMph5D93hVC58","11421","New York","NY","New York","Queens County","Woodhaven","ZIP code"
"R_6sfjQuoqBFZgkEN","85735","Arizona","AZ","Arizona","Pima County","Tucson","ZIP code"
"R_12Pb11NDlkgfeoO","89117","Nevada","NV","Nevada","Clark County","Las Vegas","ZIP code"
"R_6f7Bv7JO4FVUlDH","36305","Alabama","AL","Alabama","Houston County","Dothan","ZIP code"
"R_5dHAR5zRB2SV16h","78102","Texas","TX","Texas","Bee County","Beeville","ZIP code"
"R_7tx7TpqyVq20TqK","10040","New York","NY","New York","New York County","New York","ZIP code"
"R_5JLvPKi3yvx7yHw","95407","California","CA","California","Sonoma County","Santa Rosa","ZIP code"
"R_3jBBYILQ5541iqy","11432","New York","NY","New York","Queens County","Jamaica","ZIP code"
"R_7Q4x6N3iieoQ0WZ","92107","California","CA","California","San Diego County","San Diego","ZIP code"
"R_6QnW4hqFJYVEBf2","34667","Florida","FL","Florida","Pasco County","Hudson","ZIP code"
"R_1kjjyuHHeiAQXZh","24541","Virginia","VA","Virginia","Danville city","Danville","ZIP code"
"R_7bIcSFsCRYitTZd","95678","California","CA","California","Placer County","Roseville","ZIP code"
"R_5qEyhN8Xy0kB6mr","61115","Illinois","IL","Illinois","Winnebago County","Machesney Park","ZIP code"
"R_14MA0VEasonABYP","70127","Louisiana","LA","Louisiana","Orleans Parish","New Orleans","ZIP code"
"R_7Pb4EPOakjVMjVf","33168","Florida","FL","Florida","Miami-Dade County","Miami","ZIP code"
"R_3vlEcfTb4sS5B7z","31206","Georgia","GA","Georgia","Bibb County","Macon","ZIP code"
"R_52yTaUia6RW0SRe","92821","California","CA","California","Orange County","Brea","ZIP code"
"R_1CxG6aMSyceDiAV","32219","Florida","FL","Florida","Duval County","Jacksonville","ZIP code"
"R_3LbANmMNuau9OPS","85208","Arizona","AZ","Arizona","Maricopa County","Mesa","ZIP code"
"R_1OabKjlzFos6PHr","10573","New York","NY","New York","Westchester County","Port Chester","ZIP code"
"R_1uqx4Rn9FCZBpxO","11385","New York","NY","New York","Queens County","Ridgewood","ZIP code"
"R_5gwhGcCR7WHBOdH","92026","California","CA","California","San Diego County","Escondido","ZIP code"
"R_55MlZ4PUUQDGnyB","79109","Texas","TX","Texas","Randall County","Amarillo","ZIP code"
"R_32F86C5gfgBgfes","60462","Illinois","IL","Illinois","Cook County","Orland Park","ZIP code"
"R_55D7UmGqoW5rCV3","34203","Florida","FL","Florida","Manatee County","Bradenton","ZIP code"
"R_3313CpOCEbLbDac","35661","Alabama","AL","Alabama","Colbert County","Muscle Shoals","ZIP code"
"R_12JWCLlJ9pJmtPO","12206","New York","NY","New York","Albany County","Albany","ZIP code"
"R_7QOgqQ8NTS7F5kd","42348","Kentucky","KY","Kentucky","Hancock County","Hawesville","ZIP code"
"R_339kfbzMEejn8X9","82604","Wyoming","WY","Wyoming","Natrona County","Casper","ZIP code"
"R_61yqijBtrncm7TI","93245","California","CA","California","Kings County","Lemoore","ZIP code"
"R_5dhA9JTbuuDR92g","06512","Connecticut","CT","Connecticut","New Haven County","East Haven","ZIP code"
"R_5jVUeWL9DUlnS93","13790","New York","NY","New York","Broome County","Johnson City","ZIP code"
"R_6NyoId2oYs6Hndp","07514","New Jersey","NJ","New Jersey","Passaic County","Paterson","ZIP code"
"R_6bVNuQYumCf0FnZ","78254","Texas","TX","Texas","Bexar County","San Antonio","ZIP code"
"R_3aD0SUp4cGaNgRR","17078","Pennsylvania","PA","Pennsylvania","Lebanon County","Palmyra","ZIP code"
"R_5xWdUB4dGiFnt5Y","71019","Louisiana","LA","Louisiana","Red River Parish","Coushatta","ZIP code"
"R_3R47Lce3bfroXRW","64133","Missouri","MO","Missouri","Jackson County","Kansas City","ZIP code"
"R_5PRjMJGDdKnftJA","29547","South Carolina","SC","South Carolina","Dillon County","Hamer","ZIP code"
"R_381uf8WL6mTNuNz","62095","Illinois","IL","Illinois","Madison County","Wood River","ZIP code"
"R_7dEOG4bpnBsG4oP","12477","New York","NY","New York","Ulster County","Saugerties","ZIP code"
"R_5aESb7yk7JEt2Ly","19007","Pennsylvania","PA","Pennsylvania","Bucks County","Bristol","ZIP code"
"R_66VOOeqsv7I3E65","91209","California","CA","California","Los Angeles County","Glendale","ZIP code"
"R_1K0TBZGCGrsfeWJ","75040","Texas","TX","Texas","Dallas County","Garland","ZIP code"
"R_7tAbmjgMZ9rKbkZ","56472","Minnesota","MN","Minnesota","Crow Wing County","Pequot Lakes","ZIP code"
"R_5yQPPoEMjTX9btD","78653","Texas","TX","Texas","Travis County","Manor","ZIP code"
"R_5kKSTdzJRnNemOe","83869","Idaho","ID","Idaho","Kootenai County","Spirit Lake","ZIP code"
"R_324jYU0Fry8BFhG","32219","Florida","FL","Florida","Duval County","Jacksonville","ZIP code"
"R_1HSWbJlJihLdzx0","64689","Missouri","MO","Missouri","Daviess County","Winston","ZIP code"
"R_1L8ONcjmomqukGR","61401","Illinois","IL","Illinois","Knox County","Galesburg","ZIP code"
"R_7kgImb1tUNBtq0c","72335","Arkansas","AR","Arkansas","St. Francis County","Forrest City","ZIP code"
"R_38THZmnVfB1H39l","65737","Missouri","MO","Missouri","Stone County","Reeds Spring","ZIP code"
"R_1bnsdRhmuJ84UmJ","02860","Rhode Island","RI","Rhode Island","Providence County","Pawtucket","ZIP code"
"R_3hKIRjL8QU55TrG","39745","Mississippi","MS","Mississippi","Choctaw County","French Camp","ZIP code"
"R_3abjHDX2hAdDUeI","92543","California","CA","California","Riverside County","Hemet","ZIP code"
"R_5ISNP4x5HCCXGzy","29841","South Carolina","SC","South Carolina","Aiken County","North Augusta","ZIP code"
"R_7SLAn46bNNazYiJ","38555","Tennessee","TN","Tennessee","Cumberland County","Crossville","ZIP code"
"R_6YfCe0w9gdwY8TJ","10453","New York","NY","New York","Bronx County","Bronx","ZIP code"
"R_1n14d9OLoG1RjDE","07746","New Jersey","NJ","New Jersey","Monmouth County","Marlboro","ZIP code"
"R_6aPSrlK01CxRDsh","19444","Pennsylvania","PA","Pennsylvania","Montgomery County","Lafayette Hill","ZIP code"
"R_7wzxWq3G7pxzdZf","06850","Connecticut","CT","Connecticut","Fairfield County","Norwalk","ZIP code"
"R_3T4wyVj9upSWHXX","54487","Wisconsin","WI","Wisconsin","Lincoln County","Tomahawk","ZIP code"
"R_77gLFDNciQWL2Pn","34741","Florida","FL","Florida","Osceola County","Kissimmee","ZIP code"
"R_6pi4YELMJOB48Sq","77477","Texas","TX","Texas","Fort Bend County","Stafford","ZIP code"
"R_1c0DM5D34s7ipXp","70452","Louisiana","LA","Louisiana","St. Tammany Parish","Pearl River","ZIP code"
"R_71aQQh5mvQPpf33","98258","Washington","WA","Washington","Snohomish County","Lake Stevens","ZIP code"
"R_6ls6sxA3qrDDK8n","89146","Nevada","NV","Nevada","Clark County","Las Vegas","ZIP code"
"R_6mc7gJCso0Io76h","98292","Washington","WA","Washington","Snohomish County","Stanwood","ZIP code"
"R_7PuCB9b6UjTXcEZ","14609","New York","NY","New York","Monroe County","Rochester","ZIP code"
"R_1O1xLyqQY1VtXDZ","24153","Virginia","VA","Virginia","Salem city","Salem","ZIP code"
"R_1oKD2rdva64uw9L","89108","Nevada","NV","Nevada","Clark County","Las Vegas","ZIP code"
"R_11shoIxCk6r7Klr","35211","Alabama","AL","Alabama","Jefferson County","Birmingham","ZIP code"
"R_7EG5g33nqsxJGOe","34231","Florida","FL","Florida","Sarasota County","Sarasota","ZIP code"
"R_6o7MQh0vMVkdbi8","84041","Utah","UT","Utah","Davis County","Layton","ZIP code"
"R_745eiHXWpsnGH8B","67211","Kansas","KS","Kansas","Sedgwick County","Wichita","ZIP code"
"R_7QpNB64TeZVQ6xX","34667","Florida","FL","Florida","Pasco County","Hudson","ZIP code"
"R_7C2ty36lo3om35i","29560","South Carolina","SC","South Carolina","Florence County","Lake City","ZIP code"
"R_7ONGqCCRVPlSq6d","97045","Oregon","OR","Oregon","Clackamas County","Oregon City","ZIP code"
"R_1owdJr9iFqTfMNX","46953","Indiana","IN","Indiana","Grant County","Marion","ZIP code"
"R_1uCqtym0FVv8ISd","11233","New York","NY","New York","Kings County","Brooklyn","ZIP code"
"R_7fQbYSwlb5OiWhD","49504","Michigan","MI","Michigan","Kent County","Grand Rapids","ZIP code"
"R_1pAcE5cTTrBD0nn","27583","North Carolina","NC","North Carolina","Person County","Timberlake","ZIP code"
"R_3w49uUvOg0KDinB","43160","Ohio","OH","Ohio","Fayette County","Washington Court House","ZIP code"
"R_7D6tPnHZBmxwxHB","30534","Georgia","GA","Georgia","Dawson County","Dawsonville","ZIP code"
"R_7WD99c8NFGqq9Sn","34655","Florida","FL","Florida","Pasco County","New Port Richey","ZIP code"
"R_7jVAqHYUH7j7vXi","77613","Texas","TX","Texas","Jefferson County","China","ZIP code"
"R_1qUOBpT7Wfuf91V","53212","Wisconsin","WI","Wisconsin","Milwaukee County","Milwaukee","ZIP code"
"R_3O9bUJSPkMxJtsX","85926","Arizona","AZ","Arizona","Navajo County","Fort Apache","ZIP code"
"R_7ZQ4ws9EzQchLl2","32034","Florida","FL","Florida","Nassau County","Fernandina Beach","ZIP code"
"R_6BOXObx72cvgVtw","65251","Missouri","MO","Missouri","Callaway County","Fulton","ZIP code"
"R_7DuHK19OmHR85ZO","11205","New York","NY","New York","Kings County","Brooklyn","ZIP code"
"R_7JD8gB7ffNEgit8","33983","Florida","FL","Florida","Charlotte County","Punta Gorda","ZIP code"
"R_7bCOTahpkp5Nxkt","85281","Arizona","AZ","Arizona","Maricopa County","Tempe","ZIP code"
"R_1F96YnJWClliHJP","97055","Oregon","OR","Oregon","Clackamas County","Sandy","ZIP code"
"R_5OUhZJrzIxCyePz","68111","Nebraska","NE","Nebraska","Douglas County","Omaha","ZIP code"
"R_1zdX66BJK4VR7XA","45062","Ohio","OH","Ohio","Butler County","Seven Mile","ZIP code"
"R_7y75HniDo39Z4jR","31906","Georgia","GA","Georgia","Muscogee County","Columbus","ZIP code"
"R_72XQDR3VtSufd4b","85021","Arizona","AZ","Arizona","Maricopa County","Phoenix","ZIP code"
"R_5ksOSgp4IUuCqBt","75043","Texas","TX","Texas","Dallas County","Garland","ZIP code"
"R_5zPUEPgrdaDetb3","61401","Illinois","IL","Illinois","Knox County","Galesburg","ZIP code"
"R_6CnqxwOkgRhx3K9","73013","Oklahoma","OK","Oklahoma","Oklahoma County","Edmond","ZIP code"
"R_1gIoFrYjEI2ggzj","80209","Colorado","CO","Colorado","Denver County","Denver","ZIP code"
"R_3tDLcEup4OIYOJb","89149","Nevada","NV","Nevada","Clark County","Las Vegas","ZIP code"
"R_7f0PfN3XSTYNdhe","40422","Kentucky","KY","Kentucky","Boyle County","Danville","ZIP code"
"R_3CmkO8i38nPAsal","95317","California","CA","California","Merced County","El Nido","ZIP code"
"R_1CfR1viXti39Sdw","95441","California","CA","California","Sonoma County","Geyserville","ZIP code"
"R_1gBYpuhj46rlg2t","77077","Texas","TX","Texas","Harris County","Houston","ZIP code"
"R_7HOKPL6aDC53Jq4","97217","Oregon","OR","Oregon","Multnomah County","Portland","ZIP code"
"R_7dj31NDZBt55eHo","94607","California","CA","California","Alameda County","Oakland","ZIP code"
"R_5dEvRV6K97kM02s","30045","Georgia","GA","Georgia","Gwinnett County","Lawrenceville","ZIP code"
"R_68qN65U9EADIky5","19148","Pennsylvania","PA","Pennsylvania","Philadelphia County","Philadelphia","ZIP code"
"R_7R4UVqITvE7ezsZ","53203","Wisconsin","WI","Wisconsin","Milwaukee County","Milwaukee","ZIP code"
"R_1GXuJ6Bp2YATXMd","85741","Arizona","AZ","Arizona","Pima County","Tucson","ZIP code"
"R_6MKtqTwxIJOUBWi","19132","Pennsylvania","PA","Pennsylvania","Philadelphia County","Philadelphia","ZIP code"
"R_5tchCK1gWPgXouu","02724","Massachusetts","MA","Massachusetts","Bristol County","Fall River","ZIP code"
"R_1zGtlZE8r15s3hP","81147","Colorado","CO","Colorado","Archuleta County","Pagosa Springs","ZIP code"
"R_192KAGZZ27q2Rtn","30087","Georgia","GA","Georgia","DeKalb County","Stone Mountain","ZIP code"
"R_3l9mF2AcmyhAglr","89030","Nevada","NV","Nevada","Clark County","North Las Vegas","ZIP code"
"R_5dH6nCuO33paXn5","92109","California","CA","California","San Diego County","San Diego","ZIP code"
"R_3TyPDkX5eEFRAbP","39120","Mississippi","MS","Mississippi","Adams County","Natchez","ZIP code"
"R_11Zb325Uf6esolW","75089","Texas","TX","Texas","Dallas County","Rowlett","ZIP code"
"R_72CDmBi1eQuFQfn","11238","New York","NY","New York","Kings County","Brooklyn","ZIP code"
"R_5rOwXa1MhjBKz9k","28752","North Carolina","NC","North Carolina","McDowell County","Marion","ZIP code"
"R_1ITtm3MEuSbVvXP","33710","Florida","FL","Florida","Pinellas County","Saint Petersburg","ZIP code"
"R_3FJ6i8KdjDRYX5g","38127","Tennessee","TN","Tennessee","Shelby County","Memphis","ZIP code"
"R_5jZEZpjd5CURnSd","42716","Kentucky","KY","Kentucky","Larue County","Buffalo","ZIP code"
"R_6frGSEJ0lNlWZeP","92673","California","CA","California","Orange County","San Clemente","ZIP code"
"R_1SUr4HmjjT1EKrL","87109","New Mexico","NM","New Mexico","Bernalillo County","Albuquerque","ZIP code"
"R_71sbZHQNqIGqybt","60644","Illinois","IL","Illinois","Cook County","Chicago","ZIP code"
"R_5FWZWGkNqc267Bv","70806","Louisiana","LA","Louisiana","East Baton Rouge Parish","Baton Rouge","ZIP code"
"R_3OKawBMtZzj0QHM","19958","Delaware","DE","Delaware","Sussex County","Lewes","ZIP code"
"R_1royOEkHZcmyVAN","49343","Michigan","MI","Michigan","Kent County","Sand Lake","ZIP code"
"R_5oRC27QCPNAtjLi","85705","Arizona","AZ","Arizona","Pima County","Tucson","ZIP code"
"R_7GxhAFHR2HL67Yf","45716","Ohio","OH","Ohio","Athens County","Buchtel","ZIP code"
"R_1EWqNItcaDZK8dv","50169","Iowa","IA","Iowa","Polk County","Mitchellville","ZIP code"
"R_63EfeIHj6oOgp0f","76002","Texas","TX","Texas","Tarrant County","Arlington","ZIP code"
"R_7WxpACaWP2nCSXE","29506","South Carolina","SC","South Carolina","Florence County","Florence","ZIP code"
"R_1lmkrxqrxWKaL5p","68111","Nebraska","NE","Nebraska","Douglas County","Omaha","ZIP code"
"R_7oC8svslZZam7wD","18505","Pennsylvania","PA","Pennsylvania","Lackawanna County","Scranton","ZIP code"
"R_5WAVsrbZtp0GCXP","43229","Ohio","OH","Ohio","Franklin County","Columbus","ZIP code"
"R_1xXijdxqOs8JHho","44095","Ohio","OH","Ohio","Lake County","Eastlake","ZIP code"
"R_3FfgCWveJ69IEX7","29810","South Carolina","SC","South Carolina","Allendale County","Allendale","ZIP code"
"R_3RFQnmp4ywK52md","37203","Tennessee","TN","Tennessee","Davidson County","Nashville","ZIP code"
"R_1QDnlN8AVqghHz9","59602","Montana","MT","Montana","Lewis and Clark County","Helena","ZIP code"
"R_7yRiAoCr01nbOKZ","77077","Texas","TX","Texas","Harris County","Houston","ZIP code"
"R_1zTmgeTgkhVbai5","96080","California","CA","California","Tehama County","Red Bluff","ZIP code"
"R_72Fj6Mj6Lkmxc14","76136","Texas","TX","Texas","Tarrant County","Fort Worth","ZIP code"
"R_5GuWN2w69OPBfuf","28092","North Carolina","NC","North Carolina","Lincoln County","Lincolnton","ZIP code"
"R_5iUTVZzPNgECSop","62822","Illinois","IL","Illinois","Franklin County","Christopher","ZIP code"
"R_5EK1xUkrnlWLL3v","95757","California","CA","California","Sacramento County","Elk Grove","ZIP code"
"R_6E824UBzxE4nkBj","72117","Arkansas","AR","Arkansas","Pulaski County","North Little Rock","ZIP code"
"R_3frZBmdMnnzSgSJ","85022","Arizona","AZ","Arizona","Maricopa County","Phoenix","ZIP code"
"R_6IMgB1J0d5xUps7","37825","Tennessee","TN","Tennessee","Claiborne County","New Tazewell","ZIP code"
"R_3q9b9h8N864RHLE","53211","Wisconsin","WI","Wisconsin","Milwaukee County","Milwaukee","ZIP code"
"R_3XvtNxq5wlUrziN","89121","Nevada","NV","Nevada","Clark County","Las Vegas","ZIP code"
"R_7GUBL2c1WdfjchK","85324","Arizona","AZ","Arizona","Yavapai County","Black Canyon City","ZIP code"
"R_6mVrVNIkeAuL84e","93274","California","CA","California","Tulare County","Tulare","ZIP code"
"R_6QWLLKeCEclK6bP","78572","Texas","TX","Texas","Hidalgo County","Mission","ZIP code"
"R_7BSk7vULpnVIClz","75493","Texas","TX","Texas","Titus County","Winfield","ZIP code"
"R_6QYVVPJW6nseR6k","06098","Connecticut","CT","Connecticut","Litchfield County","Winsted","ZIP code"
"R_1NxhMV9zp9JzMUo","78223","Texas","TX","Texas","Bexar County","San Antonio","ZIP code"
"R_6Bzb6XbxsottWLD","49519","Michigan","MI","Michigan","Kent County","Wyoming","ZIP code"
"R_77IL0NbOo1NzIie","10570","New York","NY","New York","Westchester County","Pleasantville","ZIP code"
"R_6fBVdRHztatQBup","30457","Georgia","GA","Georgia","Treutlen County","Soperton","ZIP code"
"R_5nABnRNX47lfRTG","97203","Oregon","OR","Oregon","Multnomah County","Portland","ZIP code"
"R_17vDhDjltKwCO1Z","92886","California","CA","California","Orange County","Yorba Linda","ZIP code"
"R_5DCttXGD0VHY45F","33314","Florida","FL","Florida","Broward County","Fort Lauderdale","ZIP code"
"R_12VtWOWHrEslIsy","44004","Ohio","OH","Ohio","Ashtabula County","Ashtabula","ZIP code"
"R_54Jcz2rSKJYUguX","28303","North Carolina","NC","North Carolina","Cumberland County","Fayetteville","ZIP code"
"R_7k7jRtTOkHCWK29","61401","Illinois","IL","Illinois","Knox County","Galesburg","ZIP code"
"R_3dGza3N7W3mwgxn","11691","New York","NY","New York","Queens County","Far Rockaway","ZIP code"
"R_1I3ILXWhG7Xal5h","11803","New York","NY","New York","Nassau County","Plainview","ZIP code"
"R_7vG12st8t2H2Dqp","10308","New York","NY","New York","Richmond County","Staten Island","ZIP code"
"R_7GesO6ifIX7ueKL","07103","New Jersey","NJ","New Jersey","Essex County","Newark","ZIP code"
"R_1q7nPhUMf6ublj8","34475","Florida","FL","Florida","Marion County","Ocala","ZIP code"
"R_5nCorNgTClQPWvB","43609","Ohio","OH","Ohio","Lucas County","Toledo","ZIP code"
"R_17uJyJJNoE6Fqj7","93455","California","CA","California","Santa Barbara County","Santa Maria","ZIP code"
"R_1vQyhbfizPzPwOd","40175","Kentucky","KY","Kentucky","Hardin County","Vine Grove","ZIP code"
"R_6dSLLyLfVrGA8fu","73122","Oklahoma","OK","Oklahoma","Oklahoma County","Oklahoma City","ZIP code"
"R_7Pk4r8I6WNDgcj9","36602","Alabama","AL","Alabama","Mobile County","Mobile","ZIP code"
"R_7d603NQXTf4ANmM","79927","Texas","TX","Texas","El Paso County","El Paso","ZIP code"
"R_5zusfcp4ZqSfydb","44301","Ohio","OH","Ohio","Summit County","Akron","ZIP code"
"R_6yjdQx4BK1mKW6w","77054","Texas","TX","Texas","Harris County","Houston","ZIP code"
"R_1g6sL8wv6ixuXfP","19601","Pennsylvania","PA","Pennsylvania","Berks County","Reading","ZIP code"
"R_1ak7LcYIP9YRXwZ","91762","California","CA","California","San Bernardino County","Ontario","ZIP code"
"R_10NEDw16hTL3Jal","78840","Texas","TX","Texas","Val Verde County","Del Rio","ZIP code"
"R_7ZC6awdgnJxIL6a","80205","Colorado","CO","Colorado","Denver County","Denver","ZIP code"
"R_1OpJKkwMz3XLm9C","33150","Florida","FL","Florida","Miami-Dade County","Miami","ZIP code"
"R_7jCh3w96Q1Ts84f","31620","Georgia","GA","Georgia","Cook County","Adel","ZIP code"
"R_771mYbZBYe45kCq","89031","Nevada","NV","Nevada","Clark County","North Las Vegas","ZIP code"
"R_6QcLRwqVsvaSTHs","77984","Texas","TX","Texas","Lavaca County","Shiner","ZIP code"
"R_75xZjbT5XvpKish","61704","Illinois","IL","Illinois","McLean County","Bloomington","ZIP code"
"R_117WsSZ5j99F3JI","16157","Pennsylvania","PA","Pennsylvania","Lawrence County","Wampum","ZIP code"
"R_5ladsZXk562gnTA","45812","Ohio","OH","Ohio","Hardin County","Alger","ZIP code"
"R_1Kg6H4ryHiOumLT","36610","Alabama","AL","Alabama","Mobile County","Mobile","ZIP code"
"R_7Vz78BIEw6gjxxa","85705","Arizona","AZ","Arizona","Pima County","Tucson","ZIP code"
"R_7NbuzzX2ZRf49NR","77568","Texas","TX","Texas","Galveston County","La Marque","ZIP code"
"R_59sUS1bxXwCDZKx","46016","Indiana","IN","Indiana","Madison County","Anderson","ZIP code"
"R_5qJuIbQJfvaSVWl","90650","California","CA","California","Los Angeles County","Norwalk","ZIP code"
"R_5QSBa72DgWUoGFb","32771","Florida","FL","Florida","Seminole County","Sanford","ZIP code"
"R_1J4rIU15H2Ed6Uh","25704","West Virginia","WV","West Virginia","Wayne County","Huntington","ZIP code"
"R_7pAw25MF7kQNaaE","59923","Montana","MT","Montana","Lincoln County","Libby","ZIP code"
"R_6QMcVHFWbybNVpK","39180","Mississippi","MS","Mississippi","Warren County","Vicksburg","ZIP code"
"R_6NOOLQArUOC7riJ","89503","Nevada","NV","Nevada","Washoe County","Reno","ZIP code"
"R_1vcXQuoPvWczIqk","29662","South Carolina","SC","South Carolina","Greenville County","Mauldin","ZIP code"
"R_6PoVeALYgJTy6SL","27409","North Carolina","NC","North Carolina","Guilford County","Greensboro","ZIP code"
"R_6OrxMWmIPHIshkO","72901","Arkansas","AR","Arkansas","Sebastian County","Fort Smith","ZIP code"
"R_7Sk0AzgIf4NSgLQ","43605","Ohio","OH","Ohio","Lucas County","Toledo","ZIP code"
"R_1ZIYXuUBvjfCQGA","75126","Texas","TX","Texas","Kaufman County","Forney","ZIP code"
"R_6iXp1QM1Y1fsKLn","33772","Florida","FL","Florida","Pinellas County","Seminole","ZIP code"
"R_5ETi0Ua7daD2x0Z","19134","Pennsylvania","PA","Pennsylvania","Philadelphia County","Philadelphia","ZIP code"
"R_6kOh25U7TRuTmCy","45414","Ohio","OH","Ohio","Montgomery County","Dayton","ZIP code"
"R_1PW8TLbTyuqNTCV","78063","Texas","TX","Texas","Bandera County","Pipe Creek","ZIP code"
"R_6MDKvapPGqdp1rE","93705","California","CA","California","Fresno County","Fresno","ZIP code"
"R_3ExQdF60gCWLKn6","44052","Ohio","OH","Ohio","Lorain County","Lorain","ZIP code"
"R_59igFSVmeMzNVLF","20886","Maryland","MD","Maryland","Montgomery County","Montgomery Village","ZIP code"
"R_7Xpndjw8wJPyHv2","80909","Colorado","CO","Colorado","El Paso County","Colorado Springs","ZIP code"
"R_6nPCfgABbXwRMM9","55429","Minnesota","MN","Minnesota","Hennepin County","Minneapolis","ZIP code"
"R_1is4PYh5yjh4Tbu","84402","Utah","UT","Utah","Weber County","Ogden","ZIP code"
"R_6NBUGuYbm6sv7nH","40205","Kentucky","KY","Kentucky","Jefferson County","Louisville","ZIP code"
"R_1AL7FYbkYWBK2nz","39157","Mississippi","MS","Mississippi","Madison County","Ridgeland","ZIP code"
"R_61cKr5KzOqTI3h0","90807","California","CA","California","Los Angeles County","Long Beach","ZIP code"
"R_6f2KpH9AMgviXoV","94605","California","CA","California","Alameda County","Oakland","ZIP code"
"R_1ZQv2FBHQ8R76rr","19460","Pennsylvania","PA","Pennsylvania","Chester County","Phoenixville","ZIP code"
"R_3RkjE13XvMckSPf","35476","Alabama","AL","Alabama","Tuscaloosa County","Northport","ZIP code"
"R_1v5TV0lCICouPND","70501","Louisiana","LA","Louisiana","Lafayette Parish","Lafayette","ZIP code"
"R_3Jb14JwpS6elI2R","44709","Ohio","OH","Ohio","Stark County","Canton","ZIP code"
"R_7YmhhOdjZ3l7eL1","30904","Georgia","GA","Georgia","Richmond County","Augusta","ZIP code"
"R_5rOAqpVKZxalP11","77058","Texas","TX","Texas","Harris County","Houston","ZIP code"
"R_74jiGP0SKzy9LJ5","86442","Arizona","AZ","Arizona","Mohave County","Bullhead City","ZIP code"
"R_6v7KfakdUuuoTsa","39503","Mississippi","MS","Mississippi","Harrison County","Gulfport","ZIP code"
"R_3d5g4Bcxvix00i1","62522","Illinois","IL","Illinois","Macon County","Decatur","ZIP code"
"R_6pZ0gNecNSk5S93","71854","Arkansas","AR","Arkansas","Miller County","Texarkana","ZIP code"
"R_3DSam7YaXjYmv6K","97504","Oregon","OR","Oregon","Jackson County","Medford","ZIP code"
"R_1Yy9Ixc5XVgXjwO","92405","California","CA","California","San Bernardino County","San Bernardino","ZIP code"
"R_10hQLuLjFmUnzAf","48201","Michigan","MI","Michigan","Wayne County","Detroit","ZIP code"
"R_1ixT09sZiMfHmsF","97222","Oregon","OR","Oregon","Clackamas County","Portland","ZIP code"
"R_7PZfTQ4Gita3k48","94587","California","CA","California","Alameda County","Union City","ZIP code"
"R_6pEEEfd5xYRrD3d","48503","Michigan","MI","Michigan","Genesee County","Flint","ZIP code"
"R_7fqnW7AU0cvuQ6d","90808","California","CA","California","Los Angeles County","Long Beach","ZIP code"
"R_6yadf6FshiMckpS","60613","Illinois","IL","Illinois","Cook County","Chicago","ZIP code"
"R_7YRPmZYn7G8WnCl","39110","Mississippi","MS","Mississippi","Madison County","Madison","ZIP code"
"R_5MNCkvDNT2Tcaml","60201","Illinois","IL","Illinois","Cook County","Evanston","ZIP code"
"R_7HZxfnt7ltCKLqI","41240","Kentucky","KY","Kentucky","Johnson County","Paintsville","ZIP code"
"R_3ilH4KchQT025Tc","90405","California","CA","California","Los Angeles County","Santa Monica","ZIP code"
"R_3Al4E16QnbyZmjn","94303","California","CA","California","San Mateo County","Palo Alto","ZIP code"
"R_5mg8NKXPwu3NP34","32828","Florida","FL","Florida","Orange County","Orlando","ZIP code"
"R_5g8jG6GXd8lAR1p","95833","California","CA","California","Sacramento County","Sacramento","ZIP code"
"R_1D2BEc0X8LehCfP","93291","California","CA","California","Tulare County","Visalia","ZIP code"
"R_1KPcT4r3Qq8PMSL","12180","New York","NY","New York","Rensselaer County","Troy","ZIP code"
"R_5bUF7SetHI7P1Dt","48917","Michigan","MI","Michigan","Eaton County","Lansing","ZIP code"
"R_3mf5FQyQOMt6J7p","06518","Connecticut","CT","Connecticut","New Haven County","Hamden","ZIP code"
"R_5oI1VskuyCPNMpe","95014","California","CA","California","Santa Clara County","Cupertino","ZIP code"
"R_54h6GBYEWieV54Z","15066","Pennsylvania","PA","Pennsylvania","Beaver County","New Brighton","ZIP code"
"R_6qmiWJOBaaYQxuV","33033","Florida","FL","Florida","Miami-Dade County","Homestead","ZIP code"
"R_3hy6veEoHTbD6hG","38109","Tennessee","TN","Tennessee","Shelby County","Memphis","ZIP code"
"R_7fHOlglC110cRO0","92807","California","CA","California","Orange County","Anaheim","ZIP code"
"R_5qgQW9jhRcCkLPK","99208","Washington","WA","Washington","Spokane County","Spokane","ZIP code"
"R_1IZeGZhPaB09pQw","28704","North Carolina","NC","North Carolina","Buncombe County","Arden","ZIP code"
"R_1DM4zj8neaCaevK","10453","New York","NY","New York","Bronx County","Bronx","ZIP code"
"R_7YaeFppkicM4jSJ","79930","Texas","TX","Texas","El Paso County","El Paso","ZIP code"
"R_1xXBtcULJBKe6pH","11221","New York","NY","New York","Kings County","Brooklyn","ZIP code"
"R_5Q3iNjwimlaMEja","37617","Tennessee","TN","Tennessee","Sullivan County","Blountville","ZIP code"
"R_1k1sMnYlWV5lwHk","31055","Georgia","GA","Georgia","Telfair County","Mc Rae","ZIP code"
"R_6FWYbD3rPjaipkV","97005","Oregon","OR","Oregon","Washington County","Beaverton","ZIP code"
"R_3jBZ9BnT9maZSTV","90006","California","CA","California","Los Angeles County","Los Angeles","ZIP code"
"R_6qBLpyWoDFtCm4n","02911","Rhode Island","RI","Rhode Island","Providence County","North Providence","ZIP code"
"R_5n0mNQt4ZX3LERl","63601","Missouri","MO","Missouri","St. Francois County","Park Hills","ZIP code"
"R_3dt2yz3SHovKORA","36517","Alabama","AL","Alabama",,,"ZIP prefix"
"R_1OVaLXHfSI4YN8s","91606","California","CA","California","Los Angeles County","North Hollywood","ZIP code"
"R_5L6j6bXNBY3iY7l","97140","Oregon","OR","Oregon","Washington County","Sherwood","ZIP code"
"R_5NIoWmq0b6ID1Ls","16874","Pennsylvania","PA","Pennsylvania","Centre County","Snow Shoe","ZIP code"
"R_5ODM1ljomnMVzBZ","28314","North Carolina","NC","North Carolina","Cumberland County","Fayetteville","ZIP code"
"R_3nwIZCGOxmnsABO","60169","Illinois","IL","Illinois","Cook County","Hoffman Estates","ZIP code"
"R_1qpHr6fHgtuh7g8","01886","Massachusetts","MA","Massachusetts","Middlesex County","Westford","ZIP code"
"R_13gxD8g44iORMrv","92602","California","CA","California","Orange County","Irvine","ZIP code"
"R_77a1TcE8Ydyqn7z","36054","Alabama","AL","Alabama","Elmore County","Millbrook","ZIP code"
"R_3liVz6cbsxyyaEt","84096","Utah","UT","Utah","Salt Lake County","Herriman","ZIP code"
"R_5s164yE9iVkJTj6","94403","California","CA","California","San Mateo County","San Mateo","ZIP code"
"R_5eRZTEDpkD5iPHb","14904","New York","NY","New York","Chemung County","Elmira","ZIP code"
"R_6rCQXkEa3r2HZ8E","19977","Delaware","DE","Delaware","Kent County","Smyrna","ZIP code"
"R_5SrmY1q50BR2fCh","35904","Alabama","AL","Alabama","Etowah County","Gadsden","ZIP code"
"R_67vwla6vX4u20BG","73149","Oklahoma","OK","Oklahoma","Oklahoma County","Oklahoma City","ZIP code"
"R_3DYoWyj7ywvHvji","37130","Tennessee","TN","Tennessee","Rutherford County","Murfreesboro","ZIP code"
"R_3E3czQmSh2j1PMd","77071","Texas","TX","Texas","Harris County","Houston","ZIP code"
"R_7T34PimU2qX8s6d","62095","Illinois","IL","Illinois","Madison County","Wood River","ZIP code"
"R_5maxvIAe9peseJL","54646","Wisconsin","WI","Wisconsin","Juneau County","Necedah","ZIP code"
"R_5OkzSIgxLHKEOzn","90029","California","CA","California","Los Angeles County","Los Angeles","ZIP code"
"R_1BZkCFD3tn2ynq9","44224","Ohio","OH","Ohio","Summit County","Stow","ZIP code"
"R_6H6x2DiqFXEDr6j","23227","Virginia","VA","Virginia","Henrico County","Richmond","ZIP code"
"R_5yenXigJxg306Cx","70170","Louisiana","LA","Louisiana","Orleans Parish","New Orleans","ZIP code"
"R_6IvVkkUrAHrbLH3","43081","Ohio","OH","Ohio","Franklin County","Westerville","ZIP code"
"R_52VAnmYGWuY66Xe","37013","Tennessee","TN","Tennessee","Davidson County","Antioch","ZIP code"
"R_7hLlDW2iPJuSSQO","75181","Texas","TX","Texas","Dallas County","Mesquite","ZIP code"
"R_7GCA0UtryS3j4FI","28681","North Carolina","NC","North Carolina","Alexander County","Taylorsville","ZIP code"
"R_7ud62mao0njlefv","26032","West Virginia","WV","West Virginia","Brooke County","Bethany","ZIP code"
"R_3i9jZus7OxtVjCe","98115","Washington","WA","Washington","King County","Seattle","ZIP code"
"R_5gBgDCiS9ibQB3o","57702","South Dakota","SD","South Dakota","Pennington County","Rapid City","ZIP code"
"R_115IWBGsHfuMACD","13850","New York","NY","New York","Broome County","Vestal","ZIP code"
"R_3M3XOZKAVxaWR8B","85007","Arizona","AZ","Arizona","Maricopa County","Phoenix","ZIP code"
"R_321YKiGYuTu4dcB","10024","New York","NY","New York","New York County","New York","ZIP code"
"R_3GZ8np6SXe1aFC9","92040","California","CA","California","San Diego County","Lakeside","ZIP code"
"R_3ypgkkuT8jLzz9m","10538","New York","NY","New York","Westchester County","Larchmont","ZIP code"
"R_3qVaMXv8bcrmBEQ","02112","Massachusetts","MA","Massachusetts","Suffolk County","Boston","ZIP code"
"R_6j1ZghKeYhuP7dR","90061","California","CA","California","Los Angeles County","Los Angeles","ZIP code"
"R_5jEXwdqvaAaFEtz","98109","Washington","WA","Washington","King County","Seattle","ZIP code"
"R_197fgr7HzGEOMcV","97702","Oregon","OR","Oregon","Deschutes County","Bend","ZIP code"
"R_1CeMOFaaCRNRubk","29568","South Carolina","SC","South Carolina","Horry County","Longs","ZIP code"
"R_1qNdqeKIpQtDlNn","61108","Illinois","IL","Illinois","Winnebago County","Rockford","ZIP code"
"R_3S2KB14jsVUbp6d","28315","North Carolina","NC","North Carolina","Moore County","Aberdeen","ZIP code"
"R_3HofeNRfkUMmjqC","77429","Texas","TX","Texas","Harris County","Cypress","ZIP code"
"R_3Le4KiTMGLQ4cBs","10001","New York","NY","New York","New York County","New York","ZIP code"
"R_1OM6qMbDwYLmpRD","44135","Ohio","OH","Ohio","Cuyahoga County","Cleveland","ZIP code"
"R_6neA1UGrW14YssF","89136","Nevada","NV","Nevada","Clark County","Las Vegas","ZIP code"
"R_7ocEEWQgUAFyZwR","68503","Nebraska","NE","Nebraska","Lancaster County","Lincoln","ZIP code"
"R_53k9XUKrEF3HAbR","33844","Florida","FL","Florida","Polk County","Haines City","ZIP code"
"R_5TESWOFP63YlNEV","70122","Louisiana","LA","Louisiana","Orleans Parish","New Orleans","ZIP code"
"R_3118GxtPnJB43PT","56308","Minnesota","MN","Minnesota","Douglas County","Alexandria","ZIP code"
"R_5imVThCiDftBf6R","11373","New York","NY","New York","Queens County","Elmhurst","ZIP code"
"R_7EuVCHR5ISZKZgT","91752","California","CA","California","Riverside County","Mira Loma","ZIP code"
"R_6f1IfVJqoNVGiBf","97405","Oregon","OR","Oregon","Lane County","Eugene","ZIP code"
"R_7zd56Beq5WJ7ylL","63901","Missouri","MO","Missouri","Butler County","Poplar Bluff","ZIP code"
"R_5hu3HkbPIkcU5zj","66058","Kansas","KS","Kansas","Atchison County","Muscotah","ZIP code"
"R_7O0M0Ctq6cngHZI","32224","Florida","FL","Florida","Duval County","Jacksonville","ZIP code"
"R_3Dqi6sU7zkpU2Fh","33449","Florida","FL","Florida","Palm Beach County","Lake Worth","ZIP code"
"R_3HnNa4OsdR46I11","08882","New Jersey","NJ","New Jersey","Middlesex County","South River","ZIP code"
"R_7nTKo6KlrzQM9Q1","70071","Louisiana","LA","Louisiana","St. James Parish","Lutcher","ZIP code"
"R_62EvDZ768TjPgJI","21204","Maryland","MD","Maryland","Baltimore County","Towson","ZIP code"
"R_7zcglre34j6XSCk","68701","Nebraska","NE","Nebraska","Madison County","Norfolk","ZIP code"
"R_7ek5e7HgfXkIheX","90001","California","CA","California","Los Angeles County","Los Angeles","ZIP code"
"R_5QHeiWQs2oEs9P3","10014","New York","NY","New York","New York County","New York","ZIP code"
"R_6fPjKSOGYitcWi2","33023","Florida","FL","Florida","Broward County","Hollywood","ZIP code"
"R_3s1EFVwwsWoyVyS","33437","Florida","FL","Florida","Palm Beach County","Boynton Beach","ZIP code"
"R_1IAE7nTEgnYga0U","27320","North Carolina","NC","North Carolina","Rockingham County","Reidsville","ZIP code"
"R_6rjGkOvQe8cyFWq","71006","Louisiana","LA","Louisiana","Bossier Parish","Benton","ZIP code"
"R_3eV7DiZZ8mAv2XI","77082","Texas","TX","Texas","Harris County","Houston","ZIP code"
"R_68nlvKRoSzKd5oB","11355","New York","NY","New York","Queens County","Flushing","ZIP code"
"R_3DnFmPVBBvH48KJ","23222","Virginia","VA","Virginia","Richmond city","Richmond","ZIP code"
"R_6wnQ4901XKR0a6y","43229","Ohio","OH","Ohio","Franklin County","Columbus","ZIP code"
"R_6rAe48QDeZjCnMy","44319","Ohio","OH","Ohio","Summit County","Akron","ZIP code"
"R_6CGTh739bOabqwm","60455","Illinois","IL","Illinois","Cook County","Bridgeview","ZIP code"
"R_3ezfcq52O5ufbE7","91601","California","CA","California","Los Angeles County","North Hollywood","ZIP code"
"R_32YvTqZ7AItxJ1L","19406","Pennsylvania","PA","Pennsylvania","Montgomery County","King Of Prussia","ZIP code"
"R_6BkgHqmxZEqEsNP","75009","Texas","TX","Texas","Collin County","Celina","ZIP code"
"R_3FCIOQnNWgfYHkd","92101","California","CA","California","San Diego County","San Diego","ZIP code"
"R_3rTVk1U54dKi4a4","20147","Virginia","VA","Virginia","Loudoun County","Ashburn","ZIP code"
"R_3mLnMsDqNBfS8DL","18901","Pennsylvania","PA","Pennsylvania","Bucks County","Doylestown","ZIP code"
"R_6cd5fyXLBKkb5tp","76022","Texas","TX","Texas","Tarrant County","Bedford","ZIP code"
"R_6Nfme6vQY2g4qn7","83713","Idaho","ID","Idaho","Ada County","Boise","ZIP code"
"R_61XWk91uUTqOYt5","31313","Georgia","GA","Georgia","Liberty County","Hinesville","ZIP code"
"R_1odaB52l2H04MQX","24801","West Virginia","WV","West Virginia","McDowell County","Welch","ZIP code"
"R_7lxWIpU2OSAs5tr","13202","New York","NY","New York","Onondaga County","Syracuse","ZIP code"
"R_5Kqk0jVzfq5N64y","07505","New Jersey","NJ","New Jersey","Passaic County","Paterson","ZIP code"
"R_5SCfk0Mg1QRjnSX","97405","Oregon","OR","Oregon","Lane County","Eugene","ZIP code"
"R_3YL5CZHPS1m2KUF","33540","Florida","FL","Florida","Pasco County","Zephyrhills","ZIP code"
"R_3RVesIq4rDULlhb","54022","Wisconsin","WI","Wisconsin","Pierce County","River Falls","ZIP code"
"R_5dtY7ILcKpc5cel","77662","Texas","TX","Texas","Orange County","Vidor","ZIP code"
"R_3nNNamsO703ATh7","06451","Connecticut","CT","Connecticut","New Haven County","Meriden","ZIP code"
"R_5tFVgMZQdir9QL7","75075","Texas","TX","Texas","Collin County","Plano","ZIP code"
"R_1M0OMbTQxpwnpJm","32958","Florida","FL","Florida","Indian River County","Sebastian","ZIP code"
"R_5D6jvohQeKPAE2m","23210","Virginia","VA","Virginia",,,"ZIP prefix"
"R_779aflXv3C18Afc","18701","Pennsylvania","PA","Pennsylvania","Luzerne County","Wilkes Barre","ZIP code"
"R_7b2YcCn6rK9PSjT","98101","Oregon","WA","Washington","King County","Seattle","ZIP code"
"R_71cTfrimGRJC5f6","33578","Florida","FL","Florida","Hillsborough County","Riverview","ZIP code"
"R_5cj5hYjQIlEjRBW","90013","California","CA","California","Los Angeles County","Los Angeles","ZIP code"
"R_5QMq6fNhNidRjDE","10021","New York","NY","New York","New York County","New York","ZIP code"
"R_5eUtiys7XgOmPfu","48170","Michigan","MI","Michigan","Wayne County","Plymouth","ZIP code"
"R_5gUhuR4m3ESi305","11216","New York","NY","New York","Kings County","Brooklyn","ZIP code"
"R_30ofCsuOLBXuM7I","11423","New York","NY","New York","Queens County","Hollis","ZIP code"
"R_3LzDRS1D1uPffiK","21901","Maryland","MD","Maryland","Cecil County","North East","ZIP code"
"R_3L7tZZoHZLl11aE","02747","Massachusetts","MA","Massachusetts","Bristol County","North Dartmouth","ZIP code"
"R_7Dnm9wO5EwqWWsH","77357","Texas","TX","Texas","Montgomery County","New Caney","ZIP code"
"R_5E0wsOn5QBeYUcV","21702","Maryland","MD","Maryland","Frederick County","Frederick","ZIP code"
"R_3XbnqnREhS9SHDz","85085","Arizona","AZ","Arizona","Maricopa County","Phoenix","ZIP code"
"R_1rI3STzXuQyDOfU","33155","Florida","FL","Florida","Miami-Dade County","Miami","ZIP code"
"R_6kze5D77GQc25Hz","12020","New York","NY","New York","Saratoga County","Ballston Spa","ZIP code"
"R_5k1f4lg8ALuGLiG","20037","District of Columbia","DC","District of Columbia","District of Columbia","Washington","ZIP code"
"R_7frkktYZN7bMmtN","94040","California","CA","California","Santa Clara County","Mountain View","ZIP code"
"R_6LVYmOqiWW7h2ed","90027","California","CA","California","Los Angeles County","Los Angeles","ZIP code"
"R_514t2A1w599FvCZ","54914","Wisconsin","WI","Wisconsin","Outagamie County","Appleton","ZIP code"
"R_31LGoyvy4xZTs9b","02333","Massachusetts","MA","Massachusetts","Plymouth County","East Bridgewater","ZIP code"
"R_16FRp229s5e2fzX","19446","Pennsylvania","PA","Pennsylvania","Montgomery County","Lansdale","ZIP code"
"R_6Ph1uSXzBwh8eco","60617","Illinois","IL","Illinois","Cook County","Chicago","ZIP code"
"R_7L2HZgO7Cw7PpCN","97702","Oregon","OR","Oregon","Deschutes County","Bend","ZIP code"
"R_6QtiCtX2VwBXgKw","42431","Kentucky","KY","Kentucky","Hopkins County","Madisonville","ZIP code"
"R_1AFh0mL0M6nllNP","10001","New York","NY","New York","New York County","New York","ZIP code"
"R_5IyhTqQmLpDExQL","45429","Ohio","OH","Ohio","Montgomery County","Dayton","ZIP code"
"R_5StqneqyYgj7yWl","10021","New York","NY","New York","New York County","New York","ZIP code"
"R_11in8fOSiO2wzSa","76542","Texas","TX","Texas","Bell County","Killeen","ZIP code"
"R_50dw4693ecKSkME","76209","Texas","TX","Texas","Denton County","Denton","ZIP code"
"R_1P1F0gOacREWaLm","28334","North Carolina","NC","North Carolina","Sampson County","Dunn","ZIP code"
"R_5t6JCZ1SygvKB0d","35173","Alabama","AL","Alabama","Jefferson County","Trussville","ZIP code"
"R_569kS0mCVeqmaPV","83814","Idaho","ID","Idaho","Kootenai County","Coeur D Alene","ZIP code"
"R_5veHLF4G6gZoubm","90504","California","CA","California","Los Angeles County","Torrance","ZIP code"
"R_7F9XzpSn8RXL9b3","90012","California","CA","California","Los Angeles County","Los Angeles","ZIP code"
"R_1lrwbE92Ta25Vsg","43311","Ohio","OH","Ohio","Logan County","Bellefontaine","ZIP code"
"R_5SdzIeCI0fEdtkY","08016","New Jersey","NJ","New Jersey","Burlington County","Burlington","ZIP code"
"R_5fE3r1eHeWZ66qB","35212","Alabama","AL","Alabama","Jefferson County","Birmingham","ZIP code"
"R_1E9Uw3hfTqyfl2F","39503","Mississippi","MS","Mississippi","Harrison County","Gulfport","ZIP code"
"R_5CkFNLRS1HEdRKa","32304","Florida","FL","Florida","Leon County","Tallahassee","ZIP code"
"R_7qeZwqjfmAr2iVL","22042","Virginia","VA","Virginia","Fairfax County","Falls Church","ZIP code"
"R_1VfEtfyYTinBX6Z","19320","Pennsylvania","PA","Pennsylvania","Chester County","Coatesville","ZIP code"
"R_337UePKbcO2A5mN","35211","Alabama","AL","Alabama","Jefferson County","Birmingham","ZIP code"
"R_7QKbqEdlmZNOAhp","11714","New York","NY","New York","Nassau County","Bethpage","ZIP code"
"R_6NJwKQWNBTRivpq","73717","Oklahoma","OK","Oklahoma","Woods County","Alva","ZIP code"
"R_5M5mxDpq0hDjoE0","72023","Arkansas","AR","Arkansas","Lonoke County","Cabot","ZIP code"
"R_3CqU4TPYIF8NxBb","18705","Pennsylvania","PA","Pennsylvania","Luzerne County","Wilkes Barre","ZIP code"
"R_1zLN3DLTZoE44c3","74063","Oklahoma","OK","Oklahoma","Tulsa County","Sand Springs","ZIP code"
"R_6Iz4f7cPzPMUhtc","36603","Alabama","AL","Alabama","Mobile County","Mobile","ZIP code"
"R_1fwZDmWOSBFsyMW","14464","New York","NY","New York","Monroe County","Hamlin","ZIP code"
"R_3QfekDNwx3eIgsC","32680","Florida","FL","Florida","Dixie County","Old Town","ZIP code"
"R_3MYvvzik9HJG211","12095","New York","NY","New York","Fulton County","Johnstown","ZIP code"
"R_6EX8QPYlLWBpzFx","11779","New York","NY","New York","Suffolk County","Ronkonkoma","ZIP code"
"R_1CrACIfYBhwYA2x","46221","Indiana","IN","Indiana","Marion County","Indianapolis","ZIP code"
"R_5z7JkZ0HFQQNws4","53211","Wisconsin","WI","Wisconsin","Milwaukee County","Milwaukee","ZIP code"
"R_37BxVHg0881nnNS","53202","Wisconsin","WI","Wisconsin","Milwaukee County","Milwaukee","ZIP code"
"R_53UPea8togC66Ax","32927","Florida","FL","Florida","Brevard County","Cocoa","ZIP code"
"R_5HTCj0qmeA2MWvO","35978","Alabama","AL","Alabama","DeKalb County","Henagar","ZIP code"
"R_6iCpoIsQJfWoXY4","11203","New York","NY","New York","Kings County","Brooklyn","ZIP code"
"R_5q7pJiqQEqKOKow","17111","Pennsylvania","PA","Pennsylvania","Dauphin County","Harrisburg","ZIP code"
"R_7pDxS0BCxfbTFbP","85139","Arizona","AZ","Arizona","Pinal County","Maricopa","ZIP code"
"R_3QBiYHcTEjefNm1","31735","Georgia","GA","Georgia","Sumter County","Cobb","ZIP code"
"R_7p6TjZoPdMn4MjT","20904","Maryland","MD","Maryland","Montgomery County","Silver Spring","ZIP code"
"R_3vyYxqbIDq9pzQR","06812","Connecticut","CT","Connecticut","Fairfield County","New Fairfield","ZIP code"
"R_5VlTH3Vq4FWhXYX","39828","Georgia","GA","Georgia","Grady County","Cairo","ZIP code"
"R_3pfFEdBilBD0kOi","35570","Alabama","AL","Alabama","Marion County","Hamilton","ZIP code"
"R_3nW9kr8yEDs2aUE","23061","Virginia","VA","Virginia","Gloucester County","Gloucester","ZIP code"
"R_7SqSZNBjtdvOpN6","32317","Florida","FL","Florida","Leon County","Tallahassee","ZIP code"
"R_117IyOe8mLUjjWG","02169","Massachusetts","MA","Massachusetts","Norfolk County","Quincy","ZIP code"
"R_1EAUj7mzHt1hgMr","19126","Pennsylvania","PA","Pennsylvania","Philadelphia County","Philadelphia","ZIP code"
"R_1LjN1OyGksiDe3s","40601","Kentucky","KY","Kentucky","Franklin County","Frankfort","ZIP code"
"R_79uXX0qEHGcjbek","27249","North Carolina","NC","North Carolina","Guilford County","Gibsonville","ZIP code"
"R_1I6LPQf35WgvrXD","16001","Pennsylvania","PA","Pennsylvania","Butler County","Butler","ZIP code"
"R_525aVVALAgobLKv","15116","Pennsylvania","PA","Pennsylvania","Allegheny County","Glenshaw","ZIP code"
"R_1nSC98skMGqqqxt","44138","Ohio","OH","Ohio","Cuyahoga County","Olmsted Falls","ZIP code"
"R_50udWNysyOQJ0fe","76109","Texas","TX","Texas","Tarrant County","Fort Worth","ZIP code"
"R_3pPNGDxcem4jmwx","15209","Pennsylvania","PA","Pennsylvania","Allegheny County","Pittsburgh","ZIP code"
"R_3os4VqEs3r91HNL","32828","Florida","FL","Florida","Orange County","Orlando","ZIP code"
"R_7kRoB2estj0Wp7e","80736","Colorado","CO","Colorado","Logan County","Iliff","ZIP code"
"R_3P72iCPJVJD64y4","42754","Kentucky","KY","Kentucky","Grayson County","Leitchfield","ZIP code"
"R_7BfITOpBWI2gyIS","35758","Alabama","AL","Alabama","Madison County","Madison","ZIP code"
"R_5rOOnystlf1JAIh","20147","Virginia","VA","Virginia","Loudoun County","Ashburn","ZIP code"
"R_32yHN9XhF7rfo0F","30161","Georgia","GA","Georgia","Floyd County","Rome","ZIP code"
"R_1eQwgWLR9jFMFc6","36867","Alabama","AL","Alabama","Russell County","Phenix City","ZIP code"
"R_6foAOfvBCz0etGG","17044","Pennsylvania","PA","Pennsylvania","Mifflin County","Lewistown","ZIP code"
"R_5CZbkltLc7hRaoz","37042","Tennessee","TN","Tennessee","Montgomery County","Clarksville","ZIP code"
"R_6dKA2fqmuYoGQPI","06120","Connecticut","CT","Connecticut","Hartford County","Hartford","ZIP code"
"R_6wTUwYvcP1L6Rqx","17837","Pennsylvania","PA","Pennsylvania","Union County","Lewisburg","ZIP code"
"R_7cgSzDIO1nDrHoJ","43119","Ohio","OH","Ohio","Franklin County","Galloway","ZIP code"
"R_3rIq4fxHoDGeECA","20032","District of Columbia","DC","District of Columbia","District of Columbia","Washington","ZIP code"
"R_1IYPLaREuF6ROx3","03785","New Hampshire","NH","New Hampshire","Grafton County","Woodsville","ZIP code"
"R_7czV59Xvp5WYle7","27407","North Carolina","NC","North Carolina","Guilford County","Greensboro","ZIP code"
"R_18bJ6fOCUcFelfb","19454","Pennsylvania","PA","Pennsylvania","Montgomery County","North Wales","ZIP code"
"R_7DZAv8iFxHpwyVD","85306","Arizona","AZ","Arizona","Maricopa County","Glendale","ZIP code"
"R_1TttNv2RqTX3Ttu","89052","Nevada","NV","Nevada","Clark County","Henderson","ZIP code"
"R_3nuBvxQdxP3yVPY","29805","South Carolina","SC","South Carolina","Aiken County","Aiken","ZIP code"
"R_69gdcDD1rHCjpj1","91342","California","CA","California","Los Angeles County","Sylmar","ZIP code"
"R_1Iar10B4HWFWYH7","32091","Florida","FL","Florida","Bradford County","Starke","ZIP code"
"R_1iq8q9JsAdB95Cx","21234","Maryland","MD","Maryland","Baltimore County","Parkville","ZIP code"
"R_51yxRblf2J84eLb","21131","Maryland","MD","Maryland","Baltimore County","Phoenix","ZIP code"
"R_5QhgpzhJulJu51f","22520","Virginia","VA","Virginia","Westmoreland County","Montross","ZIP code"
"R_6IoOhawmcAU5qi5","94605","California","CA","California","Alameda County","Oakland","ZIP code"
"R_72zEBmGn4PzBFnV","35805","Alabama","AL","Alabama","Madison County","Huntsville","ZIP code"
"R_10ZOtdQ5r6F2GOB","43537","Ohio","OH","Ohio","Lucas County","Maumee","ZIP code"
"R_3odr3LqfFf8uk5J","46323","Indiana","IN","Indiana","Lake County","Hammond","ZIP code"
"R_3dN89fzVa7F8lTl","19139","Pennsylvania","PA","Pennsylvania","Philadelphia County","Philadelphia","ZIP code"
"R_7K0ygwbWQIkJZWu","33907","Florida","FL","Florida","Lee County","Fort Myers","ZIP code"
"R_7To9hStOJJVEPbw","78253","Texas","TX","Texas","Bexar County","San Antonio","ZIP code"
"R_5dhI8oEitFxQJhI","32223","Florida","FL","Florida","Duval County","Jacksonville","ZIP code"
"R_5395yGZJP1ggcpk","64834","Missouri","MO","Missouri","Jasper County","Carl Junction","ZIP code"
"R_7Kpo0riL95te4tb","34788","Florida","FL","Florida","Lake County","Leesburg","ZIP code"
"R_6G1knDnH1sUR1YR","95640","California","CA","California","Amador County","Ione","ZIP code"
"R_67Uuzxp0PRLi3ga","28016","North Carolina","NC","North Carolina","Gaston County","Bessemer City","ZIP code"
"R_7fdnFPirZMC6g4A","19083","Pennsylvania","PA","Pennsylvania","Delaware County","Havertown","ZIP code"
"R_61aXcTkWyvkJCu1","39564","Mississippi","MS","Mississippi","Jackson County","Ocean Springs","ZIP code"
"R_5sS8XRkJeEGzImb","55126","Minnesota","MN","Minnesota","Ramsey County","Saint Paul","ZIP code"
"R_1ifKdyKGfcarghw","93636","California","CA","California","Madera County","Madera","ZIP code"
"R_5kTWSzcmVl9xTk5","61068","Illinois","IL","Illinois","Ogle County","Rochelle","ZIP code"
"R_31n2xnUpTwBZ9Sq","30058","Georgia","GA","Georgia","DeKalb County","Lithonia","ZIP code"
"R_7HwrUR2Eo5K7vaq","32822","Florida","FL","Florida","Orange County","Orlando","ZIP code"
"R_30hVeptlFiloFwJ","32202","Florida","FL","Florida","Duval County","Jacksonville","ZIP code"
"R_5O7Y4oRoj94kv58","62896","Illinois","IL","Illinois","Franklin County","West Frankfort","ZIP code"
"R_6TAgYUaUjuwGyPf","19134","Pennsylvania","PA","Pennsylvania","Philadelphia County","Philadelphia","ZIP code"
"R_1Eui0pA6NfF8lPw","53209","Wisconsin","WI","Wisconsin","Milwaukee County","Milwaukee","ZIP code"
"R_7zGzowGtzCkbsxs","92410","California","CA","California","San Bernardino County","San Bernardino","ZIP code"
"R_7O0WkgPeQW0ccrG","54301","Wisconsin","WI","Wisconsin","Brown County","Green Bay","ZIP code"
"R_777OiFuRd4ShilW","16502","Pennsylvania","PA","Pennsylvania","Erie County","Erie","ZIP code"
"R_1sSkjT2oXzuU0TM","60089","Illinois","IL","Illinois","Lake County","Buffalo Grove","ZIP code"
"R_59rzhurXpIl9tIZ","73034","Oklahoma","OK","Oklahoma","Oklahoma County","Edmond","ZIP code"
"R_5iWQfEq3PDwLC4m","80004","Colorado","CO","Colorado","Jefferson County","Arvada","ZIP code"
"R_31juFIyKxWxwZeV","78202","Texas","TX","Texas","Bexar County","San Antonio","ZIP code"
"R_62Djx0sYM3FyvVT","41039","Kentucky","KY","Kentucky","Fleming County","Ewing","ZIP code"
"R_6OOYYcc6A6spDmZ","01604","Massachusetts","MA","Massachusetts","Worcester County","Worcester","ZIP code"
"R_1iWlltmjRiJgycJ","63021","Missouri","MO","Missouri","St. Louis County","Ballwin","ZIP code"
"R_146kbWjjbmKYLDz","64117","Missouri","MO","Missouri","Clay County","Kansas City","ZIP code"
"R_1n0GCXwc44EP3PQ","28544","North Carolina","NC","North Carolina","Onslow County","Midway Park","ZIP code"
"R_12my2S5QBTsl8ee","19014","Pennsylvania","PA","Pennsylvania","Delaware County","Aston","ZIP code"
"R_5dp1xLYWPxN6nND","60610","Illinois","IL","Illinois","Cook County","Chicago","ZIP code"
"R_7jx52kaaXK1KfwA","11105","New York","NY","New York","Queens County","Astoria","ZIP code"
"R_7RUhLqb7SRilvv3","77355","Texas","TX","Texas","Montgomery County","Magnolia","ZIP code"
"R_7JDFFDwPA5SlhyZ","67217","Kansas","KS","Kansas","Sedgwick County","Wichita","ZIP code"
"R_1NBoih9h9A88jsd","32309","Florida","FL","Florida","Leon County","Tallahassee","ZIP code"
"R_5fDI0RHxjJTOrr8","78664","Texas","TX","Texas","Williamson County","Round Rock","ZIP code"
"R_5IyzfvI0NlbyaSB","01089","Massachusetts","MA","Massachusetts","Hampden County","West Springfield","ZIP code"
"R_5Gdl6h0JNBpCSvE","35243","Alabama","AL","Alabama","Jefferson County","Birmingham","ZIP code"
"R_7lbgRKXJfP1Bxyn","47176","Indiana","IN","Indiana",,,"ZIP prefix"
"R_3oZX0Xch4413dRW","08096","New Jersey","NJ","New Jersey","Gloucester County","West Deptford","ZIP code"
"R_7WD51OqT01GbJm8","75217","Texas","TX","Texas","Dallas County","Dallas","ZIP code"
"R_1TMRScNsMdfgcHT","34292","Florida","FL","Florida","Sarasota County","Venice","ZIP code"
"R_7gSE3oALRQRAHke","13204","New York","NY","New York","Onondaga County","Syracuse","ZIP code"
"R_5ndEvd5BDnGGJEf","43619","Ohio","OH","Ohio","Wood County","Northwood","ZIP code"
"R_3fBHE32oe4hGfd9","55311","Minnesota","MN","Minnesota","Hennepin County","Osseo","ZIP code"
"R_5P0Vg4WU9GYiuxi","48228","Michigan","MI","Michigan","Wayne County","Detroit","ZIP code"
"R_7fZ9JWm8s1Hwy5E","32162","Florida","FL","Florida","Sumter County","The Villages","ZIP code"
"R_6LkyPbttNsXpA7A","60504","Illinois","IL","Illinois","DuPage County","Aurora","ZIP code"
"R_7OPuLYurc6HDspa","42276","Kentucky","KY","Kentucky","Logan County","Russellville","ZIP code"
"R_1GT7wvdSfQaw0Va","39423","Mississippi","MS","Mississippi","Perry County","Beaumont","ZIP code"
"R_1RlIzra6autNFIW","38261","Tennessee","TN","Tennessee","Obion County","Union City","ZIP code"
"R_3CKFkG2ClO1aEvw","47172","Indiana","IN","Indiana","Clark County","Sellersburg","ZIP code"
"R_7GwQ9OXDbsHi2YL","01247","Massachusetts","MA","Massachusetts","Berkshire County","North Adams","ZIP code"
"R_5CHthaC78f8aHBJ","61201","Illinois","IL","Illinois","Rock Island County","Rock Island","ZIP code"
"R_6NEvwqvPxFKWDuh","03051","New Hampshire","NH","New Hampshire","Hillsborough County","Hudson","ZIP code"
"R_6b12Y4CAnnVG9XW","15601","Pennsylvania","PA","Pennsylvania","Westmoreland County","Greensburg","ZIP code"
"R_5fM2lai03L2XsgF","55425","Minnesota","MN","Minnesota","Hennepin County","Minneapolis","ZIP code"
"R_7SRG5UPaNTvAzIZ","98092","Washington","WA","Washington","King County","Auburn","ZIP code"
"R_67QCqoYPMAPAli0","17319","Pennsylvania","PA","Pennsylvania","York County","Etters","ZIP code"
"R_7aW9Sgj22qBAsdt","80005","Colorado","CO","Colorado","Jefferson County","Arvada","ZIP code"
"R_1CwH00fkEgSBHRe","98408","Washington","WA","Washington","Pierce County","Tacoma","ZIP code"
"R_1S8KJUqBKCSi4Ox","11704","New York","NY","New York","Suffolk County","West Babylon","ZIP code"
"R_7cYV7s2VOiQHXt5","15010","Pennsylvania","PA","Pennsylvania","Beaver County","Beaver Falls","ZIP code"
"R_3GvV5zcD953iM0n","28412","North Carolina","NC","North Carolina","New Hanover County","Wilmington","ZIP code"
"R_6lKxCGGUCfA6jy4","43230","Ohio","OH","Ohio","Franklin County","Columbus","ZIP code"
"R_1gRCT4oKzQXgfRv","25143","West Virginia","WV","West Virginia","Kanawha County","Nitro","ZIP code"
"R_77rI4ojLCeVXT3j","34990","Florida","FL","Florida","Martin County","Palm City","ZIP code"
"R_637BCsVNrrcq0IF","19713","Delaware","DE","Delaware","New Castle County","Newark","ZIP code"
"R_5KIUmegVUeXVV6j","74361","Oklahoma","OK","Oklahoma","Mayes County","Pryor","ZIP code"
"R_1fnN3yE3W8lbWMx","75409","Texas","TX","Texas","Collin County","Anna","ZIP code"
"R_3dvuOWogN2MFb8d","06088","Connecticut","CT","Connecticut","Hartford County","East Windsor","ZIP code"
"R_6V6UMBa2RYEQvTP","48910","Michigan","MI","Michigan","Ingham County","Lansing","ZIP code"
"R_6k0ntRiPOvGsstM","33181","Florida","FL","Florida","Miami-Dade County","Miami","ZIP code"
"R_7PsPCCgr2xrE3qN","77338","Texas","TX","Texas","Harris County","Humble","ZIP code"
"R_5QDbN6vmDg0CVuF","32217","Florida","FL","Florida","Duval County","Jacksonville","ZIP code"
"R_3pqVF1NIZhrYGS4","29571","South Carolina","SC","South Carolina","Marion County","Marion","ZIP code"
"R_6ICCiDLXnEBX63n","10512","New York","NY","New York","Putnam County","Carmel","ZIP code"
"R_5bZ5m2HCgwIiy93","54729","Wisconsin","WI","Wisconsin","Chippewa County","Chippewa Falls","ZIP code"
"R_5AiLOGDYSkua18t","34288","Florida","FL","Florida","Sarasota County","North Port","ZIP code"
"R_7cXSC1upp2Qkkys","16635","Pennsylvania","PA","Pennsylvania","Blair County","Duncansville","ZIP code"
"R_3D17JdcIaEhUjvP","45342","Ohio","OH","Ohio","Montgomery County","Miamisburg","ZIP code"
"R_15ROqaC6QvNj23s","30083","Georgia","GA","Georgia","DeKalb County","Stone Mountain","ZIP code"
"R_11zyPoHzvADOA6c","34481","Florida","FL","Florida","Marion County","Ocala","ZIP code"
"R_7YrGymy9qeJ3eQ0","91303","California","CA","California","Los Angeles County","Canoga Park","ZIP code"
"R_6DMqQiK61aYUXbb","72761","Arkansas","AR","Arkansas","Benton County","Siloam Springs","ZIP code"
"R_5DvxXz0ZONzuGeg","33907","Florida","FL","Florida","Lee County","Fort Myers","ZIP code"
"R_7RwJBD9WfFOITi9","12180","New York","NY","New York","Rensselaer County","Troy","ZIP code"
"R_32rjsQc7IrPCjKh","11222","New York","NY","New York","Kings County","Brooklyn","ZIP code"
"R_5GjOaqRIlks1mX1","52601","Iowa","IA","Iowa","Des Moines County","Burlington","ZIP code"
"R_7K0xHUqHClMAcFw","25301","West Virginia","WV","West Virginia","Kanawha County","Charleston","ZIP code"
"R_6KcGaX1HOGbUm2Q","53936","Wisconsin","WI","Wisconsin","Adams County","Grand Marsh","ZIP code"
"R_6WShia6MsWNjWmq","10003","New York","NY","New York","New York County","New York","ZIP code"
"R_5pmc5Yf98DrPYtX","80521","Colorado","CO","Colorado","Larimer County","Fort Collins","ZIP code"
"R_1wpJYFt8JFxx8dP","28037","North Carolina","NC","North Carolina","Lincoln County","Denver","ZIP code"
"R_6d6M0frt3c2ZVno","29047","South Carolina","SC","South Carolina","Orangeburg County","Elloree","ZIP code"
"R_78O3svDS481pXa1","30720","Georgia","GA","Georgia","Whitfield County","Dalton","ZIP code"
"R_1Bw6O5xu2VnVN3r","17701","Pennsylvania","PA","Pennsylvania","Lycoming County","Williamsport","ZIP code"
"R_1LbeDXCRkNpAxR1","12019","New York","NY","New York","Saratoga County","Ballston Lake","ZIP code"
"R_5YxDHC7GU3hejS1","66216","Kansas","KS","Kansas","Johnson County","Shawnee","ZIP code"
"R_7WZrWCEELlxVybT","75501","Texas","TX","Texas","Bowie County","Texarkana","ZIP code"
"R_1t4Yy1taiHKdmff","30318","Georgia","GA","Georgia","Fulton County","Atlanta","ZIP code"
"R_76JE8lT6kornmOR","55376","Minnesota","MN","Minnesota","Wright County","Saint Michael","ZIP code"
"R_3PMMLdqSsgXG38h","23601","Virginia","VA","Virginia","Newport News city","Newport News","ZIP code"
"R_30I3Jgf2IXpPikW","46217","Indiana","IN","Indiana","Marion County","Indianapolis","ZIP code"
"R_6NhbxoYu36iqCzR","07920","New Jersey","NJ","New Jersey","Somerset County","Basking Ridge","ZIP code"
"R_1FQFmpjGhbs6rHM","32955","Florida","FL","Florida","Brevard County","Rockledge","ZIP code"
"R_1ymMgUKz2XsDQQh","40004","Kentucky","KY","Kentucky","Nelson County","Bardstown","ZIP code"
"R_3UEi6lc56B3ovuh","91767","California","CA","California","Los Angeles County","Pomona","ZIP code"
"R_1CUniP57gTXllFV","40511","Kentucky","KY","Kentucky","Fayette County","Lexington","ZIP code"
"R_5cTXKMYmt9780f8","74011","Oklahoma","OK","Oklahoma","Tulsa County","Broken Arrow","ZIP code"
"R_5oirxceG3qVMUbG","19711","Delaware","DE","Delaware","New Castle County","Newark","ZIP code"
"R_1JGTMC3Woa3rXeV","48205","Michigan","MI","Michigan","Wayne County","Detroit","ZIP code"
"R_3HkLVkzDGOpzvXc","28466","North Carolina","NC","North Carolina","Duplin County","Wallace","ZIP code"
"R_5JjRACRH3Ze2jjU","23225","Virginia","VA","Virginia","Richmond city","Richmond","ZIP code"
"R_6JROkQ07OVVvFK4","28791","North Carolina","NC","North Carolina","Henderson County","Hendersonville","ZIP code"
"R_1rqXeOWc8z07jfE","83536","Idaho","ID","Idaho","Idaho County","Kamiah","ZIP code"
"R_1rdAduyU8bVL3k3","21701","Maryland","MD","Maryland","Frederick County","Frederick","ZIP code"
"R_6nw78qaiWRoleyN","60458","Illinois","IL","Illinois","Cook County","Justice","ZIP code"
"R_5VSX2OzEzSucVWN","17954","Pennsylvania","PA","Pennsylvania","Schuylkill County","Minersville","ZIP code"
"R_3PN7qldy6nTf9Jm","28409","North Carolina","NC","North Carolina","New Hanover County","Wilmington","ZIP code"
"R_7I9MswprPk7axps","11367","New York","NY","New York","Queens County","Flushing","ZIP code"
"R_68n3dlWwbii24Bb","81022","Colorado","CO","Colorado","Pueblo County","Avondale","ZIP code"
"R_3eQsBigOLxdNtAU","93505","California","CA","California","Kern County","California City","ZIP code"
"R_1F36xkvr1lhDLc5","33705","Florida","FL","Florida","Pinellas County","Saint Petersburg","ZIP code"
"R_7GiIFmtT12VxtAF","98036","Washington","WA","Washington","Snohomish County","Lynnwood","ZIP code"
"R_6U6ZPhhk6g5Qwkp","54562","Wisconsin","WI","Wisconsin","Oneida County","Three Lakes","ZIP code"
"R_6K1QMivZjKvTc3e","78504","Texas","TX","Texas","Hidalgo County","Mcallen","ZIP code"
"R_6o1ovSLvonKOnm7","32217","Florida","FL","Florida","Duval County","Jacksonville","ZIP code"
"R_3NyT73B7QWu3T0L","83440","Idaho","ID","Idaho","Madison County","Rexburg","ZIP code"
"R_6fsjDBM9UQeObBL","48154","Michigan","MI","Michigan","Wayne County","Livonia","ZIP code"
"R_6BbXsgWCdDO0XWe","28226","North Carolina","NC","North Carolina","Mecklenburg County","Charlotte","ZIP code"
"R_5ZvG1VGMWk38lm9","75234","Texas","TX","Texas","Dallas County","Dallas","ZIP code"
"R_1KxPpog0K3R09H4","18049","Pennsylvania","PA","Pennsylvania","Lehigh County","Emmaus","ZIP code"
"R_50suHwK2KKy7sY1","70767","Louisiana","LA","Louisiana","West Baton Rouge Parish","Port Allen","ZIP code"
"R_6Wus8d6kd3X3hXl","33782","Florida","FL","Florida","Pinellas County","Pinellas Park","ZIP code"
"R_39NZJIuimaGS4P7","12701","New York","NY","New York","Sullivan County","Monticello","ZIP code"
"R_5mkoV1dRTGbSJvm","63376","Missouri","MO","Missouri","St. Charles County","Saint Peters","ZIP code"
"R_3plmLRKPEPaQ01M","38620","Mississippi","MS","Mississippi","Panola County","Courtland","ZIP code"
"R_7SiYHv9QUjJ89PH","30102","Georgia","GA","Georgia","Cherokee County","Acworth","ZIP code"
"R_3BkwdtqJCGrN9iV","30013","Georgia","GA","Georgia","Rockdale County","Conyers","ZIP code"
"R_5hXMHT5MF0VCvTo","19133","Pennsylvania","PA","Pennsylvania","Philadelphia County","Philadelphia","ZIP code"
"R_5fpr9MpGNpUqXRf","29201","South Carolina","SC","South Carolina","Richland County","Columbia","ZIP code"
"R_1TtsCaNnjp7UeTj","60510","Illinois","IL","Illinois","Kane County","Batavia","ZIP code"
"R_3pQAzLAZSgRFIwF","11755","New York","NY","New York","Suffolk County","Lake Grove","ZIP code"
"R_6PXZtnbcfAUiwqn","60634","Illinois","IL","Illinois","Cook County","Chicago","ZIP code"
"R_5g8vEkMkvk7nVus","21206","Maryland","MD","Maryland","Baltimore city","Baltimore","ZIP code"
"R_76Z1fCDaRkAw8al","53207","Wisconsin","WI","Wisconsin","Milwaukee County","Milwaukee","ZIP code"
"R_1fTEztyiKW7A6Nr","89048","Nevada","NV","Nevada","Nye County","Pahrump","ZIP code"
"R_53UimO6lN3uH72n","32926","Florida","FL","Florida","Brevard County","Cocoa","ZIP code"
"R_3smej4D7INOZ5Rv","01060","Massachusetts","MA","Massachusetts","Hampshire County","Northampton","ZIP code"
"R_5ehmXCbf57wAlPV","34222","Florida","FL","Florida","Manatee County","Ellenton","ZIP code"
"R_1XK5yfjTzlQinJf","90304","California","CA","California","Los Angeles County","Inglewood","ZIP code"
"R_6qh3xPuD2VzSiwe","83705","California","ID","Idaho","Ada County","Boise","ZIP code"
"R_53pZfW02hqulMt4","11757","New York","NY","New York","Suffolk County","Lindenhurst","ZIP code"
"R_6hhMRbuALCqyAiB","38111","Tennessee","TN","Tennessee","Shelby County","Memphis","ZIP code"
"R_7ofhva6ZXuLu08N","24502","Virginia","VA","Virginia","Lynchburg city","Lynchburg","ZIP code"
"R_67D4vXJgZXtat6l","66762","Kansas","KS","Kansas","Crawford County","Pittsburg","ZIP code"
"R_7OJBDjp5JuwMLj3","23608","Virginia","VA","Virginia","Newport News city","Newport News","ZIP code"
"R_7VY3UgEXBWmm1a1","10453","New York","NY","New York","Bronx County","Bronx","ZIP code"
"R_7iVghIqgCLG13HH","34145","Florida","FL","Florida","Collier County","Marco Island","ZIP code"
"R_3DrQen6oJvl6tI5","48054","Michigan","MI","Michigan","St. Clair County","East China","ZIP code"
"R_6DGlALYUVRCpTiN","19801","Delaware","DE","Delaware","New Castle County","Wilmington","ZIP code"
"R_30VxqXTkMEHliek","38310","Tennessee","TN","Tennessee","McNairy County","Adamsville","ZIP code"
"R_6d6KhzK0zp4Hohd","78664","Texas","TX","Texas","Williamson County","Round Rock","ZIP code"
"R_1GDqFIxTMbmMTfO","10705","New York","NY","New York","Westchester County","Yonkers","ZIP code"
"R_6dusqsl9y8iAXSY","28208","North Carolina","NC","North Carolina","Mecklenburg County","Charlotte","ZIP code"
"R_5X0QL5uH3e037Lk","45133","Ohio","OH","Ohio","Highland County","Hillsboro","ZIP code"
"R_7OGnzCdOeGeN3ZT","11236","New York","NY","New York","Kings County","Brooklyn","ZIP code"
"R_6YDEyrj0z94VI2W","77083","Texas","TX","Texas","Harris County","Houston","ZIP code"
"R_3n2eoE26kRGKnuZ","60649","Illinois","IL","Illinois","Cook County","Chicago","ZIP code"
"R_3oYdxk6jl1fS0UN","62701","Illinois","IL","Illinois","Sangamon County","Springfield","ZIP code"
"R_5Cp8uY1A5ezAfEY","22030","Virginia","VA","Virginia","Fairfax County","Fairfax","ZIP code"
"R_7UwmsgkZI76WyEV","44839","Ohio","OH","Ohio","Erie County","Huron","ZIP code"
"R_5jqdjkCVZUHbCRr","32071","Florida","FL","Florida","Suwannee County","O Brien","ZIP code"
"R_76hGo2ZslvT2vfs","34288","Florida","FL","Florida","Sarasota County","North Port","ZIP code"
"R_1t3Qvz1zar1lEr2","28539","North Carolina","NC","North Carolina","Onslow County","Hubert","ZIP code"
"R_3fMHq9l37Htg0kY","45177","Ohio","OH","Ohio","Clinton County","Wilmington","ZIP code"
"R_7je8M1LKnYXA6Bk","43604","Ohio","OH","Ohio","Lucas County","Toledo","ZIP code"
"R_3b1sfsmxnI4oXaV","30096","Georgia","GA","Georgia","Gwinnett County","Duluth","ZIP code"
"R_3ODSEDwYS7UBCxj","17408","Pennsylvania","PA","Pennsylvania","York County","York","ZIP code"
"R_6ISpJgI7hdZFxZ8","27560","North Carolina","NC","North Carolina","Wake County","Morrisville","ZIP code"
"R_73qi9KVYflllqRl","75605","Texas","TX","Texas","Gregg County","Longview","ZIP code"
"R_6FP5izDRoLkNucx","19601","Pennsylvania","PA","Pennsylvania","Berks County","Reading","ZIP code"
"R_1oyWuaH06ZgaJhZ","37687","Tennessee","TN","Tennessee","Carter County","Roan Mountain","ZIP code"
"R_6ifKxLiaVSQ3oDD","89147","Nevada","NV","Nevada","Clark County","Las Vegas","ZIP code"
"R_3YKQ1O03ILFm35f","43230","Ohio","OH","Ohio","Franklin County","Columbus","ZIP code"
"R_3C3B5hIASfqwURt","27551","North Carolina","NC","North Carolina","Warren County","Macon","ZIP code"
"R_7zKxqp14X90UzWF","27295","North Carolina","NC","North Carolina","Davidson County","Lexington","ZIP code"
"R_5SIZA62V8YM2k3p","92656","California","CA","California","Orange County","Aliso Viejo","ZIP code"
"R_1NQzefYtifQO5Lv","89048","Nevada","NV","Nevada","Nye County","Pahrump","ZIP code"
"R_6wuhQYlGuSnVPpY","51570","Iowa","IA","Iowa","Shelby County","Shelby","ZIP code"
"R_626evF20heWJE3W","42066","Kentucky","KY","Kentucky","Graves County","Mayfield","ZIP code"
"R_6WPjhzT173RgsLB","06114","Connecticut","CT","Connecticut","Hartford County","Hartford","ZIP code"
"R_7U0nOAbrI5YiGiM","28215","North Carolina","NC","North Carolina","Mecklenburg County","Charlotte","ZIP code"
"R_3s1HIavWkV2gGM9","08401","New Jersey","NJ","New Jersey","Atlantic County","Atlantic City","ZIP code"
"R_3S8eZr7uuFzu0G5","02806","Rhode Island","RI","Rhode Island","Bristol County","Barrington","ZIP code"
"R_71iheH4173AS6bz","46342","Indiana","IN","Indiana","Lake County","Hobart","ZIP code"
"R_3ItnskMuuJaZdHv","19143","Pennsylvania","PA","Pennsylvania","Philadelphia County","Philadelphia","ZIP code"
"R_7komnqAgLEcucwx","77380","Texas","TX","Texas","Montgomery County","Spring","ZIP code"
"R_3ODnNxiAED0P9Hd","07840","New Jersey","NJ","New Jersey","Warren County","Hackettstown","ZIP code"
"R_7VytStGqrEy3KWl","44301","Ohio","OH","Ohio","Summit County","Akron","ZIP code"
"R_59V9wmMgZfoyYwx","33150","Florida","FL","Florida","Miami-Dade County","Miami","ZIP code"
"R_6rkSSvl4KseRMhK","12966","New York","NY","New York","Franklin County","North Bangor","ZIP code"
"R_5Esjf1RGM0Jp00j","78233","Texas","TX","Texas","Bexar County","San Antonio","ZIP code"
"R_1f7FhypVMDBbD2V","15066","Pennsylvania","PA","Pennsylvania","Beaver County","New Brighton","ZIP code"
"R_7FP8cXZQDh5CUUk","28226","North Carolina","NC","North Carolina","Mecklenburg County","Charlotte","ZIP code"
"R_61Gmspe9bmzp0wV","07410","New Jersey","NJ","New Jersey","Bergen County","Fair Lawn","ZIP code"
"R_1wRHS9f7poV1CK6","31701","Georgia","GA","Georgia","Dougherty County","Albany","ZIP code"
"R_3INiKFvKW5jMLuh","60074","Illinois","IL","Illinois","Cook County","Palatine","ZIP code"
"R_68U3fjJXEBVX4Ql","06457","Connecticut","CT","Connecticut","Middlesex County","Middletown","ZIP code"
"R_3MyF2KdBSilXuQ4","62969","Illinois","IL","Illinois","Alexander County","Olive Branch","ZIP code"
"R_3cZZVtqQa84a5p5","30083","Georgia","GA","Georgia","DeKalb County","Stone Mountain","ZIP code"
"R_7awWI1I9gbTdQYe","43604","Ohio","OH","Ohio","Lucas County","Toledo","ZIP code"
"R_7LWuPbLfaZL5PQl","31707","Georgia","GA","Georgia","Dougherty County","Albany","ZIP code"
"R_6hJY0FR4VG0K7gQ","18822","Pennsylvania","PA","Pennsylvania","Susquehanna County","Hallstead","ZIP code"
"R_3E7gS9EsByKfSKP","33880","Florida","FL","Florida","Polk County","Winter Haven","ZIP code"
"R_5lLbMZFCz1eawzq","60634","Illinois","IL","Illinois","Cook County","Chicago","ZIP code"
"R_5BPgRoowN1R56wA","33441","Florida","FL","Florida","Broward County","Deerfield Beach","ZIP code"
"R_1x632Xa2CeAzUIN","44647","Ohio","OH","Ohio","Stark County","Massillon","ZIP code"
"R_67EAdxgIwmnrLyp","13033","New York","NY","New York","Cayuga County","Cato","ZIP code"
"R_3VtflCi8HDpTva1","48101","Michigan","MI","Michigan","Wayne County","Allen Park","ZIP code"
"R_7jHsr1B0880PQIq","16001","Pennsylvania","PA","Pennsylvania","Butler County","Butler","ZIP code"
"R_5DkKkGfejnPkHUR","96825","Hawaii","HI","Hawaii","Honolulu County","Honolulu","ZIP code"
"R_5z7nZ1HHvVHYJnv","32211","Florida","FL","Florida","Duval County","Jacksonville","ZIP code"
"R_6ckC4uU37LldRMl","19904","Delaware","DE","Delaware","Kent County","Dover","ZIP code"
"R_6k3pvcjes5BmrSx","75602","Texas","TX","Texas","Gregg County","Longview","ZIP code"
"R_3vILKSj632OnHt7","78260","Texas","TX","Texas","Bexar County","San Antonio","ZIP code"
"R_5fMHMDFoXdNKCGt","95991","California","CA","California","Sutter County","Yuba City","ZIP code"
"R_6CTR7bXTjzYus37","54603","Wisconsin","WI","Wisconsin","La Crosse County","La Crosse","ZIP code"
"R_5qdH5feAt7fBQu0","27591","North Carolina","NC","North Carolina","Wake County","Wendell","ZIP code"
"R_7P4PAvxBqfVl02r","53013","Wisconsin","WI","Wisconsin","Sheboygan County","Cedar Grove","ZIP code"
"R_7yM2RvVmq42zEoF","95209","California","CA","California","San Joaquin County","Stockton","ZIP code"
"R_5yeXNbqUjLX80X7","75025","Texas","TX","Texas","Collin County","Plano","ZIP code"
"R_5pYflvuBmq3D3ur","31757","Georgia","GA","Georgia","Thomas County","Thomasville","ZIP code"
"R_1kDQdAQwvISSwG5","43615","Ohio","OH","Ohio","Lucas County","Toledo","ZIP code"
"R_62W4YFMSPuAOq6b","16239","Pennsylvania","PA","Pennsylvania","Forest County","Marienville","ZIP code"
"R_7kMtWQrx4u3Q6dO","78043","Texas","TX","Texas","Webb County","Laredo","ZIP code"
"R_7BNA4QEgHeYviDv","72034","Arkansas","AR","Arkansas","Faulkner County","Conway","ZIP code"
"R_5DVca9qoOMvo7ek","29569","South Carolina","SC","South Carolina","Horry County","Loris","ZIP code"
"R_3Icm8BHxanJGG2l","19968","Delaware","DE","Delaware","Sussex County","Milton","ZIP code"
"R_3dhhuqfZynEKd6q","40205","Kentucky","KY","Kentucky","Jefferson County","Louisville","ZIP code"
"R_57l27S79whdiKTL","40601","Kentucky","KY","Kentucky","Franklin County","Frankfort","ZIP code"
"R_7gvVQBtzI6Im9YQ","11205","New York","NY","New York","Kings County","Brooklyn","ZIP code"
"R_5C7vdnVjBU6S5ei","12065","New York","NY","New York","Saratoga County","Clifton Park","ZIP code"
"R_7rvsayPCF5sI3Ng","46201","Indiana","IN","Indiana","Marion County","Indianapolis","ZIP code"
"R_6gRbvgUg9UVw47K","02019","Massachusetts","MA","Massachusetts","Norfolk County","Bellingham","ZIP code"
"R_3AZ1FPotXQbM02i","25508","West Virginia","WV","West Virginia","Logan County","Chapmanville","ZIP code"
"R_7SItTog8yKwKYql","97303","Oregon","OR","Oregon","Marion County","Salem","ZIP code"
"R_6gi5IaZ9VI4kVrM","98008","Washington","WA","Washington","King County","Bellevue","ZIP code"
"R_14jThi7UVB9rp7F","87321","New Mexico","NM","New Mexico","McKinley County","Ramah","ZIP code"
"R_3sqsIUs1LdPN89b","12601","New York","NY","New York","Dutchess County","Poughkeepsie","ZIP code"
"R_3EmLvNi57Bu6nir","06604","Connecticut","CT","Connecticut","Fairfield County","Bridgeport","ZIP code"
"R_3pqI22HupzzYmNX","48197","Michigan","MI","Michigan","Washtenaw County","Ypsilanti","ZIP code"
"R_1eY9AQBHPxojLtM","32778","Florida","FL","Florida","Lake County","Tavares","ZIP code"
"R_1Oy6v3bU78bQFEN","12524","New York","NY","New York","Dutchess County","Fishkill","ZIP code"
"R_3nPcMatzroXliu5","32256","Florida","FL","Florida","Duval County","Jacksonville","ZIP code"
"R_1YRHtrt2zhtaCYJ","26722","West Virginia","WV","West Virginia","Hampshire County","Green Spring","ZIP code"
"R_6uEOWBOa20wtQuk","85295","Arizona","AZ","Arizona","Maricopa County","Gilbert","ZIP code"
"R_7qjkmRScIbCzPm2","33917","Florida","FL","Florida","Lee County","North Fort Myers","ZIP code"
"R_6dlPzyPZMgcB44R","11787","New York","NY","New York","Suffolk County","Smithtown","ZIP code"
"R_3gi6mQTvT6vg6ZI","45858","Ohio","OH","Ohio","Hancock County","Mc Comb","ZIP code"
"R_6EYYfX972cnOI1v","61455","Illinois","IL","Illinois","McDonough County","Macomb","ZIP code"
"R_60NrSAudDyIB4sN","55112","Minnesota","MN","Minnesota","Ramsey County","Saint Paul","ZIP code"
"R_6zGs4rrBOHrGwBW","70812","Louisiana","LA","Louisiana","East Baton Rouge Parish","Baton Rouge","ZIP code"
"R_7NULENo6QRrDzNz","31906","Georgia","GA","Georgia","Muscogee County","Columbus","ZIP code"
"R_725MvTmyeKupoe5","79912","Texas","TX","Texas","El Paso County","El Paso","ZIP code"
"R_3I5esrFwjFJVzfb","94619","California","CA","California","Alameda County","Oakland","ZIP code"
"R_3hZINejNeU2yB45","84065","Utah","UT","Utah","Salt Lake County","Riverton","ZIP code"
"R_6qE4Uwuo17oeobB","32803","Florida","FL","Florida","Orange County","Orlando","ZIP code"
"R_7ZJJWGdUH4XKlBU","33803","Florida","FL","Florida","Polk County","Lakeland","ZIP code"
"R_5wbk8BhuSq3fsSa","21742","Maryland","MD","Maryland","Washington County","Hagerstown","ZIP code"
"R_7uiH04VCggAp9kJ","07047","New Jersey","NJ","New Jersey","Hudson County","North Bergen","ZIP code"
"R_10YuFO1sNiX8d0Z","45062","Ohio","OH","Ohio","Butler County","Seven Mile","ZIP code"
"R_5S3P0X1aeldGYdH","02830","Rhode Island","RI","Rhode Island","Providence County","Harrisville","ZIP code"
"R_6EGR75Nb6FSKtew","37909","Tennessee","TN","Tennessee","Knox County","Knoxville","ZIP code"
"R_33NHKzf7kGjM8eJ","97739","Oregon","OR","Oregon","Deschutes County","La Pine","ZIP code"
"R_6QPyKF68ZEfMyyJ","63128","Missouri","MO","Missouri","St. Louis County","Saint Louis","ZIP code"
"R_6gSWRph9fCdMqac","11743","New York","NY","New York","Suffolk County","Huntington","ZIP code"
"R_3CaxCMWYDJlkbaV","60649","Illinois","IL","Illinois","Cook County","Chicago","ZIP code"
"R_7EhKJ6HXERjt5GC","19126","Pennsylvania","PA","Pennsylvania","Philadelphia County","Philadelphia","ZIP code"
"R_6fVu7sZuIcjFcP8","31211","Georgia","GA","Georgia","Bibb County","Macon","ZIP code"
"R_1BW9yI1EOL0oSsx","10312","New York","NY","New York","Richmond County","Staten Island","ZIP code"
"R_1QJxFsQMDVHXpKr","54304","Wisconsin","WI","Wisconsin","Brown County","Green Bay","ZIP code"
"R_6pyg8wNlBYkBdqO","19946","Delaware","DE","Delaware","Kent County","Frederica","ZIP code"
"R_7YPk3JWg5fMV2sV","33634","Florida","FL","Florida","Hillsborough County","Tampa","ZIP code"
"R_7q4LGy2FBvCvkY3","21853","Maryland","MD","Maryland","Somerset County","Princess Anne","ZIP code"
"R_6KkDILjXe3ov8kI","60640","Illinois","IL","Illinois","Cook County","Chicago","ZIP code"
"R_1jNe4nRx2mwl0im","47933","Indiana","IN","Indiana","Montgomery County","Crawfordsville","ZIP code"
"R_6Qfa1Ik6eJ91uRr","70764","Louisiana","LA","Louisiana","Iberville Parish","Plaquemine","ZIP code"
"R_7pORIbvQBqO5F8l","12944","New York","NY","New York","Essex County","Keeseville","ZIP code"
"R_72610c65mpEePV4","92688","California","CA","California","Orange County","Rancho Santa Margarita","ZIP code"
"R_5XjpeXKlbpQtcmD","80233","Colorado","CO","Colorado","Adams County","Denver","ZIP code"
"R_3IiTEAdleRob303","71055","Louisiana","LA","Louisiana","Webster Parish","Minden","ZIP code"
"R_6xF2wId00XUjUEI","52803","Iowa","IA","Iowa","Scott County","Davenport","ZIP code"
"R_6Q5cgBvKy4EmnMK","77331","Texas","TX","Texas","San Jacinto County","Coldspring","ZIP code"
"R_63atvXBsM8UzaP8","85201","Arizona","AZ","Arizona","Maricopa County","Mesa","ZIP code"
"R_7xKkoysjwaTmMdc","01930","Massachusetts","MA","Massachusetts","Essex County","Gloucester","ZIP code"
"R_6YX3ejMMHIJtbdD","45638","Ohio","OH","Ohio","Lawrence County","Ironton","ZIP code"
"R_3fa3wRYb9LgPSab","47520","Indiana","IN","Indiana","Perry County","Cannelton","ZIP code"
"R_7QLf3LRk7dCw0k5","75604","Texas","TX","Texas","Gregg County","Longview","ZIP code"
"R_7c7r25ZbyxLUwLF","17584","Pennsylvania","PA","Pennsylvania","Lancaster County","Willow Street","ZIP code"
"R_5rNhUKueIQnm6pN","77088","Texas","TX","Texas","Harris County","Houston","ZIP code"
"R_5BnC5sjY4xigprP","01902","Massachusetts","MA","Massachusetts","Essex County","Lynn","ZIP code"
"R_7drU7mEbQWDSqWa","98270","Washington","WA","Washington","Snohomish County","Marysville","ZIP code"
"R_3V5B0WucjYLiDTj","39773","Mississippi","MS","Mississippi","Clay County","West Point","ZIP code"
"R_7kI39nIo8F60rNn","43130","Ohio","OH","Ohio","Fairfield County","Lancaster","ZIP code"
"R_54nJMjmSOEQ53XB","11706","New York","NY","New York","Suffolk County","Bay Shore","ZIP code"
"R_7Bu2Ee0aZloj3W7","13045","New York","NY","New York","Cortland County","Cortland","ZIP code"
"R_57JX0cOnHWxzLVt","10065","New York","NY","New York","New York County","New York","ZIP code"
"R_1FJQJR5Wum9Zi73","37722","Tennessee","TN","Tennessee","Cocke County","Cosby","ZIP code"
"R_6pRnK7D9t4BBI9f","47422","Indiana","IN","Indiana",,,"ZIP prefix"
"R_1OBkRkrfdpivBhD","40505","Kentucky","KY","Kentucky","Fayette County","Lexington","ZIP code"
"R_7sBm2vUs36cOOZY","64093","Missouri","MO","Missouri","Johnson County","Warrensburg","ZIP code"
"R_6U8XFiIaW8q4ysK","14301","New York","NY","New York","Niagara County","Niagara Falls","ZIP code"
"R_1FTssPs8SSIEixr","77355","Texas","TX","Texas","Montgomery County","Magnolia","ZIP code"
"R_6rIIUwj6Up4m0AA","13440","New York","NY","New York","Oneida County","Rome","ZIP code"
"R_3g0IKq193hwXOU1","77963","Texas","TX","Texas","Goliad County","Goliad","ZIP code"
"R_5LDNEPsmxKuVALn","19806","Delaware","DE","Delaware","New Castle County","Wilmington","ZIP code"
"R_5PobjDGymk1UTfA","32207","Florida","FL","Florida","Duval County","Jacksonville","ZIP code"
"R_3VqhvcPoid6lrtx","25015","West Virginia","WV","West Virginia","Kanawha County","Belle","ZIP code"
"R_7fvip1jBPS4WqbO","48180","Michigan","MI","Michigan","Wayne County","Taylor","ZIP code"
"R_7dLXoTbXGaoXpO1","77057","Texas","TX","Texas","Harris County","Houston","ZIP code"
"R_6N9B6K45lYUyuHS","28613","North Carolina","NC","North Carolina","Catawba County","Conover","ZIP code"
"R_5ADWc52mULzDM3f","08889","New Jersey","NJ","New Jersey","Hunterdon County","Whitehouse Station","ZIP code"
"R_7xGkWwqer1AruOs","98052","Washington","WA","Washington","King County","Redmond","ZIP code"
"R_5IKcZTT76nFIJLX","87013","New Mexico","NM","New Mexico","Sandoval County","Cuba","ZIP code"
"R_6EmxZi2LqlHs3L3","98223","Washington","WA","Washington","Snohomish County","Arlington","ZIP code"
"R_5wcVPkYC2ZOgNvr","75701","Texas","TX","Texas","Smith County","Tyler","ZIP code"
"R_5ClIo7UNBv57LSO","32701","Florida","FL","Florida","Seminole County","Altamonte Springs","ZIP code"
"R_1tGACD2Mg9HENWR","39046","Mississippi","MS","Mississippi","Madison County","Canton","ZIP code"
"R_5th7khw9nN5IDsi","46064","Indiana","IN","Indiana","Madison County","Pendleton","ZIP code"
"R_1GNU8Jww9kYiFCW","30060","Georgia","GA","Georgia","Cobb County","Marietta","ZIP code"
"R_75tO8TCxUYTV5mb","77521","Texas","TX","Texas","Harris County","Baytown","ZIP code"
"R_5hg2fCn8qWRX8EM","46226","Indiana","IN","Indiana","Marion County","Indianapolis","ZIP code"
"R_1rIKJq1KRumUCJG","38118","Tennessee","TN","Tennessee","Shelby County","Memphis","ZIP code"
"R_5vYVVTiUhHgiaGc","29642","South Carolina","SC","South Carolina","Pickens County","Easley","ZIP code"
"R_3uNTmAv88TbDaFa","72947","Arkansas","AR","Arkansas","Crawford County","Mulberry","ZIP code"
"R_7ge7IN5j3XjzbUB","33322","Florida","FL","Florida","Broward County","Fort Lauderdale","ZIP code"
"R_6eOWIQVr4ngvlhX","54126","Wisconsin","WI","Wisconsin","Brown County","Greenleaf","ZIP code"
"R_5uO1W7rBziajV3P","24651","Virginia","VA","Virginia","Tazewell County","Tazewell","ZIP code"
"R_5scBfbdGC8R5tie","77489","Texas","TX","Texas","Fort Bend County","Missouri City","ZIP code"
"R_1dXuUzi5qklDN49","28665","North Carolina","NC","North Carolina","Wilkes County","Purlear","ZIP code"
"R_1r26UbSnyhAGSfr","33023","Florida","FL","Florida","Broward County","Hollywood","ZIP code"
"R_5B6nwLkyQtrE6Mp","64841","Missouri","MO","Missouri","Jasper County","Duenweg","ZIP code"
"R_7qpW9DT8yc3vlGp","85383","Arizona","AZ","Arizona","Maricopa County","Peoria","ZIP code"
"R_5AlUBEixnDrU5dn","85208","Arizona","AZ","Arizona","Maricopa County","Mesa","ZIP code"
"R_6G1hkWcno0KV22f","78501","Texas","TX","Texas","Hidalgo County","Mcallen","ZIP code"
"R_1hmXZs6nwLWMXNn","32091","Florida","FL","Florida","Bradford County","Starke","ZIP code"
"R_3gpMCC9BV1gEK6l","11433","New York","NY","New York","Queens County","Jamaica","ZIP code"
"R_363TFnv8CM3GFYQ","42347","Kentucky","KY","Kentucky","Ohio County","Hartford","ZIP code"
"R_7xFeRmSN50PybmK","64093","Missouri","MO","Missouri","Johnson County","Warrensburg","ZIP code"
"R_6cnMgSF1JlFNABH","97222","Oregon","OR","Oregon","Clackamas County","Portland","ZIP code"
"R_10yZc2pIl8ewmK5","85705","Arizona","AZ","Arizona","Pima County","Tucson","ZIP code"
"R_5FqW4R81QHIe6Sb","78121","Texas","TX","Texas","Wilson County","La Vernia","ZIP code"
"R_7z15hRnH0VWreGl","04841","Maine","ME","Maine","Knox County","Rockland","ZIP code"
"R_1XpMJZUekzQuk1z","84123","Utah","UT","Utah","Salt Lake County","Salt Lake City","ZIP code"
"R_6AHBm9K7cJVIXVn","47631","Indiana","IN","Indiana","Posey County","New Harmony","ZIP code"
"R_3qUqKa8ujexYgOl","10301","New York","NY","New York","Richmond County","Staten Island","ZIP code"
"R_5Rvxd1onznOdHAB","79935","Texas","TX","Texas","El Paso County","El Paso","ZIP code"
"R_5QweYOTNJ2Cu4M1","68412","Texas","NE","Nebraska",,,"ZIP prefix"
"R_3XgtBZ8fz94xnyz","50522","Iowa","IA","Iowa","Kossuth County","Burt","ZIP code"
"R_6ToxpEo9BiJbVk4","33321","Florida","FL","Florida","Broward County","Fort Lauderdale","ZIP code"
"R_1kK3kkuATJ9r8vD","32256","Florida","FL","Florida","Duval County","Jacksonville","ZIP code"
"R_3FQYBAHJ6x64Abj","62203","Illinois","IL","Illinois","St. Clair County","East Saint Louis","ZIP code"
"R_5nOwl8aht8T6yYA","30815","Georgia","GA","Georgia","Richmond County","Hephzibah","ZIP code"
"R_6JIpzMlXDQzkweg","60609","Illinois","IL","Illinois","Cook County","Chicago","ZIP code"
"R_5Va52pWeNKTBR8I","92373","California","CA","California","San Bernardino County","Redlands","ZIP code"
"R_3r2nj1bDdG8w6Wo","95833","California","CA","California","Sacramento County","Sacramento","ZIP code"
"R_3PXmqAEuKVtMe8q","55435","Minnesota","MN","Minnesota","Hennepin County","Minneapolis","ZIP code"
"R_5dDy5X38xHBm849","97367","Oregon","OR","Oregon","Lincoln County","Lincoln City","ZIP code"
"R_5I0RPbfCibJ2E8T","78744","Texas","TX","Texas","Travis County","Austin","ZIP code"
"R_3iExBJtFmnNvuVz","05046","Vermont","VT","Vermont","Caledonia County","Groton","ZIP code"
"R_6Ckpb5uDHKLxAp4","79407","Texas","TX","Texas","Lubbock County","Lubbock","ZIP code"
"R_1QK7kb9jZTDsksM","34711","Florida","FL","Florida","Lake County","Clermont","ZIP code"
"R_6sXQ7bdQYfI38g9","71923","Arkansas","AR","Arkansas","Clark County","Arkadelphia","ZIP code"
"R_6rZLQQL5Hx7d4xv","04981","Maine","ME","Maine","Waldo County","Stockton Springs","ZIP code"
"R_1X5aoRQG7fAtwLh","13088","New York","NY","New York","Onondaga County","Liverpool","ZIP code"
"R_3y7zrD1d6BJqMqR","44109","Ohio","OH","Ohio","Cuyahoga County","Cleveland","ZIP code"
"R_6tlfMx3VobBRfS3","33610","Florida","FL","Florida","Hillsborough County","Tampa","ZIP code"
"R_3s7vV8kto9u1SqG","58503","North Dakota","ND","North Dakota","Burleigh County","Bismarck","ZIP code"
"R_3y71Mj1opF4fOAV","74112","Oklahoma","OK","Oklahoma","Tulsa County","Tulsa","ZIP code"
"R_3pEx8HhmAxnKb0U","85713","Arizona","AZ","Arizona","Pima County","Tucson","ZIP code"
"R_1N9tMHoDei4ZYOg","54915","Wisconsin","WI","Wisconsin","Outagamie County","Appleton","ZIP code"
"R_1exvecGKyL403Bw","02109","Massachusetts","MA","Massachusetts","Suffolk County","Boston","ZIP code"
"R_6qfCKZD6BNDCuOD","53012","Wisconsin","WI","Wisconsin","Ozaukee County","Cedarburg","ZIP code"
"R_7Duoelqf0sPdJJb","18360","Pennsylvania","PA","Pennsylvania","Monroe County","Stroudsburg","ZIP code"
"R_56hzdgQhVcbNFdq","37172","Tennessee","TN","Tennessee","Robertson County","Springfield","ZIP code"
"R_67qh7esuRbm9aZc","94010","California","CA","California","San Mateo County","Burlingame","ZIP code"
"R_7SJhoKxK0cQQSKE","35057","Alabama","AL","Alabama","Cullman County","Cullman","ZIP code"
"R_5Gy5wN6D8mV2Cyf","21144","Maryland","MD","Maryland","Anne Arundel County","Severn","ZIP code"
"R_3lv5fhhjJxH9GFX","80601","Colorado","CO","Colorado","Adams County","Brighton","ZIP code"
"R_6xPK6idb4snWR1D","77904","Texas","TX","Texas","Victoria County","Victoria","ZIP code"
"R_60Vkg52RCYZq7KF","97030","Oregon","OR","Oregon","Multnomah County","Gresham","ZIP code"
"R_69jw4VK34C2SJUJ","89506","Nevada","NV","Nevada","Washoe County","Reno","ZIP code"
"R_13qn6aVv5mlgVYx","17055","Pennsylvania","PA","Pennsylvania","Cumberland County","Mechanicsburg","ZIP code"
"R_6QRC6UChcWTkO4O","33604","Florida","FL","Florida","Hillsborough County","Tampa","ZIP code"
"R_5QAs4H7S7e1nNJF","69361","Nebraska","NE","Nebraska","Scotts Bluff County","Scottsbluff","ZIP code"
"R_5QFKgAfnESSMAvT","60070","Illinois","IL","Illinois","Cook County","Prospect Heights","ZIP code"
"R_7EHqh8tMmP4qM3h","77630","Texas","TX","Texas","Orange County","Orange","ZIP code"
"R_1EpLOZ6HoQt3nY5","76310","Texas","TX","Texas","Wichita County","Wichita Falls","ZIP code"
"R_3951cI0i3UJfgct","08833","New Jersey","NJ","New Jersey","Hunterdon County","Lebanon","ZIP code"
"R_7rdZRsqQ8ChRdUR","89104","Nevada","NV","Nevada","Clark County","Las Vegas","ZIP code"
"R_6qTByR2SwpgffNv","73075","Oklahoma","OK","Oklahoma","Garvin County","Pauls Valley","ZIP code"
"R_5YS50TMA7F8nrkk","33605","Florida","FL","Florida","Hillsborough County","Tampa","ZIP code"
"R_13Q0jN9EKMmNxEl","15321","Pennsylvania","PA","Pennsylvania","Washington County","Cecil","ZIP code"
"R_6rUD7mWwruyoshc","15601","Pennsylvania","PA","Pennsylvania","Westmoreland County","Greensburg","ZIP code"
"R_7PbN4x28cB0N2gh","44102","Ohio","OH","Ohio","Cuyahoga County","Cleveland","ZIP code"
"R_5DFGqg9om2SZBn3","39501","Mississippi","MS","Mississippi","Harrison County","Gulfport","ZIP code"
"R_7Nymj0vbFlBCoZV","56353","Minnesota","MN","Minnesota","Mille Lacs County","Milaca","ZIP code"
"R_70MziGSKAYAXyKI","40212","Kentucky","KY","Kentucky","Jefferson County","Louisville","ZIP code"
"R_6HQ9Zjcj0aHn1e1","49203","Michigan","MI","Michigan","Jackson County","Jackson","ZIP code"
"R_6fs2D0eiVkvdpCi","36703","Alabama","AL","Alabama","Dallas County","Selma","ZIP code"
"R_51lShRjarkCXbUt","23454","Virginia","VA","Virginia","Virginia Beach city","Virginia Beach","ZIP code"
"R_3q8dfjzDcCuhFHL","28212","North Carolina","NC","North Carolina","Mecklenburg County","Charlotte","ZIP code"
"R_7fpq0cRvNAZsBwY","38663","Mississippi","MS","Mississippi","Tippah County","Ripley","ZIP code"
"R_6RMPQ1kT63uVYkx","28504","North Carolina","NC","North Carolina","Lenoir County","Kinston","ZIP code"
"R_6oih0x3n4ozna25","20774","Maryland","MD","Maryland","Prince George's County","Upper Marlboro","ZIP code"
"R_3z9YD1bOsgrnM3L","72102","Arkansas","AR","Arkansas","White County","Mc Rae","ZIP code"
"R_53fXu1XQXhBoXyC","39114","Mississippi","MS","Mississippi","Simpson County","Mendenhall","ZIP code"
"R_3Cs9SDr6vS9RgAP","53405","Wisconsin","WI","Wisconsin","Racine County","Racine","ZIP code"
"R_1iU8DXbcXabsrWW","49519","Michigan","MI","Michigan","Kent County","Wyoming","ZIP code"
"R_3FJM9yIG8nM5KaM","29170","South Carolina","SC","South Carolina","Lexington County","West Columbia","ZIP code"
"R_1QivdCcp1KAE2vn","33761","Florida","FL","Florida","Pinellas County","Clearwater","ZIP code"
"R_6KHGmIa2uY6bCPg","54457","Wisconsin","WI","Wisconsin","Wood County","Nekoosa","ZIP code"
"R_7IGYU03wyQ7Akha","23707","Virginia","VA","Virginia","Portsmouth city","Portsmouth","ZIP code"
"R_3Oa34douaabsDJf","43162","Ohio","OH","Ohio","Madison County","West Jefferson","ZIP code"
"R_12JF8m0DS2EBMPH","31510","Georgia","GA","Georgia","Bacon County","Alma","ZIP code"
"R_1aada28AE48Gvdr","78664","Texas","TX","Texas","Williamson County","Round Rock","ZIP code"
"R_1PtWAZCw2DdLJbw","19403","Pennsylvania","PA","Pennsylvania","Montgomery County","Norristown","ZIP code"
"R_7SJStmWbzqfxfHj","89144","Nevada","NV","Nevada","Clark County","Las Vegas","ZIP code"
"R_3djguP80TgqWBFW","35903","Alabama","AL","Alabama","Etowah County","Gadsden","ZIP code"
"R_3vbqU14hhAkyFDr","29645","South Carolina","SC","South Carolina","Laurens County","Gray Court","ZIP code"
"R_3J3FVLVSMutjsB3","53202","Wisconsin","WI","Wisconsin","Milwaukee County","Milwaukee","ZIP code"
"R_3PpBx2OhmIVJQlp","93304","California","CA","California","Kern County","Bakersfield","ZIP code"
"R_1jT0LsdoK9IJTNs","44124","Ohio","OH","Ohio","Cuyahoga County","Cleveland","ZIP code"
"R_3UWpZihIJQUQJA7","70722","Louisiana","LA","Louisiana","East Feliciana Parish","Clinton","ZIP code"
"R_7CCHJLAMrNpQA6d","77346","Texas","TX","Texas","Harris County","Humble","ZIP code"
"R_6FSghXynNPEpk53","30721","Maryland","GA","Georgia","Whitfield County","Dalton","ZIP code"
"R_1jeFjpbcvH0Vxap","30012","Georgia","GA","Georgia","Rockdale County","Conyers","ZIP code"
"R_6wqsVXfOUTxNEm5","83617","Idaho","ID","Idaho","Gem County","Emmett","ZIP code"
"R_7mXlpJGuy5mmsXI","53151","Wisconsin","WI","Wisconsin","Waukesha County","New Berlin","ZIP code"
"R_6j9AbGBFbucMq6s","43201","Ohio","OH","Ohio","Franklin County","Columbus","ZIP code"
"R_7W0Y2ssTR5i2RQ5","33309","Florida","FL","Florida","Broward County","Fort Lauderdale","ZIP code"
"R_1qdMcFmB71WTTzE","29435","South Carolina","SC","South Carolina","Colleton County","Cottageville","ZIP code"
"R_7RvDv5MWY4Yyn82","28214","North Carolina","NC","North Carolina","Mecklenburg County","Charlotte","ZIP code"
"R_5iPbsjiKpe3EYaS","82609","Wyoming","WY","Wyoming","Natrona County","Casper","ZIP code"
"R_332DVSdEbKYgc12","80109","Colorado","CO","Colorado","Douglas County","Castle Rock","ZIP code"
"R_50z0Bc1Ifczoc7f","12020","New York","NY","New York","Saratoga County","Ballston Spa","ZIP code"
"R_7435BcP3pRjLMxy","23502","Virginia","VA","Virginia","Norfolk city","Norfolk","ZIP code"
"R_1RDOo0cmI7VrR85","10470","New York","NY","New York","Bronx County","Bronx","ZIP code"
"R_5GjjllFF3ZduvQb","98230","Washington","WA","Washington","Whatcom County","Blaine","ZIP code"
"R_5esKo2jgdXUgLaI","80525","Colorado","CO","Colorado","Larimer County","Fort Collins","ZIP code"
"R_6wFbEMYAf2bTJBi","39759","Mississippi","MS","Mississippi","Oktibbeha County","Starkville","ZIP code"
"R_6VL8e62zFFEqYY0","51503","Iowa","IA","Iowa","Pottawattamie County","Council Bluffs","ZIP code"
"R_5DUJMBGoE78riZA","73703","Oklahoma","OK","Oklahoma","Garfield County","Enid","ZIP code"
"R_7aIkObLDHX6oKCR","46407","Indiana","IN","Indiana","Lake County","Gary","ZIP code"
"R_190xufc4g1wShop","11354","New York","NY","New York","Queens County","Flushing","ZIP code"
"R_1t3i5FJNtS1E6A1","40312","Kentucky","KY","Kentucky","Powell County","Clay City","ZIP code"
"R_5M2tbig4iCQhhol","28655","North Carolina","NC","North Carolina","Burke County","Morganton","ZIP code"
"R_6CJna7E1YUro1wo","43228","Ohio","OH","Ohio","Franklin County","Columbus","ZIP code"
"R_3htg5zEAedLfkOd","90601","California","CA","California","Los Angeles County","Whittier","ZIP code"
"R_7G4rahFiRxlSuCR","43015","Ohio","OH","Ohio","Delaware County","Delaware","ZIP code"
"R_3jVyE8bpqSOox21","53066","Wisconsin","WI","Wisconsin","Waukesha County","Oconomowoc","ZIP code"
"R_1fjkIQf9ez0WU3R","46733","Indiana","IN","Indiana","Adams County","Decatur","ZIP code"
"R_1VPvS83PWjEDtrJ","30165","Georgia","GA","Georgia","Floyd County","Rome","ZIP code"
"R_3iUahc3OL4E8Fpq","28216","North Carolina","NC","North Carolina","Mecklenburg County","Charlotte","ZIP code"
"R_7yMfVpiSLVoeXoR","60016","Illinois","IL","Illinois","Cook County","Des Plaines","ZIP code"
"R_5KrJl0ajoOZ7ORH","60942","Illinois","IL","Illinois","Vermilion County","Hoopeston","ZIP code"
"R_7GWIn5em418X1qy","49548","Michigan","MI","Michigan","Kent County","Grand Rapids","ZIP code"
"R_6OpHugYymIYxQBW","19067","Pennsylvania","PA","Pennsylvania","Bucks County","Morrisville","ZIP code"
"R_5CwXKy5vqypL5jr","33020","Florida","FL","Florida","Broward County","Hollywood","ZIP code"
"R_3NEpTxPYjn4vy3T","34428","Florida","FL","Florida","Citrus County","Crystal River","ZIP code"
"R_5hBCybEHvQXZdst","68979","Nebraska","NE","Nebraska","Clay County","Sutton","ZIP code"
"R_5Pu0zXZsxRE3y0n","33870","Florida","FL","Florida","Highlands County","Sebring","ZIP code"
"R_5Dofj7kAyHrQOrv","17603","Pennsylvania","PA","Pennsylvania","Lancaster County","Lancaster","ZIP code"
"R_60TAaLZq9QUVvjW","21701","Maryland","MD","Maryland","Frederick County","Frederick","ZIP code"
"R_3Cq2feZxlt3ZvHf","23829","Virginia","VA","Virginia","Southampton County","Capron","ZIP code"
"R_1rcxO4IbTL4aL4n","23704","Virginia","VA","Virginia","Portsmouth city","Portsmouth","ZIP code"
"R_724cz1i3Y8Kd5eN","33913","Florida","FL","Florida","Lee County","Fort Myers","ZIP code"
"R_6Vquatu0XU1NyjT","08349","New Jersey","NJ","New Jersey","Cumberland County","Port Norris","ZIP code"
"R_3zo4Y78JU68ohQ9","07003","New Jersey","NJ","New Jersey","Essex County","Bloomfield","ZIP code"
"R_6PX8HPLwg2AOHex","19952","Delaware","DE","Delaware","Kent County","Harrington","ZIP code"
"R_6kv15rspvSkqVQy","84003","Utah","UT","Utah","Utah County","American Fork","ZIP code"
"R_3etdBOd6P10zHqU","49424","Michigan","MI","Michigan","Ottawa County","Holland","ZIP code"
"R_3ta5Ijiv7CbMvZo","77642","Texas","TX","Texas","Jefferson County","Port Arthur","ZIP code"
"R_3LaRM4ozrGuSjeX","25071","West Virginia","WV","West Virginia","Kanawha County","Elkview","ZIP code"
"R_5fGA2ZPbeZe0ass","20774","Maryland","MD","Maryland","Prince George's County","Upper Marlboro","ZIP code"
"R_7IdesXS1HRlflZK","83201","Idaho","ID","Idaho","Bannock County","Pocatello","ZIP code"
"R_33A5h9JGSEsX4BP","98058","Washington","WA","Washington","King County","Renton","ZIP code"
"R_5I3OgmlBGA66Nh5","32114","Florida","FL","Florida","Volusia County","Daytona Beach","ZIP code"
"R_71tGu26Pquj259u","48059","Michigan","MI","Michigan","St. Clair County","Fort Gratiot","ZIP code"
"R_37l56woZWU2NSdb","30093","Georgia","GA","Georgia","Gwinnett County","Norcross","ZIP code"
"R_3Nnzx2TsfBcKgqD","49855","Michigan","MI","Michigan","Marquette County","Marquette","ZIP code"
"R_3tMbNLHhjWG2Sto","40220","Kentucky","KY","Kentucky","Jefferson County","Louisville","ZIP code"
"R_6NCTkweH8ano9A5","20816","Maryland","MD","Maryland","Montgomery County","Bethesda","ZIP code"
"R_11byfnZUvleH02E","46825","Indiana","IN","Indiana","Allen County","Fort Wayne","ZIP code"
"R_3Xi4vdokAjMIYed","95204","California","CA","California","San Joaquin County","Stockton","ZIP code"
"R_708Alsem7i4SZBF","28429","North Carolina","NC","North Carolina","New Hanover County","Castle Hayne","ZIP code"
"R_511HEo5IfZKOLgn","93703","California","CA","California","Fresno County","Fresno","ZIP code"
"R_3XhAJqcdJ6AnqwV","32934","Florida","FL","Florida","Brevard County","Melbourne","ZIP code"
"R_5ZBJPUQCJ7oVmhp","18218","Pennsylvania","PA","Pennsylvania","Schuylkill County","Coaldale","ZIP code"
"R_6ri3bVB4z6ZElSa","42274","Kentucky","KY","Kentucky","Warren County","Rockfield","ZIP code"
"R_6PWg4GYgcKeNmYF","34481","Florida","FL","Florida","Marion County","Ocala","ZIP code"
"R_1qs7aCQO28vH4vT","98520","Washington","WA","Washington","Grays Harbor County","Aberdeen","ZIP code"
"R_7mbNXVGJMG3mheV","20147","Virginia","VA","Virginia","Loudoun County","Ashburn","ZIP code"
"R_1SIbZyCCWzKn2E2","84107","Utah","UT","Utah","Salt Lake County","Salt Lake City","ZIP code"
"R_3l0QumaOaT5w76U","23093","Virginia","VA","Virginia","Louisa County","Louisa","ZIP code"
"R_7qfmdQiqaT4DsxS","32311","Florida","FL","Florida","Leon County","Tallahassee","ZIP code"
"R_58Z1wp1D9j4AMhw","26062","West Virginia","WV","West Virginia","Hancock County","Weirton","ZIP code"
"R_6YDeMu4rAXNDo5j","32818","Florida","FL","Florida","Orange County","Orlando","ZIP code"
"R_7gwZEFtimSVHiql","78026","Texas","TX","Texas","Atascosa County","Jourdanton","ZIP code"
"R_5NCuZgw1bBTE7yA","80525","Colorado","CO","Colorado","Larimer County","Fort Collins","ZIP code"
"R_3wNMMJOH5Ibtgo3","18042","Pennsylvania","PA","Pennsylvania","Northampton County","Easton","ZIP code"
"R_5XfyZQk1cle7Nuh","89121","Nevada","NV","Nevada","Clark County","Las Vegas","ZIP code"
"R_1RkMs10B5M52zhe","14701","New York","NY","New York","Chautauqua County","Jamestown","ZIP code"
"R_1HkvEIIy7Vsz1M6","89121","Nevada","NV","Nevada","Clark County","Las Vegas","ZIP code"
"R_3DbX94A0OZ3Peew","23666","Virginia","VA","Virginia","Hampton city","Hampton","ZIP code"
"R_649NxaScTjN1IY1","55345","Minnesota","MN","Minnesota","Hennepin County","Minnetonka","ZIP code"
"R_1qC083WLNtiD2t5","79413","Texas","TX","Texas","Lubbock County","Lubbock","ZIP code"
"R_7dXTw7Qxv5Ug4lz","33617","Florida","FL","Florida","Hillsborough County","Tampa","ZIP code"
"R_7GoH491y3sCamqL","92508","California","CA","California","Riverside County","Riverside","ZIP code"
"R_1wTIhaAhFIuQAvf","21236","Maryland","MD","Maryland","Baltimore County","Nottingham","ZIP code"
"R_1eDGtUADlKDwg00","62012","Illinois","IL","Illinois","Macoupin County","Brighton","ZIP code"
"R_5lzriEFYPDG0O1r","12180","New York","NY","New York","Rensselaer County","Troy","ZIP code"
"R_3qmzcDbqk4PpsGt","48228","Michigan","MI","Michigan","Wayne County","Detroit","ZIP code"
"R_1CejFkgUMR6MjcJ","36442","Alabama","AL","Alabama","Covington County","Florala","ZIP code"
"R_5bm2HTxh2KBIvAZ","06790","Connecticut","CT","Connecticut","Litchfield County","Torrington","ZIP code"
"R_5ULz9RgHvLou9iN","32344","Florida","FL","Florida","Jefferson County","Monticello","ZIP code"
"R_5DA0pJvJElrHj2H","60423","Illinois","IL","Illinois","Will County","Frankfort","ZIP code"
"R_339WehEefe2OVd7","33021","Florida","FL","Florida","Broward County","Hollywood","ZIP code"
"R_3zc1qLZEUM6D71v","97202","Oregon","OR","Oregon","Multnomah County","Portland","ZIP code"
"R_13S03mFYig8O48N","38141","Tennessee","TN","Tennessee","Shelby County","Memphis","ZIP code"
"R_1gjbHPlnxcPzDZn","40047","Kentucky","KY","Kentucky","Bullitt County","Mount Washington","ZIP code"
"R_6l3mPBAd4fATe7h","77064","Texas","TX","Texas","Harris County","Houston","ZIP code"
"R_19poU0yruEQm7cI","85043","Arizona","AZ","Arizona","Maricopa County","Phoenix","ZIP code"
"R_6LNhzAlmlERwRhv","91702","California","CA","California","Los Angeles County","Azusa","ZIP code"
"R_5nknlZWBq2VRZaQ","26554","West Virginia","WV","West Virginia","Marion County","Fairmont","ZIP code"
"R_5Lh5P24HSfic3c5","44129","Ohio","OH","Ohio","Cuyahoga County","Cleveland","ZIP code"
"R_6tcQdtRUvQ5lr1f","72012","Arkansas","AR","Arkansas","White County","Beebe","ZIP code"
"R_1TZBFWJs7uB9xtS","53209","Wisconsin","WI","Wisconsin","Milwaukee County","Milwaukee","ZIP code"
"R_1agks1MzcVfRScV","53051","Wisconsin","WI","Wisconsin","Waukesha County","Menomonee Falls","ZIP code"
"R_58RhKDuBnsUoPyp","74136","Oklahoma","OK","Oklahoma","Tulsa County","Tulsa","ZIP code"
"R_1a7DYfxzTk0GkbT","60525","Illinois","IL","Illinois","Cook County","La Grange","ZIP code"
"R_1P0WfnutFPbY5Tb","14219","New York","NY","New York","Erie County","Buffalo","ZIP code"
"R_7qPvPhWGCsqRDfm","85705","Arizona","AZ","Arizona","Pima County","Tucson","ZIP code"
"R_648hvcGUPb8alvN","14206","New York","NY","New York","Erie County","Buffalo","ZIP code"
"R_5zjPUHb8dR7QPyv","74055","Oklahoma","OK","Oklahoma","Tulsa County","Owasso","ZIP code"
"R_1imU27lbQDwWPNS","06708","Connecticut","CT","Connecticut","New Haven County","Waterbury","ZIP code"
"R_5A2oVPlURIb8XLz","30039","Georgia","GA","Georgia","Gwinnett County","Snellville","ZIP code"
"R_68LLbg1wE7AOfAl","94541","California","CA","California","Alameda County","Hayward","ZIP code"
"R_5kKKcDcPfeSkSzf","77630","Texas","TX","Texas","Orange County","Orange","ZIP code"
"R_71DaPeuvdPLNHtD","08054","New Jersey","NJ","New Jersey","Burlington County","Mount Laurel","ZIP code"
"R_1tLJAUev0K43RhV","15143","Pennsylvania","PA","Pennsylvania","Allegheny County","Sewickley","ZIP code"
"R_7c2hcjLk7CwBdzW","30318","Georgia","GA","Georgia","Fulton County","Atlanta","ZIP code"
"R_7D0x5eJKmzO0qgp","24981","West Virginia","WV","West Virginia","Summers County","Talcott","ZIP code"
"R_5bH4qhtsLuMGw8s","27527","North Carolina","NC","North Carolina","Johnston County","Clayton","ZIP code"
"R_1iFUeBihH48kVJT","62220","Illinois","IL","Illinois","St. Clair County","Belleville","ZIP code"
"R_6S6uAm07r33zyhi","10705","New York","NY","New York","Westchester County","Yonkers","ZIP code"
"R_6M5TmOVuf4C8Ocr","29555","South Carolina","SC","South Carolina","Florence County","Johnsonville","ZIP code"
"R_1jwbLpaVJlMHmuZ","29672","South Carolina","SC","South Carolina","Oconee County","Seneca","ZIP code"
"R_3neU3ObVlGvZaRr","32571","Florida","FL","Florida","Santa Rosa County","Milton","ZIP code"
"R_1PuPUZruDlIUgnN","19709","Delaware","DE","Delaware","New Castle County","Middletown","ZIP code"
"R_3e6FY4wtwq6JViF","37923","Tennessee","TN","Tennessee","Knox County","Knoxville","ZIP code"
"R_7246Z4s0HvWTu3N","60628","Illinois","IL","Illinois","Cook County","Chicago","ZIP code"
"R_7pRGoBh3iJYFl7Z","49315","Michigan","MI","Michigan","Kent County","Byron Center","ZIP code"
"R_6fgdxZg26jknYFr","19701","Delaware","DE","Delaware","New Castle County","Bear","ZIP code"
"R_6Dkja9ieKdznUWx","95757","California","CA","California","Sacramento County","Elk Grove","ZIP code"
"R_3FswlVp4xpBs6lY","98005","Washington","WA","Washington","King County","Bellevue","ZIP code"
"R_1zi1pEQVYDXvGWE","21045","Maryland","MD","Maryland","Howard County","Columbia","ZIP code"
"R_6xD9kSwqRZ2HIDK","76522","Texas","TX","Texas","Coryell County","Copperas Cove","ZIP code"
"R_3ttxBZAi531EQHo","48215","Michigan","MI","Michigan","Wayne County","Detroit","ZIP code"
"R_7JIVX7px55qDXh5","08879","New Jersey","NJ","New Jersey","Middlesex County","South Amboy","ZIP code"
"R_62VybxFZU3c5Jdl","44601","Ohio","OH","Ohio","Stark County","Alliance","ZIP code"
"R_6JR67LSdF5llB4G","73505","Oklahoma","OK","Oklahoma","Comanche County","Lawton","ZIP code"
"R_5PdEhx4s1NKJog1","89106","Nevada","NV","Nevada","Clark County","Las Vegas","ZIP code"
"R_3hnd6RdMfJd9A7g","33009","Florida","FL","Florida","Broward County","Hallandale","ZIP code"
"R_5dFindn7dJNPeJ2","35206","Alabama","AL","Alabama","Jefferson County","Birmingham","ZIP code"
"R_1vjvTpURxjEuwdb","27610","North Carolina","NC","North Carolina","Wake County","Raleigh","ZIP code"
"R_5dENJrZKRN57hRQ","14572","New York","NY","New York","Steuben County","Wayland","ZIP code"
"R_61F0ZpSDXSIYgjY","48213","Michigan","MI","Michigan","Wayne County","Detroit","ZIP code"
"R_6UrSqf6bxRi1KE1","93711","California","CA","California","Fresno County","Fresno","ZIP code"
"R_1ysGYjw7F0EQCPl","97503","Oregon","OR","Oregon","Jackson County","White City","ZIP code"
"R_5opa4fc7k9nna6c","16105","Pennsylvania","PA","Pennsylvania","Lawrence County","New Castle","ZIP code"
"R_31FoicrtFqvHhqN","45102","Ohio","OH","Ohio","Clermont County","Amelia","ZIP code"
"R_1usuw1mdpLN3XkI","32117","Florida","FL","Florida","Volusia County","Daytona Beach","ZIP code"
"R_1i5pzCLdITswT6V","17841","Pennsylvania","PA","Pennsylvania","Mifflin County","Mc Clure","ZIP code"
"R_6BfWN7xorPo51IG","10458","New York","NY","New York","Bronx County","Bronx","ZIP code"
"R_5wNVf3vPWmDuaPH","07480","New Jersey","NJ","New Jersey","Passaic County","West Milford","ZIP code"
"R_5xQn47bbrCL10C5","28461","North Carolina","NC","North Carolina","Brunswick County","Southport","ZIP code"
"R_7KSyNGFiN2Lucil","49451","Michigan","MI","Michigan","Muskegon County","Ravenna","ZIP code"
"R_3n8FhOtLJLBcHVY","35473","Alabama","AL","Alabama","Tuscaloosa County","Northport","ZIP code"
"R_72LV8adXvFuwCyu","46214","Indiana","IN","Indiana","Marion County","Indianapolis","ZIP code"
"R_3PS8QtkMu2145sM","97386","Oregon","OR","Oregon","Linn County","Sweet Home","ZIP code"
"R_6I9tToIiOmkUNRf","36869","Alabama","AL","Alabama","Russell County","Phenix City","ZIP code"
"R_1tDSziDViPodCU9","51249","Iowa","IA","Iowa","Osceola County","Sibley","ZIP code"
"R_6nDibeDKlpvYJsZ","18103","Pennsylvania","PA","Pennsylvania","Lehigh County","Allentown","ZIP code"
"R_6CCpejtrq5YQTAf","29464","South Carolina","SC","South Carolina","Charleston County","Mount Pleasant","ZIP code"
"R_3NyyIWRgccUfLhA","58201","North Dakota","ND","North Dakota","Grand Forks County","Grand Forks","ZIP code"
"R_3jk2pK8gly8gBiq","24577","Virginia","VA","Virginia","Halifax County","Nathalie","ZIP code"
"R_3fxKyI3tf9iCfLz","62914","Illinois","IL","Illinois","Alexander County","Cairo","ZIP code"
"R_7FmkGdsAJOjDuk4","70447","Louisiana","LA","Louisiana","St. Tammany Parish","Madisonville","ZIP code"
"R_6DATchJ5jIUNcDZ","32086","Florida","FL","Florida","St. Johns County","Saint Augustine","ZIP code"
"R_3RxqmHgsj3Zo2B8","13642","New York","NY","New York","St. Lawrence County","Gouverneur","ZIP code"
"R_6jFZm7eWOkiEeDn","27295","North Carolina","NC","North Carolina","Davidson County","Lexington","ZIP code"
"R_6rioZJbGDyu7rUo","62274","Illinois","IL","Illinois","Perry County","Pinckneyville","ZIP code"
"R_5tR3YPkq95DzYIh","28036","North Carolina","NC","North Carolina","Mecklenburg County","Davidson","ZIP code"
"R_5dYYSaDe0kXBeuz","44839","Ohio","OH","Ohio","Erie County","Huron","ZIP code"
"R_3lDlhTUJwA0l2dh","32407","Florida","FL","Florida","Bay County","Panama City Beach","ZIP code"
"R_3onZwKjIanjG8A5","43016","Ohio","OH","Ohio","Franklin County","Dublin","ZIP code"
"R_3QCwGLLRbiO6DJL","97110","Oregon","OR","Oregon","Clatsop County","Cannon Beach","ZIP code"
"R_65YEMqJM7lLXnPR","18902","Pennsylvania","PA","Pennsylvania","Bucks County","Doylestown","ZIP code"
"R_6Sw6yB9Asdq8hDH","63877","Missouri","MO","Missouri","Pemiscot County","Steele","ZIP code"
"R_5DNAk8BFjfyN6G0","38108","Tennessee","TN","Tennessee","Shelby County","Memphis","ZIP code"
"R_3OppLJQ9mvZUWn6","64057","Missouri","MO","Missouri","Jackson County","Independence","ZIP code"
"R_3OkyjYR5SZifwam","68114","Nebraska","NE","Nebraska","Douglas County","Omaha","ZIP code"
"R_3uJSsOUzKoU7KyW","11236","New York","NY","New York","Kings County","Brooklyn","ZIP code"
"R_5IsxwXTOXSujLj3","47374","Indiana","IN","Indiana","Wayne County","Richmond","ZIP code"
"R_7dLy0brgaJOs2MG","28546","North Carolina","NC","North Carolina","Onslow County","Jacksonville","ZIP code"
"R_6R4J22OFC9o8q0E","30548","Georgia","GA","Georgia","Jackson County","Hoschton","ZIP code"
"R_7A5Kgc0MW2cz7zz","48362","Michigan","MI","Michigan","Oakland County","Lake Orion","ZIP code"
"R_1AGqhJuB2IaFQs6","07068","New Jersey","NJ","New Jersey","Essex County","Roseland","ZIP code"
"R_6frZoFJa49FK9Dq","15666","Pennsylvania","PA","Pennsylvania","Westmoreland County","Mount Pleasant","ZIP code"
"R_7s0InSDe3lnUCnp","23452","Virginia","VA","Virginia","Virginia Beach city","Virginia Beach","ZIP code"
"R_1zRbOXXx1tzQlLX","07036","New Jersey","NJ","New Jersey","Union County","Linden","ZIP code"
"R_6ffSYaFycmTYmtL","97707","Oregon","OR","Oregon","Deschutes County","Bend","ZIP code"
"R_5YEc2Uv159rVeQd","80011","Colorado","CO","Colorado","Arapahoe County","Aurora","ZIP code"
"R_5EsczSHyX4kk4fl","28613","North Carolina","NC","North Carolina","Catawba County","Conover","ZIP code"
"R_5d4XP8zmHb0m5bP","31021","Georgia","GA","Georgia","Laurens County","Dublin","ZIP code"
"R_669nkSOlv3wBeoW","33709","Florida","FL","Florida","Pinellas County","Saint Petersburg","ZIP code"
"R_7IL6B1UXw2FVlvZ","97702","Oregon","OR","Oregon","Deschutes County","Bend","ZIP code"
"R_6Lhc1C2kjMmitWI","49221","Michigan","MI","Michigan","Lenawee County","Adrian","ZIP code"
"R_6742DsGGWL4QLmK","37040","Tennessee","TN","Tennessee","Montgomery County","Clarksville","ZIP code"
"R_524ODNwDsWFWzTA","81504","Colorado","CO","Colorado","Mesa County","Grand Junction","ZIP code"
"R_6GOMubKmV1SDOSN","16642","Pennsylvania","PA","Pennsylvania",,,"ZIP prefix"
"R_1cbONxjXfVsnzkl","38024","Tennessee","TN","Tennessee","Dyer County","Dyersburg","ZIP code"
"R_5luvI4HBbRf3jZK","08849","New Jersey","NJ","New Jersey",,,"ZIP prefix"
"R_5nPei1hJihcPA7z","14062","New York","NY","New York","Chautauqua County","Forestville","ZIP code"
"R_5SqLUCy97RUjGfE","43701","Ohio","OH","Ohio","Muskingum County","Zanesville","ZIP code"
"R_7LbRRhiUuqZUYZd","24572","Virginia","VA","Virginia","Amherst County","Madison Heights","ZIP code"
"R_3eJXISOkoyaz5S6","90621","California","CA","California","Orange County","Buena Park","ZIP code"
"R_5QQDfaiXJuN8HT3","20706","Maryland","MD","Maryland","Prince George's County","Lanham","ZIP code"
"R_6p9lAm5L0yx6hxA","36558","Alabama","AL","Alabama","Washington County","Millry","ZIP code"
"R_3osY4bY7HlbkYdj","27615","North Carolina","NC","North Carolina","Wake County","Raleigh","ZIP code"
"R_14ODayE1wS00hIc","29205","South Carolina","SC","South Carolina","Richland County","Columbia","ZIP code"
"R_59IoJo8Fdai8kF3","48060","Michigan","MI","Michigan","St. Clair County","Port Huron","ZIP code"
"R_3nl5PkJlY9ahuFA","32503","Florida","FL","Florida","Escambia County","Pensacola","ZIP code"
"R_7pMXB3YtBEF8grM","77318","Texas","TX","Texas","Montgomery County","Willis","ZIP code"
"R_77rFE7jqeUovzqi","33181","Florida","FL","Florida","Miami-Dade County","Miami","ZIP code"
"R_6kLlZ8XpHrrMljS","62438","Illinois","IL","Illinois","Shelby County","Lakewood","ZIP code"
"R_3XCHrixRvnzEIeZ","92335","California","CA","California","San Bernardino County","Fontana","ZIP code"
"R_6FmGGJaN7iWmFRT","50322","Iowa","IA","Iowa","Polk County","Urbandale","ZIP code"
"R_3CJpnI8PvGM0Zam","28311","North Carolina","NC","North Carolina","Cumberland County","Fayetteville","ZIP code"
"R_35WT2zCLepVgvxA","37013","South Dakota","TN","Tennessee","Davidson County","Antioch","ZIP code"
"R_5EmI6xkIwaiG9jn","24571","Virginia","VA","Virginia","Campbell County","Lynch Station","ZIP code"
"R_3036svhiBEqlWaQ","29576","South Carolina","SC","South Carolina","Horry County","Murrells Inlet","ZIP code"
"R_3y89i5K57dpgqyp","59101","Montana","MT","Montana","Yellowstone County","Billings","ZIP code"
"R_1ctvceW6zomIkvf","64093","Missouri","MO","Missouri","Johnson County","Warrensburg","ZIP code"
"R_7rUtJwn8H3C1q8b","83642","Idaho","ID","Idaho","Ada County","Meridian","ZIP code"
"R_32JEHZq3RzZ4Nto","02453","Massachusetts","MA","Massachusetts","Middlesex County","Waltham","ZIP code"
"R_7QES068hrqne6UF","11213","New York","NY","New York","Kings County","Brooklyn","ZIP code"
"R_6pSs370wMOpamdz","02128","Massachusetts","MA","Massachusetts","Suffolk County","Boston","ZIP code"
"R_7dlBCFSIHjhGuoV","83835","Idaho","ID","Idaho","Kootenai County","Hayden","ZIP code"
"R_7v7u804O1do8JoZ","70592","Louisiana","LA","Louisiana","Lafayette Parish","Youngsville","ZIP code"
"R_3pJuscKTj1aE2dP","20850","Maryland","MD","Maryland","Montgomery County","Rockville","ZIP code"
"R_5j8QJ8StUWGvCW2","33025","Florida","FL","Florida","Broward County","Hollywood","ZIP code"
"R_1sBpsb1t7yTqPJb","70448","Louisiana","LA","Louisiana","St. Tammany Parish","Mandeville","ZIP code"
"R_7v5G75JdqteFq13","62454","Illinois","IL","Illinois","Crawford County","Robinson","ZIP code"
"R_7JauBNP3YkZfep3","84043","Utah","UT","Utah","Utah County","Lehi","ZIP code"
"R_5c7RQZnNnyPZFGI","80236","Colorado","CO","Colorado","Denver County","Denver","ZIP code"
"R_3j8Six3Em45Dkbp","98620","Washington","WA","Washington","Klickitat County","Goldendale","ZIP code"
"R_58JwpbZcnWQdNLz","83221","Idaho","ID","Idaho","Bingham County","Blackfoot","ZIP code"
"R_72yqgcE3xQO1jy1","94550","California","CA","California","Alameda County","Livermore","ZIP code"
"R_6O0Ir8po6pZioM1","06052","Connecticut","CT","Connecticut","Hartford County","New Britain","ZIP code"
"R_6m9662rqoQpkpbz","60451","Illinois","IL","Illinois","Will County","New Lenox","ZIP code"
"R_7EokfWdhbFIBZ3V","34114","Florida","FL","Florida","Collier County","Naples","ZIP code"
"R_3ZGGA1YCU3UEeeB","46750","Indiana","IN","Indiana","Huntington County","Huntington","ZIP code"
"R_600ZNw2cDG1akFz","32940","Florida","FL","Florida","Brevard County","Melbourne","ZIP code"
"R_15Qp2NgjdtyevST","28105","North Carolina","NC","North Carolina","Mecklenburg County","Matthews","ZIP code"
"R_1CJk8QTs4FtQWQU","33436","Florida","FL","Florida","Palm Beach County","Boynton Beach","ZIP code"
"R_1EgsmO94cM3NoQo","70448","Louisiana","LA","Louisiana","St. Tammany Parish","Mandeville","ZIP code"
"R_5WTH1Y87GLOsjqz","44121","Ohio","OH","Ohio","Cuyahoga County","Cleveland","ZIP code"
"R_1cglLSVIpe8ODHH","89131","Nevada","NV","Nevada","Clark County","Las Vegas","ZIP code"
"R_6v24CXpweJRHswr","43211","Ohio","OH","Ohio","Franklin County","Columbus","ZIP code"
"R_6q9is53h4r2p75M","33705","Florida","FL","Florida","Pinellas County","Saint Petersburg","ZIP code"
"R_1QnBWuZkPjjeS5T","31092","Georgia","GA","Georgia","Dooly County","Vienna","ZIP code"
"R_6PTSN16tajK7cCJ","19966","Delaware","DE","Delaware","Sussex County","Millsboro","ZIP code"
"R_7LA2Pp99nKxWICR","30303","Georgia","GA","Georgia","Fulton County","Atlanta","ZIP code"
"R_1dbH32WReKMwSY1","62208","Illinois","IL","Illinois","St. Clair County","Fairview Heights","ZIP code"
"R_6PdxeCuiDtCqLYD","10280","New York","NY","New York","New York County","New York","ZIP code"
"R_6X1p7ebH1YyLar7","44011","Ohio","OH","Ohio","Lorain County","Avon","ZIP code"
"R_1ZP1J31dfAEUj3O","01201","Massachusetts","MA","Massachusetts","Berkshire County","Pittsfield","ZIP code"
"R_1hKVYXAzONaK5cE","51602","Iowa","IA","Iowa","Page County","Shenandoah","ZIP code"
"R_5P8aA8smwNXIHKQ","93653","California","CA","California","Madera County","Raymond","ZIP code"
"R_7U5Uj2lJwoM3icM","20770","Maryland","MD","Maryland","Prince George's County","Greenbelt","ZIP code"
"R_7nBGtUGmY6WCl3j","77904","Texas","TX","Texas","Victoria County","Victoria","ZIP code"
"R_7OAEcmVvLjrB8hi","02745","Massachusetts","MA","Massachusetts","Bristol County","New Bedford","ZIP code"
"R_7oXClOiqb0xBaBQ","43065","Ohio","OH","Ohio","Delaware County","Powell","ZIP code"
"R_3TNlTPzbw6QWSW7","12845","New York","NY","New York","Warren County","Lake George","ZIP code"
"R_7LCilrLbKLlw10J","19047","Pennsylvania","PA","Pennsylvania","Bucks County","Langhorne","ZIP code"
"R_7wtTUzizGty9AZy","44236","Ohio","OH","Ohio","Summit County","Hudson","ZIP code"
"R_6CPUyWj0pIuKy1k","01701","Massachusetts","MA","Massachusetts","Middlesex County","Framingham","ZIP code"
"R_3LjQJGjt9jJ9tu1","94040","California","CA","California","Santa Clara County","Mountain View","ZIP code"
"R_131B8WwkD0JRngE","45251","Ohio","OH","Ohio","Hamilton County","Cincinnati","ZIP code"
"R_1VFJc1zCtvbBypz","70737","Louisiana","LA","Louisiana","Ascension Parish","Gonzales","ZIP code"
"R_5rctMKxCwWZK3j2","72956","Arkansas","AR","Arkansas","Crawford County","Van Buren","ZIP code"
"R_1eWMvo6veC500tO","44139","Ohio","OH","Ohio","Cuyahoga County","Solon","ZIP code"
"R_7pnBlQyGYqw1zR9","63031","Missouri","MO","Missouri","St. Louis County","Florissant","ZIP code"
"R_60vgu3tNXzF2xAk","75043","Texas","TX","Texas","Dallas County","Garland","ZIP code"
"R_6dvqHZpXUlaynRC","11372","New York","NY","New York","Queens County","Jackson Heights","ZIP code"
"R_7fI9ffN5hsgjFxI","32808","Florida","FL","Florida","Orange County","Orlando","ZIP code"
"R_3uTZek2N4pZyGo9","77904","Texas","TX","Texas","Victoria County","Victoria","ZIP code"
"R_6Ecg6bu8DgTSIpn","76052","Texas","TX","Texas","Tarrant County","Haslet","ZIP code"
"R_1cisXZ7J4zbm2TD","42420","Kentucky","KY","Kentucky","Henderson County","Henderson","ZIP code"
"R_1qJrwK7xbegkZ2l","92081","California","CA","California","San Diego County","Vista","ZIP code"
"R_5TRJj9gysWwagRG","40245","Kentucky","KY","Kentucky","Jefferson County","Louisville","ZIP code"
"R_10wUuyncsjN8XVX","16105","Pennsylvania","PA","Pennsylvania","Lawrence County","New Castle","ZIP code"
"R_60B65z5OCwdVAat","56560","Minnesota","MN","Minnesota","Clay County","Moorhead","ZIP code"
"R_7L2dFLiTFr9Z8Du","31092","Georgia","GA","Georgia","Dooly County","Vienna","ZIP code"
"R_3tgOQinjNn0Fe8F","34472","Florida","FL","Florida","Marion County","Ocala","ZIP code"
"R_7ILfNqekeYPRWMb","75040","Texas","TX","Texas","Dallas County","Garland","ZIP code"
"R_5kA64f2ViDaTOkN","01748","Massachusetts","MA","Massachusetts","Middlesex County","Hopkinton","ZIP code"
"R_6oQJa3qcIVqqNHs","75093","Texas","TX","Texas","Collin County","Plano","ZIP code"
"R_7xQQz2Gv0MeTtL0","33432","Florida","FL","Florida","Palm Beach County","Boca Raton","ZIP code"
"R_6M3C8VOnIBSe8NQ","40031","Kentucky","KY","Kentucky","Oldham County","La Grange","ZIP code"
"R_3DN4b78z9icPXsO","07712","New Jersey","NJ","New Jersey","Monmouth County","Asbury Park","ZIP code"
"R_1TMq0V6BhMjxkVB","23235","Virginia","VA","Virginia","Chesterfield County","Richmond","ZIP code"
"R_3EM7pVctRKK0gQ0","32216","Florida","FL","Florida","Duval County","Jacksonville","ZIP code"
"R_5QpqlTWdbFrXXrP","66615","Kansas","KS","Kansas","Shawnee County","Topeka","ZIP code"
"R_1xQpQOF5fURg5Ql","02492","Massachusetts","MA","Massachusetts","Norfolk County","Needham","ZIP code"
"R_1k0pDk1kxlKx2Rf","77433","Texas","TX","Texas","Harris County","Cypress","ZIP code"
"R_7O3biGUNkVUWP25","23024","Virginia","VA","Virginia","Louisa County","Bumpass","ZIP code"
"R_5EnLgCZb7qvZGWS","10001","New York","NY","New York","New York County","New York","ZIP code"
"R_6M51HS8CTtWfEDj","78130","Texas","TX","Texas","Comal County","New Braunfels","ZIP code"
"R_573euUP6Z44TkRN","34638","Florida","FL","Florida","Pasco County","Land O Lakes","ZIP code"
"R_394aNmund7RwGax","98115","Washington","WA","Washington","King County","Seattle","ZIP code"
"R_7sd3IRm16exYzyR","61761","Illinois","IL","Illinois","McLean County","Normal","ZIP code"
"R_3SDG85pMwBbpY4c","20001","District of Columbia","DC","District of Columbia","District of Columbia","Washington","ZIP code"
"R_7DY1lSE8Gq22PAK","72542","Arkansas","AR","Arkansas","Sharp County","Hardy","ZIP code"
"R_3NqqEXtCgPTPrqR","76131","Texas","TX","Texas","Tarrant County","Fort Worth","ZIP code"
"R_1ihwlMQMjU96uSk","10001","New York","NY","New York","New York County","New York","ZIP code"
"R_39i99pOEOvZqRLj","91350","California","CA","California","Los Angeles County","Santa Clarita","ZIP code"
"R_6LdrevTutOyxu13","94127","California","CA","California","San Francisco County","San Francisco","ZIP code"
"R_3fO1ZSTkPl43Dbj","05403","Vermont","VT","Vermont","Chittenden County","South Burlington","ZIP code"
"R_12zFZpZUmeidleZ","06790","Connecticut","CT","Connecticut","Litchfield County","Torrington","ZIP code"
"R_6E4vFYNoKDb4lX3","18101","Pennsylvania","PA","Pennsylvania","Lehigh County","Allentown","ZIP code"
"R_3Yt8VBwQcUFFQFS","75227","Texas","TX","Texas","Dallas County","Dallas","ZIP code"
"R_3Q0l3O4tfUlCqK6","30360","Georgia","GA","Georgia","DeKalb County","Atlanta","ZIP code"
"R_1BnsxzCauL8r5Kv","02771","Massachusetts","MA","Massachusetts","Bristol County","Seekonk","ZIP code"
"R_6pBCZzzO4Lrzov7","38109","Tennessee","TN","Tennessee","Shelby County","Memphis","ZIP code"
"R_3G2L6JpADcx7r3n","60187","Illinois","IL","Illinois","DuPage County","Wheaton","ZIP code"
"R_3eEcRuhCdONbZoB","23116","Virginia","VA","Virginia","Hanover County","Mechanicsville","ZIP code"
"R_7o0g1Q0go7Upf4v","12538","New York","NY","New York","Dutchess County","Hyde Park","ZIP code"
"R_6jigZYDuCcBjaMx","27704","North Carolina","NC","North Carolina","Durham County","Durham","ZIP code"
"R_6158gLnSgJrm5qF","19107","Pennsylvania","PA","Pennsylvania","Philadelphia County","Philadelphia","ZIP code"
"R_5jcZlIeIhOFAugG","01719","Massachusetts","MA","Massachusetts","Middlesex County","Boxborough","ZIP code"
"R_6LVJVHmWjRw5sGd","20037","District of Columbia","DC","District of Columbia","District of Columbia","Washington","ZIP code"
"R_6oHiIOqwBZ7DY94","98233","Washington","WA","Washington","Skagit County","Burlington","ZIP code"
"R_3Nsie04U5qMYB8A","15234","Pennsylvania","PA","Pennsylvania","Allegheny County","Pittsburgh","ZIP code"
"R_6w6vm4qs7BzO0Rb","65633","Missouri","MO","Missouri","Stone County","Crane","ZIP code"
"R_5jYvgIPSFtAGdck","84088","Utah","UT","Utah","Salt Lake County","West Jordan","ZIP code"
"R_6Kx7sJtY3wNja9y","67220","Iowa","KS","Kansas","Sedgwick County","Wichita","ZIP code"
"R_6fd7CytQEy9f5cK","30161","Georgia","GA","Georgia","Floyd County","Rome","ZIP code"
"R_5hAPCaVYKdJWTZB","32836","Florida","FL","Florida","Orange County","Orlando","ZIP code"
"R_72Pfobu0sSi6dXX","77091","Texas","TX","Texas","Harris County","Houston","ZIP code"
"R_60xAjNorPIuB6RN","11212","New York","NY","New York","Kings County","Brooklyn","ZIP code"
"R_5JK4uM5bmEUNQpI","14221","New York","NY","New York","Erie County","Buffalo","ZIP code"
"R_6TRzZhfwjHNIri9","40391","Kentucky","KY","Kentucky","Clark County","Winchester","ZIP code"
"R_3M06XnQP8kmBhHA","71655","Arkansas","AR","Arkansas","Drew County","Monticello","ZIP code"
"R_3fDnqAMM8Y0s7aA","75087","Texas","TX","Texas","Rockwall County","Rockwall","ZIP code"
"R_59deYtevhSfCWYs","10013","New York","NY","New York","New York County","New York","ZIP code"
"R_6qVQNwuNLTdJ6bC","10019","New York","NY","New York","New York County","New York","ZIP code"
"R_7JOpdPWkn10yyVA","11365","New York","NY","New York","Queens County","Fresh Meadows","ZIP code"
"R_5h62bEIeq3HnAWR","92705","California","CA","California","Orange County","Santa Ana","ZIP code"
"R_7OHlPW5en5U4IhM","96744","Hawaii","HI","Hawaii","Honolulu County","Kaneohe","ZIP code"
"R_5dDZgkaBLh9qZU1","07094","New Jersey","NJ","New Jersey","Hudson County","Secaucus","ZIP code"
"R_3dSeGHraXUMIUuI","45211","Ohio","OH","Ohio","Hamilton County","Cincinnati","ZIP code"
"R_1G3ZAn1x7QCCRp7","34746","Florida","FL","Florida","Osceola County","Kissimmee","ZIP code"
"R_5d7haYg1BeCdjlZ","54157","Wisconsin","WI","Wisconsin","Marinette County","Peshtigo","ZIP code"
"R_7cAs8iCk4jb2bv4","85375","Arizona","AZ","Arizona","Maricopa County","Sun City West","ZIP code"
"R_7ClI89gXSqtHtc3","15370","Pennsylvania","PA","Pennsylvania","Greene County","Waynesburg","ZIP code"
"R_58Y6ZxMC6A8agKs","85045","Arizona","AZ","Arizona","Maricopa County","Phoenix","ZIP code"
"R_6JNYEo5xTVmtHi1","92708","California","CA","California","Orange County","Fountain Valley","ZIP code"
"R_7zif2wF14MIjyed","46135","Indiana","IN","Indiana","Putnam County","Greencastle","ZIP code"
"R_3lj2sCrNODiJGBH","75211","Texas","TX","Texas","Dallas County","Dallas","ZIP code"
"R_3EZveZvj7sbUrUR","90701","California","CA","California","Los Angeles County","Artesia","ZIP code"
"R_6kfvtBlAeGfJwqd","77044","Texas","TX","Texas","Harris County","Houston","ZIP code"
"R_3dLmjaAOXPtVLz9","66049","Kansas","KS","Kansas","Douglas County","Lawrence","ZIP code"
"R_1YRmONtjwazj3cd","30038","Georgia","GA","Georgia","DeKalb County","Lithonia","ZIP code"
"R_60N1uy1MBWOd2Vp","21403","Maryland","MD","Maryland","Anne Arundel County","Annapolis","ZIP code"
"R_5aVbehXPXwNEWUp","85747","Arizona","AZ","Arizona","Pima County","Tucson","ZIP code"
"R_7EkAeAgnOpSbyOl","77022","Texas","TX","Texas","Harris County","Houston","ZIP code"
"R_6tfCiztzFA4crSN","76227","Texas","TX","Texas","Denton County","Aubrey","ZIP code"
"R_6dMHEp9Fo5lhANK","47909","Indiana","IN","Indiana","Tippecanoe County","Lafayette","ZIP code"
"R_6v2hkl9vBSxN0cN","19134","Pennsylvania","PA","Pennsylvania","Philadelphia County","Philadelphia","ZIP code"
"R_3bIbodokIU8kLoP","78748","Texas","TX","Texas","Travis County","Austin","ZIP code"
"R_6gu8jW8KGhzkvcG","77584","Texas","TX","Texas","Brazoria County","Pearland","ZIP code"
"R_6RuvibWt7BsJWMx","40403","Kentucky","KY","Kentucky","Madison County","Berea","ZIP code"
"R_3wFftcIxiJmhInD","33150","Florida","FL","Florida","Miami-Dade County","Miami","ZIP code"
"R_3tuvKkhCrESeJzI","28574","North Carolina","NC","North Carolina","Onslow County","Richlands","ZIP code"
"R_1YyeojBLYKuy4kF","96825","Hawaii","HI","Hawaii","Honolulu County","Honolulu","ZIP code"
"R_7gkcspQtPdL5Zuw","88061","New Mexico","NM","New Mexico","Grant County","Silver City","ZIP code"
"R_3a9zVloY2CCgtpX","63303","Missouri","MO","Missouri","St. Charles County","Saint Charles","ZIP code"
"R_6FKXH6Cl9Ecbjyg","23452","Virginia","VA","Virginia","Virginia Beach city","Virginia Beach","ZIP code"
"R_1hzPmbJUtxoLOy8","92083","California","CA","California","San Diego County","Vista","ZIP code"
"R_3meHpSlhyNGB6Ac","75232","Texas","TX","Texas","Dallas County","Dallas","ZIP code"
"R_74GXtammFkzLKzT","94603","California","CA","California","Alameda County","Oakland","ZIP code"
"R_71RbNXbBoKcHJcK","76557","Texas","TX","Texas","McLennan County","Moody","ZIP code"
"R_1JLAjjDpY8W4JmQ","30901","Georgia","GA","Georgia","Richmond County","Augusta","ZIP code"
"R_6ie5FcVECDLniDf","15212","Pennsylvania","PA","Pennsylvania","Allegheny County","Pittsburgh","ZIP code"
"R_125EZ78fHiz24tv","44120","Ohio","OH","Ohio","Cuyahoga County","Cleveland","ZIP code"
"R_6jfMaF3AOP7kAtr","37203","Tennessee","TN","Tennessee","Davidson County","Nashville","ZIP code"
"R_3fsqNKVx8BSMUgx","21217","Maryland","MD","Maryland","Baltimore city","Baltimore","ZIP code"
"R_6Pq355EcBU9VZZn","29115","South Carolina","SC","South Carolina","Orangeburg County","Orangeburg","ZIP code"
"R_3s1w8Fx9X77yuak","92870","California","CA","California","Orange County","Placentia","ZIP code"
"R_1VKnzojRNhhYan4","61201","Illinois","IL","Illinois","Rock Island County","Rock Island","ZIP code"
"R_6nW0mWzwbAY5wQX","37075","Alabama","TN","Tennessee","Sumner County","Hendersonville","ZIP code"
"R_5GWGuprLlwC17uF","34606","Florida","FL","Florida","Hernando County","Spring Hill","ZIP code"
"R_7GuZD27UUIru75f","07071","New Jersey","NJ","New Jersey","Bergen County","Lyndhurst","ZIP code"
"R_6OjBGcSEtXeGXEf","40769","Kentucky","KY","Kentucky","Whitley County","Williamsburg","ZIP code"
"R_1vbbE3lsKQIBw6l","35805","Alabama","AL","Alabama","Madison County","Huntsville","ZIP code"
"R_3LXc0zjdQfiI1hB","36303","Alabama","AL","Alabama","Houston County","Dothan","ZIP code"
"R_7frnFyoYyDe9H0T","33134","Florida","FL","Florida","Miami-Dade County","Miami","ZIP code"
"R_3nDEC74WhdHOo6d","20147","Virginia","VA","Virginia","Loudoun County","Ashburn","ZIP code"
"R_3lQgAp8wxmgkv2X","75115","Texas","TX","Texas","Dallas County","Desoto","ZIP code"
"R_7g8HOU2G9QVRpvj","08863","New Jersey","NJ","New Jersey","Middlesex County","Fords","ZIP code"
"R_3lPr4nhsU46x7uR","91911","California","CA","California","San Diego County","Chula Vista","ZIP code"
"R_51HV2dYiKZmg9rg","47203","Indiana","IN","Indiana","Bartholomew County","Columbus","ZIP code"
"R_1D71gAxXPUnmYI7","11429","New York","NY","New York","Queens County","Queens Village","ZIP code"
"R_1GcAi4fgygbGy71","38310","Tennessee","TN","Tennessee","McNairy County","Adamsville","ZIP code"
"R_77UvVHmTT3Nout2","39466","Mississippi","MS","Mississippi","Pearl River County","Picayune","ZIP code"
"R_5fZR0pGyv2pozAs","60420","Illinois","IL","Illinois","Livingston County","Dwight","ZIP code"
"R_3JmcvjMiznj7X5F","11210","New York","NY","New York","Kings County","Brooklyn","ZIP code"
"R_7Xij1k2VnxdOqVb","53051","Wisconsin","WI","Wisconsin","Waukesha County","Menomonee Falls","ZIP code"
"R_7LifRdabtSDixEM","94587","California","CA","California","Alameda County","Union City","ZIP code"
"R_69bqghiLwu4hX6y","37091","Tennessee","TN","Tennessee","Marshall County","Lewisburg","ZIP code"
"R_3EyGRj3pAFTj4uj","27603","North Carolina","NC","North Carolina","Wake County","Raleigh","ZIP code"
"R_35GcNxPlFJK76zj","48504","Michigan","MI","Michigan","Genesee County","Flint","ZIP code"
"R_5h2wPeuvxtKzIFr","29657","South Carolina","SC","South Carolina","Pickens County","Liberty","ZIP code"
"R_6sY05a1IVcma7ys","85756","Arizona","AZ","Arizona","Pima County","Tucson","ZIP code"
"R_1i827Y1bz9kkPlT","93710","California","CA","California","Fresno County","Fresno","ZIP code"
"R_3QVndskGGCb3pst","95610","California","CA","California","Sacramento County","Citrus Heights","ZIP code"
"R_7XgnN5SUOlbRId2","85122","Arizona","AZ","Arizona","Pinal County","Casa Grande","ZIP code"
"R_76L9nJc6x7ew3T3","24554","Virginia","VA","Virginia","Campbell County","Gladys","ZIP code"
"R_3op2JUslL6SUVFN","32533","Florida","FL","Florida","Escambia County","Cantonment","ZIP code"
"R_1GxzvVwuNethM0f","38116","Tennessee","TN","Tennessee","Shelby County","Memphis","ZIP code"
"R_108GQWLoeydpSZR","48507","Michigan","MI","Michigan","Genesee County","Flint","ZIP code"
"R_12AuKEO1z6Ij3DT","29574","South Carolina","SC","South Carolina","Marion County","Mullins","ZIP code"
"R_6fQ5VCUtBeyw2W0","20904","Maryland","MD","Maryland","Montgomery County","Silver Spring","ZIP code"
"R_1eOn2wzbz3fKxmc","31025","Georgia","GA","Georgia","Houston County","Elko","ZIP code"
"R_6rEv175oeQZ9ueZ","62618","Illinois","IL","Illinois","Cass County","Beardstown","ZIP code"
"R_6ffiP1OdXS23StX","10956","New York","NY","New York","Rockland County","New City","ZIP code"
"R_5PifORuLA2sKD5R","44412","Ohio","OH","Ohio","Portage County","Diamond","ZIP code"
"R_7PaPbDcMdBg3Pxj","33165","Florida","FL","Florida","Miami-Dade County","Miami","ZIP code"
"R_5pzA9djhMEdFUe9","02446","Massachusetts","MA","Massachusetts","Norfolk County","Brookline","ZIP code"
"R_7CxfzM72rAmc9a9","80919","Colorado","CO","Colorado","El Paso County","Colorado Springs","ZIP code"
"R_6OFrLcvmkPFkVxL","29730","South Carolina","SC","South Carolina","York County","Rock Hill","ZIP code"
"R_7pSlLklAAMQJwlP","27610","North Carolina","NC","North Carolina","Wake County","Raleigh","ZIP code"
"R_7zATM4HbfByxLy8","85041","Arizona","AZ","Arizona","Maricopa County","Phoenix","ZIP code"
"R_3gZ44VUYdQcIcpV","39702","Mississippi","MS","Mississippi","Lowndes County","Columbus","ZIP code"
"R_5b0N4ZLgJfgUNuw","30180","Georgia","GA","Georgia","Carroll County","Villa Rica","ZIP code"
"R_6KAgn8MwXF6arex","29607","South Carolina","SC","South Carolina","Greenville County","Greenville","ZIP code"
"R_6e4VycWEoiNDeo1","92395","California","CA","California","San Bernardino County","Victorville","ZIP code"
"R_7CBY8rat51G4cdg","28277","North Carolina","NC","North Carolina","Mecklenburg County","Charlotte","ZIP code"
"R_7QX5CBfsvGLmiBJ","21217","Maryland","MD","Maryland","Baltimore city","Baltimore","ZIP code"
"R_7TSQ7HIgbmRLRnn","74105","Oklahoma","OK","Oklahoma","Tulsa County","Tulsa","ZIP code"
"R_1EQbCsVrnt7pc0F","89460","Nevada","NV","Nevada","Douglas County","Gardnerville","ZIP code"
"R_5FrxISPrp0Byqdj","78363","Texas","TX","Texas","Kleberg County","Kingsville","ZIP code"
"R_6rrVJLxS802vsFr","32703","Florida","FL","Florida","Orange County","Apopka","ZIP code"
"R_5fBQcfVWusSFIUS","28202","North Carolina","NC","North Carolina","Mecklenburg County","Charlotte","ZIP code"
"R_1fXzOFH8x5zjqsV","40203","Kentucky","KY","Kentucky","Jefferson County","Louisville","ZIP code"
"R_3DzECxqOlqwRFFF","08618","New Jersey","NJ","New Jersey","Mercer County","Trenton","ZIP code"
"R_7qeahTVQcE2OLeV","29907","South Carolina","SC","South Carolina","Beaufort County","Ladys Island","ZIP code"
"R_50xiFWlfVjIzO2O","49421","Michigan","MI","Michigan","Oceana County","Hesperia","ZIP code"
"R_1IY4dPdMwVEs76Q","29340","South Carolina","SC","South Carolina","Cherokee County","Gaffney","ZIP code"
"R_7RpWL4xnJSblYyx","34266","Florida","FL","Florida","DeSoto County","Arcadia","ZIP code"
"R_1pWRjvRsSeFhLCg","39272","Mississippi","MS","Mississippi","Hinds County","Byram","ZIP code"
"R_1ZTGnEVZdWFmJou","32805","Florida","FL","Florida","Orange County","Orlando","ZIP code"
"R_3IMjgADtveifz7V","11235","New York","NY","New York","Kings County","Brooklyn","ZIP code"
"R_5PGDAo8yRBwCWKB","36009","Alabama","AL","Alabama","Crenshaw County","Brantley","ZIP code"
"R_6e4fBv0EdjfYdcU","27569","North Carolina","NC","North Carolina","Johnston County","Princeton","ZIP code"
"R_1ZOHCY1Ft4ZRKdf","32216","Florida","FL","Florida","Duval County","Jacksonville","ZIP code"
"R_318FVpukKupXXhv","34746","Florida","FL","Florida","Osceola County","Kissimmee","ZIP code"
"R_50OD3VpVQAJPXta","39648","Mississippi","MS","Mississippi","Pike County","Mccomb","ZIP code"
"R_5zva9YvaWqrxiC1","47452","Indiana","IN","Indiana","Orange County","Orleans","ZIP code"
"R_6NQEs835FVlaStz","91321","California","CA","California","Los Angeles County","Newhall","ZIP code"
"R_6jO4yj4Wy5CrChm","94541","California","CA","California","Alameda County","Hayward","ZIP code"
"R_58Z1qq2JXSFwZyJ","41073","Kentucky","KY","Kentucky","Campbell County","Bellevue","ZIP code"
"R_1TtlkDdfuemDlfM","93727","California","CA","California","Fresno County","Fresno","ZIP code"
"R_1GBW8XEG1YLTRok","83814","Idaho","ID","Idaho","Kootenai County","Coeur D Alene","ZIP code"
"R_3QErNDPluUBbxPs","20904","Maryland","MD","Maryland","Montgomery County","Silver Spring","ZIP code"
"R_5PTulUZzgKq1zel","77541","Texas","TX","Texas","Brazoria County","Freeport","ZIP code"
"R_7hYmFscD8sxaoTL","41472","Kentucky","KY","Kentucky","Morgan County","West Liberty","ZIP code"
"R_5fNoTyQ8HAyl29c","31021","Georgia","GA","Georgia","Laurens County","Dublin","ZIP code"
"R_3BnusjoIbsIQZ8O","32301","Florida","FL","Florida","Leon County","Tallahassee","ZIP code"
"R_62JeR5Fx14d1hsf","90016","California","CA","California","Los Angeles County","Los Angeles","ZIP code"
"R_3BXcKX9L2ov1oMH","31503","Georgia","GA","Georgia","Ware County","Waycross","ZIP code"
"R_3lI5avhct4jRjBn","23829","Virginia","VA","Virginia","Southampton County","Capron","ZIP code"
"R_6IofMW2Vud0pf7r","35984","Alabama","AL","Alabama","DeKalb County","Mentone","ZIP code"
"R_7MRiZC02o4nzKGt","61870","Illinois","IL","Illinois","Vermilion County","Ridge Farm","ZIP code"
"R_6oaDJdmiyWLQIXn","84097","Utah","UT","Utah","Utah County","Orem","ZIP code"
"R_6PctxZzHCBQ9vro","89156","Nevada","NV","Nevada","Clark County","Las Vegas","ZIP code"
"R_5Pbl0a7oCdcsR5n","20019","District of Columbia","DC","District of Columbia","District of Columbia","Washington","ZIP code"
"R_5QfA769iZRmBgxd","48310","Michigan","MI","Michigan","Macomb County","Sterling Heights","ZIP code"
"R_39ajXd33ZqgYP0R","45506","Ohio","OH","Ohio","Clark County","Springfield","ZIP code"
"R_7iK008JSiTexyQV","98682","Washington","WA","Washington","Clark County","Vancouver","ZIP code"
"R_6dFhHSs6YmhJS9s","30180","Georgia","GA","Georgia","Carroll County","Villa Rica","ZIP code"
"R_1v7NSO8yVoJa5Z7","95833","California","CA","California","Sacramento County","Sacramento","ZIP code"
"R_7GP9JLFYBVG9rqk","33322","Florida","FL","Florida","Broward County","Fort Lauderdale","ZIP code"
"R_5kMT34W57lL9xVT","27832","North Carolina","NC","North Carolina","Northampton County","Gaston","ZIP code"
"R_1q1vzIeQ6x0g46i","94533","California","CA","California","Solano County","Fairfield","ZIP code"
"R_3pQXkHTIdempHyQ","32110","Florida","FL","Florida","Flagler County","Bunnell","ZIP code"
"R_7qaPv73VpapWed9","08302","New Jersey","NJ","New Jersey","Cumberland County","Bridgeton","ZIP code"
"R_5cClzZsReSDuYb3","36609","Alabama","AL","Alabama","Mobile County","Mobile","ZIP code"
"R_3iO9viCIpPMG0HW","80911","Colorado","CO","Colorado","El Paso County","Colorado Springs","ZIP code"
"R_7wXeaMA32NGpzTb","43615","Ohio","OH","Ohio","Lucas County","Toledo","ZIP code"
"R_6huLTqP5AP6HmYY","60016","Illinois","IL","Illinois","Cook County","Des Plaines","ZIP code"
"R_1ETpEjr0vq5MX8o","71836","Arkansas","AR","Arkansas","Little River County","Foreman","ZIP code"
"R_5X4LmxRqekAJiK0","53208","Wisconsin","WI","Wisconsin","Milwaukee County","Milwaukee","ZIP code"
"R_5Z6OZdItee42F6p","76014","Texas","TX","Texas","Tarrant County","Arlington","ZIP code"
"R_3V7mIqGi6Gghe7C","14226","New York","NY","New York","Erie County","Buffalo","ZIP code"
"R_62rFiRccysLnWY8","07093","New Jersey","NJ","New Jersey","Hudson County","West New York","ZIP code"
"R_5iUd9WFXhIl7WKP","76210","Texas","TX","Texas","Denton County","Denton","ZIP code"
"R_6B5m7ZiVdP5DXsw","33903","Florida","FL","Florida","Lee County","North Fort Myers","ZIP code"
"R_7QJcB7595KMXGV3","95901","California","CA","California","Yuba County","Marysville","ZIP code"
"R_626bqQeXtGcW2au","17901","Pennsylvania","PA","Pennsylvania","Schuylkill County","Pottsville","ZIP code"
"R_3P6JlcayRKV6Z6S","07204","New Jersey","NJ","New Jersey","Union County","Roselle Park","ZIP code"
"R_1DtDv4pjlVwMCwF","11758","New York","NY","New York","Nassau County","Massapequa","ZIP code"
"R_6mPjnlVrQACwnpM","11967","New York","NY","New York","Suffolk County","Shirley","ZIP code"
"R_63fAXjOynaOGJSb","14120","New York","NY","New York","Niagara County","North Tonawanda","ZIP code"
"R_5s6Yn6KUQoe5ARd","84341","Utah","UT","Utah","Cache County","Logan","ZIP code"
"R_77otsadFSyDjx29","21234","Maryland","MD","Maryland","Baltimore County","Parkville","ZIP code"
"R_3ImHLIlVduJkdkp","33971","Florida","FL","Florida","Lee County","Lehigh Acres","ZIP code"
"R_5lAAwoeo30sRZMy","63033","Missouri","MO","Missouri","St. Louis County","Florissant","ZIP code"
"R_3TauEPZFkALTMYx","85374","Arizona","AZ","Arizona","Maricopa County","Surprise","ZIP code"
"R_7OA1S6UFl2usjEB","31757","Georgia","GA","Georgia","Thomas County","Thomasville","ZIP code"
"R_7v6bbRSUqNGjnNC","33903","Florida","FL","Florida","Lee County","North Fort Myers","ZIP code"
"R_7Lj1FARICyUH38P","29609","South Carolina","SC","South Carolina","Greenville County","Greenville","ZIP code"
"R_1DGJgvxHQgdPz9L","44103","Ohio","OH","Ohio","Cuyahoga County","Cleveland","ZIP code"
"R_78tGRpdql9VkEsF","19938","Delaware","DE","Delaware","Kent County","Clayton","ZIP code"
"R_7VfGbxKOlFl39rl","71115","Louisiana","LA","Louisiana","Caddo Parish","Shreveport","ZIP code"
"R_5CfQJnkzCmGsoFM","55117","Minnesota","MN","Minnesota","Ramsey County","Saint Paul","ZIP code"
"R_5iF4U0eGZJC0mUy","55011","Minnesota","MN","Minnesota","Anoka County","Cedar","ZIP code"
"R_3uVEyjUkNFgBMLq","33868","Florida","FL","Florida","Polk County","Polk City","ZIP code"
"R_7kKWOHYKNjuUWMU","29611","South Carolina","SC","South Carolina","Greenville County","Greenville","ZIP code"
"R_7KpVaeKIYDsPY9N","70503","Louisiana","LA","Louisiana","Lafayette Parish","Lafayette","ZIP code"
"R_3dLqo1MgNhQkl7Y","02130","Massachusetts","MA","Massachusetts","Suffolk County","Jamaica Plain","ZIP code"
"R_510Hn0hTZhWOxXz","48315","Michigan","MI","Michigan","Macomb County","Utica","ZIP code"
"R_65aB6PdoWDktHcl","65616","Missouri","MO","Missouri","Taney County","Branson","ZIP code"
"R_7pRGQW0CgQhyBIt","99202","Washington","WA","Washington","Spokane County","Spokane","ZIP code"
"R_1i41BNsKR1SEr3X","92801","California","CA","California","Orange County","Anaheim","ZIP code"
"R_77Ll0Y7POHsBKUx","37221","Tennessee","TN","Tennessee","Davidson County","Nashville","ZIP code"
"R_31g8jHE5UkIeuZp","95842","California","CA","California","Sacramento County","Sacramento","ZIP code"
"R_5fxeMQVFR0GDa1G","60074","Illinois","IL","Illinois","Cook County","Palatine","ZIP code"
"R_3n9Nq5JgvojVk8V","29223","South Carolina","SC","South Carolina","Richland County","Columbia","ZIP code"
"R_6dt478XZdqEVJCI","15928","Pennsylvania","PA","Pennsylvania","Somerset County","Davidsville","ZIP code"
"R_5bozT86wuhwcSQN","90062","California","CA","California","Los Angeles County","Los Angeles","ZIP code"
"R_5DHVqszKglnraLB","30014","Georgia","GA","Georgia","Newton County","Covington","ZIP code"
"R_7b6rkI7wuBGxQ5z","70006","Louisiana","LA","Louisiana","Jefferson Parish","Metairie","ZIP code"
"R_3QgUoliueDMaAjS","07109","New Jersey","NJ","New Jersey","Essex County","Belleville","ZIP code"
"R_7T1cGrlwbycuPLz","41219","Kentucky","KY","Kentucky","Johnson County","Flatgap","ZIP code"
"R_5D0wSCjMYn3wC2G","15129","Pennsylvania","PA","Pennsylvania","Allegheny County","South Park","ZIP code"
"R_5ckpgLUjQ5pql3P","27521","North Carolina","NC","North Carolina","Harnett County","Coats","ZIP code"
"R_5Y9E6u9L3tQ0Vsl","95127","California","CA","California","Santa Clara County","San Jose","ZIP code"
"R_1pMxrGIdtx4BgKo","38652","Mississippi","MS","Mississippi","Union County","New Albany","ZIP code"
"R_7MJP6z4dWcDheP8","48228","Michigan","MI","Michigan","Wayne County","Detroit","ZIP code"
"R_6tsf83DpZ7HWiQE","28078","North Carolina","NC","North Carolina","Mecklenburg County","Huntersville","ZIP code"
"R_31Xa8EsDupzghaB","64836","Missouri","MO","Missouri","Jasper County","Carthage","ZIP code"
"R_35iO6lSttlga1jP","44110","Ohio","OH","Ohio","Cuyahoga County","Cleveland","ZIP code"
"R_7pJ8fFGxQC4Z0v7","24541","Virginia","VA","Virginia","Danville city","Danville","ZIP code"
"R_1CHoNHLmN3EYwCg","85715","Arizona","AZ","Arizona","Pima County","Tucson","ZIP code"
"R_72a0EcsJeoWz50b","73010","Oklahoma","OK","Oklahoma","McClain County","Blanchard","ZIP code"
"R_10TKw5ghdOX3QwV","96792","Hawaii","HI","Hawaii","Honolulu County","Waianae","ZIP code"
"R_7KxzSjB69jgNk6E","95361","California","CA","California","Stanislaus County","Oakdale","ZIP code"
"R_5K3hJ4U6vuKLRkf","51601","Iowa","IA","Iowa","Page County","Shenandoah","ZIP code"
"R_52MbIJt0ZrQclLH","70127","Louisiana","LA","Louisiana","Orleans Parish","New Orleans","ZIP code"
"R_5oiMVHfb8vJc6fE","21117","Maryland","MD","Maryland","Baltimore County","Owings Mills","ZIP code"
"R_1R8mhD2odKMLdOC","34711","Florida","FL","Florida","Lake County","Clermont","ZIP code"
"R_1oI0oAUD8UqzoQQ","98823","Washington","WA","Washington","Grant County","Ephrata","ZIP code"
"R_1QMenNMhnOpFrSO","27856","North Carolina","NC","North Carolina","Nash County","Nashville","ZIP code"
"R_7KNnmcqO9aWsMv8","60174","Illinois","IL","Illinois","Kane County","Saint Charles","ZIP code"
"R_5JVxKS2X2zN0AyB","02720","Massachusetts","MA","Massachusetts","Bristol County","Fall River","ZIP code"
"R_1bV2utWGuAL16aR","48234","Michigan","MI","Michigan","Wayne County","Detroit","ZIP code"
"R_60Jc7DMGMpPMgsw","32177","Florida","FL","Florida","Putnam County","Palatka","ZIP code"
"R_5kiVuGors97Hy0Y","19104","Pennsylvania","PA","Pennsylvania","Philadelphia County","Philadelphia","ZIP code"
"R_7JUvDAXnjaNPucy","27260","North Carolina","NC","North Carolina","Guilford County","High Point","ZIP code"
"R_1Qfbil7kqP5N29K","34952","Florida","FL","Florida","St. Lucie County","Port Saint Lucie","ZIP code"
"R_5putefBubDvQAFX","72564","Arkansas","AR","Arkansas","Independence County","Oil Trough","ZIP code"
"R_7JRPM3SBaciR7p1","33825","Florida","FL","Florida","Highlands County","Avon Park","ZIP code"
"R_3wQAUwrr3UqbpCR","38201","Tennessee","TN","Tennessee","Carroll County","Mc Kenzie","ZIP code"
"R_6EZ2ssEh7iFvTaP","12901","New York","NY","New York","Clinton County","Plattsburgh","ZIP code"
"R_7pdGUJzl1S6sdEZ","23607","Virginia","VA","Virginia","Newport News city","Newport News","ZIP code"
"R_6r0ywwcDT5TrT86","33449","Florida","FL","Florida","Palm Beach County","Lake Worth","ZIP code"
"R_3OYWqPwAfr1qpBp","74136","Oklahoma","OK","Oklahoma","Tulsa County","Tulsa","ZIP code"
"R_5FJB7MEGI0DCsti","52240","Iowa","IA","Iowa","Johnson County","Iowa City","ZIP code"
"R_5004HcighHw4mZA","45701","Ohio","OH","Ohio","Athens County","Athens","ZIP code"
"R_7XdpyYmWZz0dGVJ","97404","Oregon","OR","Oregon","Lane County","Eugene","ZIP code"
"R_5RONN77MncMOnTw","72160","Arkansas","AR","Arkansas","Arkansas County","Stuttgart","ZIP code"
"R_331JOSSdJFH9ljB","77433","Texas","TX","Texas","Harris County","Cypress","ZIP code"
"R_7CyIIvGAWqaGWs4","44710","Ohio","OH","Ohio","Stark County","Canton","ZIP code"
"R_6nrD2rHouzwVgCt","60614","Illinois","IL","Illinois","Cook County","Chicago","ZIP code"
"R_7NcqGYmuI4Qz7IR","46360","Indiana","IN","Indiana","LaPorte County","Michigan City","ZIP code"
"R_1Iq4tCVUqzYBHpL","11743","New York","NY","New York","Suffolk County","Huntington","ZIP code"
"R_1rNY9pEzDmufvr4","10475","New York","NY","New York","Bronx County","Bronx","ZIP code"
"R_3OlQwMJMDsWHb8c","15642","Pennsylvania","PA","Pennsylvania","Westmoreland County","Irwin","ZIP code"
"R_52nHulB6JD3DKQ8","49002","Michigan","MI","Michigan","Kalamazoo County","Portage","ZIP code"
"R_7F4esEwgc51c277","38355","Tennessee","TN","Tennessee","Gibson County","Medina","ZIP code"
"R_3kO2G4bJ877mFlG","77489","Texas","TX","Texas","Fort Bend County","Missouri City","ZIP code"
"R_3s3cmhFqLhuBoAN","53207","Wisconsin","WI","Wisconsin","Milwaukee County","Milwaukee","ZIP code"
"R_1oZzGRcwbYQtS2D","95835","California","CA","California","Sacramento County","Sacramento","ZIP code"
"R_3P5oIN4R1aB9Jnr","19601","Pennsylvania","PA","Pennsylvania","Berks County","Reading","ZIP code"
"R_3uBXSG96JHiqUM8","19003","Pennsylvania","PA","Pennsylvania","Montgomery County","Ardmore","ZIP code"
"R_6lo043ZlD1DYLxT","19053","Pennsylvania","PA","Pennsylvania","Bucks County","Feasterville Trevose","ZIP code"
"R_3j7nX6VvELojsjl","30753","Georgia","GA","Georgia","Chattooga County","Trion","ZIP code"
"R_1oHEqsnqvdt0JGh","92410","California","CA","California","San Bernardino County","San Bernardino","ZIP code"
"R_7kFYsoJ5FeySFH0","32210","Florida","FL","Florida","Duval County","Jacksonville","ZIP code"
"R_6q1ATFwe7gQV1Q5","33578","Florida","FL","Florida","Hillsborough County","Riverview","ZIP code"
"R_1q8NJhYEA6dfgxI","21061","Maryland","MD","Maryland","Anne Arundel County","Glen Burnie","ZIP code"
"R_1Rw7N8VBsqmLDck","21093","Maryland","MD","Maryland","Baltimore County","Lutherville Timonium","ZIP code"
"R_3esnBC1AZiWGOnu","02777","Massachusetts","MA","Massachusetts","Bristol County","Swansea","ZIP code"
"R_7p6K4l7wW490tDH","97004","Oregon","OR","Oregon","Clackamas County","Beavercreek","ZIP code"
"R_6W04KyIx1w95UiZ","89123","Nevada","NV","Nevada","Clark County","Las Vegas","ZIP code"
"R_7q9Xowrcdo2n3WF","93906","California","CA","California","Monterey County","Salinas","ZIP code"
"R_7eUF8Z4B5lwPdQ9","23005","Virginia","VA","Virginia","Hanover County","Ashland","ZIP code"
"R_5D2Agl4wb7gPLjq","23664","Virginia","VA","Virginia","Hampton city","Hampton","ZIP code"
"R_3ZCxX7haDAasrPz","76448","Texas","TX","Texas","Eastland County","Eastland","ZIP code"
"R_1f9zFflcWQyAnlL","48875","Michigan","MI","Michigan","Ionia County","Portland","ZIP code"
"R_6LH5K4rucUoBSqB","61265","Illinois","IL","Illinois","Rock Island County","Moline","ZIP code"
"R_5MPQggN2bJRc35A","33404","Florida","FL","Florida","Palm Beach County","West Palm Beach","ZIP code"
"R_5n3Ar4VO8Q2018d","18301","Pennsylvania","PA","Pennsylvania","Monroe County","East Stroudsburg","ZIP code"
"R_3B8kyocmJwnKCfD","23805","Virginia","VA","Virginia","Petersburg city","Petersburg","ZIP code"
"R_6qi3b2KpMzDwJXj","28037","North Carolina","NC","North Carolina","Lincoln County","Denver","ZIP code"
"R_6nf7AYmCp992bFn","44312","Ohio","OH","Ohio","Summit County","Akron","ZIP code"
"R_10uCwMs3kVvWZ3e","55337","Minnesota","MN","Minnesota","Dakota County","Burnsville","ZIP code"
"R_6lZ3fW1zOlbou3v","78542","Texas","TX","Texas","Hidalgo County","Edinburg","ZIP code"
"R_5N7Rl5RTeLvoFb3","98052","Washington","WA","Washington","King County","Redmond","ZIP code"
"R_7JCk4m2qhxdSc1H","55104","Minnesota","MN","Minnesota","Ramsey County","Saint Paul","ZIP code"
"R_510L5z4rr7L9Q55","13790","New York","NY","New York","Broome County","Johnson City","ZIP code"
"R_5Vl6A3tcMuMxiF8","19057","Pennsylvania","PA","Pennsylvania","Bucks County","Levittown","ZIP code"
"R_3V2RPRV5Pty8tV6","22044","Virginia","VA","Virginia","Fairfax County","Falls Church","ZIP code"
"R_7h0mWbdNTeuHFrv","77045","Texas","TX","Texas","Harris County","Houston","ZIP code"
"R_32AccpkcdmvaWJ4","11758","New York","NY","New York","Nassau County","Massapequa","ZIP code"
"R_1hZNWziM3LydUhb","93635","California","CA","California","Merced County","Los Banos","ZIP code"
"R_1pNxkaSo62stObn","77064","Texas","TX","Texas","Harris County","Houston","ZIP code"
"R_6uCle2tMstvyC35","94605","California","CA","California","Alameda County","Oakland","ZIP code"
"R_3pMr8lKxfqWPgmb","89103","Nevada","NV","Nevada","Clark County","Las Vegas","ZIP code"
"R_1fT3owDbO0DTEpN","86045","Arizona","AZ","Arizona","Coconino County","Tuba City","ZIP code"
"R_5FtUYmoDUO6fmKR","38614","Mississippi","MS","Mississippi","Coahoma County","Clarksdale","ZIP code"
"R_32R01VDRb2NrMqp","75048","Texas","TX","Texas","Dallas County","Sachse","ZIP code"
"R_7Kf35iHbx2t6YSV","60202","Illinois","IL","Illinois","Cook County","Evanston","ZIP code"
"R_3D2NR6wuNLQvp7z","30223","Georgia","GA","Georgia","Spalding County","Griffin","ZIP code"
"R_1pRd7T5wsarxRUC","07110","New Jersey","NJ","New Jersey","Essex County","Nutley","ZIP code"
"R_6YnVPMgFCB4tkSE","77007","Texas","TX","Texas","Harris County","Houston","ZIP code"
"R_1WHxBLz6bFQk9M6","15431","Pennsylvania","PA","Pennsylvania","Fayette County","Dunbar","ZIP code"
"R_5b3jzPguij6PMw5","78737","Texas","TX","Texas","Hays County","Austin","ZIP code"
"R_53xbGxmkQ3pa82r","90046","California","CA","California","Los Angeles County","Los Angeles","ZIP code"
"R_1GBleHW0FdIq37M","76110","Texas","TX","Texas","Tarrant County","Fort Worth","ZIP code"
"R_1ugw0Uv7584vrd7","98126","Washington","WA","Washington","King County","Seattle","ZIP code"
"R_6V3aHkJOrI530X6","50309","Iowa","IA","Iowa","Polk County","Des Moines","ZIP code"
"R_5UfGx0TuoTMUsSL","34480","Florida","FL","Florida","Marion County","Ocala","ZIP code"
"R_1HYNRVzkl3CNjRV","77357","Texas","TX","Texas","Montgomery County","New Caney","ZIP code"
"R_5M3NQQMmOIFtCtM","33647","Florida","FL","Florida","Hillsborough County","Tampa","ZIP code"
"R_1y7ohWYW1EegF7J","33150","Florida","FL","Florida","Miami-Dade County","Miami","ZIP code"
"R_1OeNhHdTs7FuNBW","74652","Oklahoma","OK","Oklahoma","Osage County","Shidler","ZIP code"
"R_64q5dGA7VsNPUDW","07047","New Jersey","NJ","New Jersey","Hudson County","North Bergen","ZIP code"
"R_3iiQnsTgoqDmgsp","17512","Pennsylvania","PA","Pennsylvania","Lancaster County","Columbia","ZIP code"
"R_3DcMpx5i6ZugaB7","33125","Florida","FL","Florida","Miami-Dade County","Miami","ZIP code"
"R_5jRRgyBWdXY6UX7","79912","Texas","TX","Texas","El Paso County","El Paso","ZIP code"
"R_5zjVCay117qhL3g","85257","Arizona","AZ","Arizona","Maricopa County","Scottsdale","ZIP code"
"R_71FsG3bTOFQDdbb","19107","Pennsylvania","PA","Pennsylvania","Philadelphia County","Philadelphia","ZIP code"
"R_76aiU4yM60oWj8R","30083","Georgia","GA","Georgia","DeKalb County","Stone Mountain","ZIP code"
"R_7CKs8iGXVJU58kT","33875","Florida","FL","Florida","Highlands County","Sebring","ZIP code"
"R_1ind2b5LaVrHzsr","48504","Michigan","MI","Michigan","Genesee County","Flint","ZIP code"
"R_1tNRhzyvNaa106l","91311","California","CA","California","Los Angeles County","Chatsworth","ZIP code"
"R_6c7iQaVASvbwlkB","20019","District of Columbia","DC","District of Columbia","District of Columbia","Washington","ZIP code"
"R_6ri74SgojxkltlD","10940","New York","NY","New York","Orange County","Middletown","ZIP code"
"R_3ht1dfMqIlrsibX","32514","Florida","FL","Florida","Escambia County","Pensacola","ZIP code"
"R_5YqQfpBMGDengkX","38012","Tennessee","TN","Tennessee","Haywood County","Brownsville","ZIP code"
"R_5L6lUCn0KtdNa2S","49503","Michigan","MI","Michigan","Kent County","Grand Rapids","ZIP code"
"R_1jVct3PsGQxlSpU","32828","Florida","FL","Florida","Orange County","Orlando","ZIP code"
"R_1Y5hKPrc34OGcBL","12110","New York","NY","New York","Albany County","Latham","ZIP code"
"R_6CKJcmVCqB7AeIQ","47229","Indiana","IN","Indiana","Jackson County","Crothersville","ZIP code"
"R_3eIuIitneKkuP6p","48214","Michigan","MI","Michigan","Wayne County","Detroit","ZIP code"
"R_5QzzRuF3eGLrKOk","48234","Michigan","MI","Michigan","Wayne County","Detroit","ZIP code"
"R_70c0em1yDWch7HL","89120","Nevada","NV","Nevada","Clark County","Las Vegas","ZIP code"
"R_1dWkxEyqF9KwAY3","92301","California","CA","California","San Bernardino County","Adelanto","ZIP code"
"R_7K7lEAYMIEt9Sn8","98052","Washington","WA","Washington","King County","Redmond","ZIP code"
"R_39s3I2iVm3TsnRs","15003","Pennsylvania","PA","Pennsylvania","Beaver County","Ambridge","ZIP code"
"R_6fdASvh9Ofq1PZI","04101","Maine","ME","Maine","Cumberland County","Portland","ZIP code"
"R_1Qz9cMg2bopwmsN","24522","Virginia","VA","Virginia","Appomattox County","Appomattox","ZIP code"
"R_7tb1MzEqcBZm35n","61254","Illinois","IL","Illinois","Henry County","Geneseo","ZIP code"
"R_3g553cvimvRScIZ","74033","Oklahoma","OK","Oklahoma","Tulsa County","Glenpool","ZIP code"
"R_3FgqVP2csXBvutW","30223","Georgia","GA","Georgia","Spalding County","Griffin","ZIP code"
"R_3jdYcabncy2A7zA","49203","Michigan","MI","Michigan","Jackson County","Jackson","ZIP code"
"R_7LdVx718W0c3R8u","14620","New York","NY","New York","Monroe County","Rochester","ZIP code"
"R_3HryZYf0nsFVWzT","26301","West Virginia","WV","West Virginia","Harrison County","Clarksburg","ZIP code"
"R_5Oj3UxptW2q4FtN","07876","New Jersey","NJ","New Jersey","Morris County","Succasunna","ZIP code"
"R_7UMzfXPqe288hEJ","76015","Texas","TX","Texas","Tarrant County","Arlington","ZIP code"
"R_7wBhAmGpyloomFX","30315","Georgia","GA","Georgia","Fulton County","Atlanta","ZIP code"
"R_5CMJNOd4zcn4ZS9","27519","North Carolina","NC","North Carolina","Wake County","Cary","ZIP code"
"R_5Hd99qhKt24ikPA","38866","Mississippi","MS","Mississippi","Lee County","Saltillo","ZIP code"
"R_6LMYcPToo44UiuI","37210","Tennessee","TN","Tennessee","Davidson County","Nashville","ZIP code"
"R_5P0ghlaNGMJ7REf","80301","Colorado","CO","Colorado","Boulder County","Boulder","ZIP code"
"R_1nSESVOGtk777Kk","89148","Nevada","NV","Nevada","Clark County","Las Vegas","ZIP code"
"R_7zSfFHzsvMVZt79","78154","Texas","TX","Texas","Guadalupe County","Schertz","ZIP code"
"R_1MnlzenEt2RnAHf","60426","Illinois","IL","Illinois","Cook County","Harvey","ZIP code"
"R_1OlPl6bApkKUGvp","48464","Michigan","MI","Michigan","Lapeer County","Otter Lake","ZIP code"
"R_7G13f87LuOHOt5n","02886","Rhode Island","RI","Rhode Island","Kent County","Warwick","ZIP code"
"R_3MAnNkzNnRTw0iq","31052","Georgia","GA","Georgia","Bibb County","Lizella","ZIP code"
"R_6XZhgW0dlWToexX","77020","Texas","TX","Texas","Harris County","Houston","ZIP code"
"R_7ctuMNVhEPUAs0q","43452","Ohio","OH","Ohio","Ottawa County","Port Clinton","ZIP code"
"R_5eR5w89y7jCKbci","53223","Wisconsin","WI","Wisconsin","Milwaukee County","Milwaukee","ZIP code"
"R_5BDgzD751VtJEB3","97005","Oregon","OR","Oregon","Washington County","Beaverton","ZIP code"
"R_7k6eAbsy9dPNAFz","67401","Kansas","KS","Kansas","Saline County","Salina","ZIP code"
"R_7feBxtK0YTfYaFU","74003","Oklahoma","OK","Oklahoma","Osage County","Bartlesville","ZIP code"
"R_7NVPI54N2l196IP","38261","Tennessee","TN","Tennessee","Obion County","Union City","ZIP code"
"R_31nHY2iPhqC0Jxd","46996","Indiana","IN","Indiana","Pulaski County","Winamac","ZIP code"
"R_7J7TVKpr43FF5BL","79925","Texas","TX","Texas","El Paso County","El Paso","ZIP code"
"R_625SMNotcX6MZEZ","43055","Ohio","OH","Ohio","Licking County","Newark","ZIP code"
"R_53KeCrysOdEIRIB","91901","California","CA","California","San Diego County","Alpine","ZIP code"
"R_3Pjkcu3I9Usb7P5","48205","Michigan","MI","Michigan","Wayne County","Detroit","ZIP code"
"R_7Le71MEm96uPs1g","79110","Texas","TX","Texas","Randall County","Amarillo","ZIP code"
"R_3dBghIU0c8RHtHA","75954","Texas","TX","Texas","Shelby County","Joaquin","ZIP code"
"R_6dQrmdx4oKjorrH","06106","Connecticut","CT","Connecticut","Hartford County","Hartford","ZIP code"
"R_6aKz8MMJv7JjWZD","77498","Texas","TX","Texas","Fort Bend County","Sugar Land","ZIP code"
"R_5jTgqsZiAOAX1in","44281","Ohio","OH","Ohio","Medina County","Wadsworth","ZIP code"
"R_6o6cSfbj8jwIuWx","18042","Pennsylvania","PA","Pennsylvania","Northampton County","Easton","ZIP code"
"R_1dZliLB7ex2NfJd","45239","Ohio","OH","Ohio","Hamilton County","Cincinnati","ZIP code"
"R_7hhjzrCr6ED8NLM","76031","Texas","TX","Texas","Johnson County","Cleburne","ZIP code"
"R_7f1m6SzDZnrmGRV","77566","Texas","TX","Texas","Brazoria County","Lake Jackson","ZIP code"
"R_1LjVi6wghvQg2AP","80134","Colorado","CO","Colorado","Douglas County","Parker","ZIP code"
"R_5FLRC6lQAkjRIbZ","91344","California","CA","California","Los Angeles County","Granada Hills","ZIP code"
"R_3tcNx9mWIB6I013","10703","New York","NY","New York","Westchester County","Yonkers","ZIP code"
"R_5CfjfaTubRiSLVO","19134","Pennsylvania","PA","Pennsylvania","Philadelphia County","Philadelphia","ZIP code"
"R_3aeFBnx4x9oakN0","16701","Pennsylvania","PA","Pennsylvania","McKean County","Bradford","ZIP code"
"R_7EihsNqXOcaZBjV","20743","Maryland","MD","Maryland","Prince George's County","Capitol Heights","ZIP code"
"R_605KiPCvlNBv0Jb","16061","Pennsylvania","PA","Pennsylvania","Butler County","West Sunbury","ZIP code"
"R_5irLHz23MNxIuz0","10473","New York","NY","New York","Bronx County","Bronx","ZIP code"
"R_399YMsyww7z6ZBG","06759","Connecticut","CT","Connecticut","Litchfield County","Litchfield","ZIP code"
"R_6objehY5y8Q5x05","14526","New York","NY","New York","Monroe County","Penfield","ZIP code"
"R_7yyyVOnq4iDAD3X","41531","Kentucky","KY","Kentucky","Pike County","Hardy","ZIP code"
"R_7THpC8SiySNWyxx","89134","Nevada","NV","Nevada","Clark County","Las Vegas","ZIP code"
"R_16eUscnLDEZAQuU","07410","New Jersey","NJ","New Jersey","Bergen County","Fair Lawn","ZIP code"
"R_32Jui9a7OgoNMop","29341","South Carolina","SC","South Carolina","Cherokee County","Gaffney","ZIP code"
"R_1Jrbm7t72XNegod","14437","New York","NY","New York","Livingston County","Dansville","ZIP code"
"R_6R24qkzfR7xNP5c","30236","Georgia","GA","Georgia","Clayton County","Jonesboro","ZIP code"
"R_3gXIo4TmfSZpyBO","30066","Georgia","GA","Georgia","Cobb County","Marietta","ZIP code"
"R_11wFAwj20yWlmr7","61021","Illinois","IL","Illinois","Lee County","Dixon","ZIP code"
"R_7ZWYW7KxpBn7otr","78233","Texas","TX","Texas","Bexar County","San Antonio","ZIP code"
"R_7Ej5iA4uHXGe83A","06066","Connecticut","CT","Connecticut","Tolland County","Vernon Rockville","ZIP code"
"R_11nACxgaFpda7kd","48322","Michigan","MI","Michigan","Oakland County","West Bloomfield","ZIP code"
"R_6s4WQqX73NCEE5l","48840","Michigan","MI","Michigan","Ingham County","Haslett","ZIP code"
"R_6flWI4h0Sko4G9v","33321","Florida","FL","Florida","Broward County","Fort Lauderdale","ZIP code"
"R_6HoSaZvWvK8SHjl","34691","Florida","FL","Florida","Pasco County","Holiday","ZIP code"
"R_7HTyhFJ7Mim0Ges","34471","Florida","FL","Florida","Marion County","Ocala","ZIP code"
"R_3jksgZmMmXQniQp","11214","New York","NY","New York","Kings County","Brooklyn","ZIP code"
"R_18I27txXjaTHvKg","55334","Minnesota","MN","Minnesota","Sibley County","Gaylord","ZIP code"
"R_7YRHLSm8IGTsz9G","18436","Pennsylvania","PA","Pennsylvania","Wayne County","Lake Ariel","ZIP code"
"R_52AdjWKjxMHXEAz","92410","California","CA","California","San Bernardino County","San Bernardino","ZIP code"
"R_6lKZFrGEdQFVeUl","48504","Michigan","MI","Michigan","Genesee County","Flint","ZIP code"
"R_7PHRRKLEEH27y1M","78610","Texas","TX","Texas","Hays County","Buda","ZIP code"
"R_3qVvdS01TNK7LHc","75248","Texas","TX","Texas","Dallas County","Dallas","ZIP code"
"R_5VduhSppSHnzzop","99337","Washington","WA","Washington","Benton County","Kennewick","ZIP code"
"R_7Es8WCJKa0aLfUa","49022","Michigan","MI","Michigan","Berrien County","Benton Harbor","ZIP code"
"R_71zOsWteV9VW79a","01843","Massachusetts","MA","Massachusetts","Essex County","Lawrence","ZIP code"
"R_1vljPg9bb34Mk6P","48152","Michigan","MI","Michigan","Wayne County","Livonia","ZIP code"
"R_1Mo5dlfsQhiC19F","01826","Massachusetts","MA","Massachusetts","Middlesex County","Dracut","ZIP code"
"R_1HRIVVwgBz37A11","77373","Texas","TX","Texas","Harris County","Spring","ZIP code"
"R_7tCMBe4lndqQGhX","07403","New Jersey","NJ","New Jersey","Passaic County","Bloomingdale","ZIP code"
"R_1DtGQavBmrtbezn","53172","Wisconsin","WI","Wisconsin","Milwaukee County","South Milwaukee","ZIP code"
"R_51H1q9AJvjWTZAJ","94123","California","CA","California","San Francisco County","San Francisco","ZIP code"
"R_1CBkEih1s63M6Os","30097","Georgia","GA","Georgia","Fulton County","Duluth","ZIP code"
"R_3EuzOzc0GTS27om","31520","Georgia","GA","Georgia","Glynn County","Brunswick","ZIP code"
"R_5flSarVu9lqSVtD","10473","New York","NY","New York","Bronx County","Bronx","ZIP code"
"R_5qCYCCQB1grOqSh","28360","North Carolina","NC","North Carolina","Robeson County","Lumberton","ZIP code"
"R_3q9yGe7HQ36ioUP","48327","Michigan","MI","Michigan","Oakland County","Waterford","ZIP code"
"R_6Dw6l2G9v2dbQd8","46235","Indiana","IN","Indiana","Marion County","Indianapolis","ZIP code"
"R_3IShuOSYdjqprVg","04011","Maine","ME","Maine","Cumberland County","Brunswick","ZIP code"
"R_1ZdhoUCjXlkdmEx","52707","Iowa","IA","Iowa",,,"ZIP prefix"
"R_5YTw1Jk3puvpTLX","67205","Kansas","KS","Kansas","Sedgwick County","Wichita","ZIP code"
"R_5HoCxEHblHFcl6K","48390","Michigan","MI","Michigan","Oakland County","Walled Lake","ZIP code"
"R_6peFOBuoJzDrHmF","76021","Texas","TX","Texas","Tarrant County","Bedford","ZIP code"
"R_1mlLN4lZgiC6DPg","34601","Florida","FL","Florida","Hernando County","Brooksville","ZIP code"
"R_1qJQFOUXf0djAiZ","23666","Virginia","VA","Virginia","Hampton city","Hampton","ZIP code"
"R_3qqoRIHIZCxZUl3","62254","Illinois","IL","Illinois","St. Clair County","Lebanon","ZIP code"
"R_6ziKk1jv5ffs6VQ","91365","California","CA","California","Los Angeles County","Woodland Hills","ZIP code"
"R_7hpN0bLhvX1SmBj","80134","Colorado","CO","Colorado","Douglas County","Parker","ZIP code"
"R_6YEvfL5sIt0zZMC","91901","California","CA","California","San Diego County","Alpine","ZIP code"
"R_7Mg4gw4g7o9TVTj","34240","Florida","FL","Florida","Sarasota County","Sarasota","ZIP code"
"R_7ARM3yNiWlyy6eX","46410","Indiana","IN","Indiana","Lake County","Merrillville","ZIP code"
"R_3anqKrkoELFk6S0","81647","Colorado","CO","Colorado","Garfield County","New Castle","ZIP code"
"R_76llUhkY4ZBX2Fb","71037","Louisiana","LA","Louisiana","Bossier Parish","Haughton","ZIP code"
"R_5gwKDjVfYeEQMpo","48176","Michigan","MI","Michigan","Washtenaw County","Saline","ZIP code"
"R_7lt3sD9bGfcbqOE","45459","Ohio","OH","Ohio","Montgomery County","Dayton","ZIP code"
"R_7M4bVVnoWKOOEox","75082","Texas","TX","Texas","Collin County","Richardson","ZIP code"
"R_7lHskodJJvq7tRf","98516","Washington","WA","Washington","Thurston County","Olympia","ZIP code"
"R_1ZzsIIi9fCfkfYd","76182","Texas","TX","Texas","Tarrant County","North Richland Hills","ZIP code"
"R_33UC0mX0wBl2GlM","64507","Missouri","MO","Missouri","Buchanan County","Saint Joseph","ZIP code"
"R_7WAnm2v3wVXJmQw","21817","Maryland","MD","Maryland","Somerset County","Crisfield","ZIP code"
"R_5SidI7cJePLLJqQ","83716","Idaho","ID","Idaho","Ada County","Boise","ZIP code"
"R_51Yq1KLnPMcczCd","17068","Pennsylvania","PA","Pennsylvania","Perry County","New Bloomfield","ZIP code"
"R_53TWoLK862d2ywd","19013","Pennsylvania","PA","Pennsylvania","Delaware County","Chester","ZIP code"
"R_3LYAjD4Z2yn0f4X","15946","Pennsylvania","PA","Pennsylvania","Cambria County","Portage","ZIP code"
"R_1TtTLB80UOAARCX","44485","Ohio","OH","Ohio","Trumbull County","Warren","ZIP code"
"R_1qfEbROPaPpq2Kb","43119","Ohio","OH","Ohio","Franklin County","Galloway","ZIP code"
"R_7YajsO5NW26cI2m","11961","New York","NY","New York","Suffolk County","Ridge","ZIP code"
"R_7hQelhX7haJL1rX","38501","Tennessee","TN","Tennessee","Putnam County","Cookeville","ZIP code"
"R_7wyln8QQvkbpqSJ","07747","New Jersey","NJ","New Jersey","Monmouth County","Matawan","ZIP code"
"R_1P1nK7w1xnIyzAS","28164","North Carolina","NC","North Carolina","Gaston County","Stanley","ZIP code"
"R_3ssKsFRoTpWhM8e","81601","Colorado","CO","Colorado","Garfield County","Glenwood Springs","ZIP code"
"R_3pMfpUTFK0nLjAL","38261","Tennessee","TN","Tennessee","Obion County","Union City","ZIP code"
"R_5uyPpt88WXHtEaT","32244","Florida","FL","Florida","Duval County","Jacksonville","ZIP code"
"R_5smliFoVMmIHucf","48227","Michigan","MI","Michigan","Wayne County","Detroit","ZIP code"
"R_7lLyxaeIr2pv9QK","14606","New York","NY","New York","Monroe County","Rochester","ZIP code"
"R_5A0QiqIZbOCb9QB","34685","Florida","FL","Florida","Pinellas County","Palm Harbor","ZIP code"
"R_1RZZCpRh58gkwjH","77450","Texas","TX","Texas","Harris County","Katy","ZIP code"
"R_54Qq8NojJBHtXbz","28376","North Carolina","NC","North Carolina","Hoke County","Raeford","ZIP code"
"R_5IbousyW7FXJ6w8","21209","Maryland","MD","Maryland","Baltimore County","Baltimore","ZIP code"
"R_39VZofsjVoZOHcd","36303","Alabama","AL","Alabama","Houston County","Dothan","ZIP code"
"R_3CekOxem91WfYPf","97132","Oregon","OR","Oregon","Yamhill County","Newberg","ZIP code"
"R_5VLb0s3463cdvDX","28540","North Carolina","NC","North Carolina","Onslow County","Jacksonville","ZIP code"
"R_7puU6U6lb0YvgGJ","72058","Arkansas","AR","Arkansas","Faulkner County","Greenbrier","ZIP code"
"R_5wbOYHKhLNj8m11","57577","South Dakota","SD","South Dakota","Jackson County","Wanblee","ZIP code"
"R_7EiZ8fnxCdUuVDf","28612","North Carolina","NC","North Carolina","Burke County","Connellys Springs","ZIP code"
"R_6mftsZk251NLmbn","44266","Ohio","OH","Ohio","Portage County","Ravenna","ZIP code"
"R_7BxGlyhqTB1k1VI","85260","Arizona","AZ","Arizona","Maricopa County","Scottsdale","ZIP code"
"R_7iQFBkw6dOHEDja","78640","Texas","TX","Texas","Hays County","Kyle","ZIP code"
"R_5EGWCkdFS9vssvN","14215","New York","NY","New York","Erie County","Buffalo","ZIP code"
"R_3DwEFIE1l1yP2KG","92411","California","CA","California","San Bernardino County","San Bernardino","ZIP code"
"R_3VO0ES7KO1SbobJ","39828","Georgia","GA","Georgia","Grady County","Cairo","ZIP code"
"R_3DX1xSixIPrTIR3","19425","Pennsylvania","PA","Pennsylvania","Chester County","Chester Springs","ZIP code"
"R_7svpCUW1vkBaF9f","44833","Ohio","OH","Ohio","Crawford County","Galion","ZIP code"
"R_1OUvS9tAUGHugjZ","30062","Georgia","GA","Georgia","Cobb County","Marietta","ZIP code"
"R_1lrEj5IZHDDSAwN","79501","Texas","TX","Texas","Jones County","Anson","ZIP code"
"R_3rGhiVz1RjjPa3w","93308","California","CA","California","Kern County","Bakersfield","ZIP code"
"R_34vislJ4P6YbCbe","74106","Oklahoma","OK","Oklahoma","Tulsa County","Tulsa","ZIP code"
"R_6SRLzvzcknCtLlT","68116","Nebraska","NE","Nebraska","Douglas County","Omaha","ZIP code"
"R_7gRgkUPuxDp9QOd","18966","Pennsylvania","PA","Pennsylvania","Bucks County","Southampton","ZIP code"
"R_7Nb83AJCetdKoWB","60646","Illinois","IL","Illinois","Cook County","Chicago","ZIP code"
"R_7Ad7FjkcQauIULv","60625","Illinois","IL","Illinois","Cook County","Chicago","ZIP code"
"R_5nj9sKhsSbnXaHY","29571","South Carolina","SC","South Carolina","Marion County","Marion","ZIP code"
"R_5flnz9yXsvsN74L","28435","North Carolina","NC","North Carolina","Pender County","Currie","ZIP code"
"R_6K9pgBiwe5bCPQl","02715","Massachusetts","MA","Massachusetts","Bristol County","Dighton","ZIP code"
"R_3E67fFGGKSOPjv5","49858","Michigan","MI","Michigan","Menominee County","Menominee","ZIP code"
"R_1TVhq9lO1jERgQh","28590","North Carolina","NC","North Carolina","Pitt County","Winterville","ZIP code"
"R_35nhhZtohmFss8h","94134","California","CA","California","San Francisco County","San Francisco","ZIP code"
"R_1jk72t4eA4vSj0f","32413","Florida","FL","Florida","Bay County","Panama City Beach","ZIP code"
"R_7QgmjWthZFwReWp","60660","Illinois","IL","Illinois","Cook County","Chicago","ZIP code"
"R_34GXhuUyMxezZ3M","55344","Minnesota","MN","Minnesota","Hennepin County","Eden Prairie","ZIP code"
"R_6g77J4MKO9966og","75901","Texas","TX","Texas","Angelina County","Lufkin","ZIP code"
"R_565dDrKO9RHEPYZ","90808","California","CA","California","Los Angeles County","Long Beach","ZIP code"
"R_3gAZkW2LK56aFTX","48322","Michigan","MI","Michigan","Oakland County","West Bloomfield","ZIP code"
"R_1HNaAP31R5A2pWp","48161","Michigan","MI","Michigan","Monroe County","Monroe","ZIP code"
"R_3fAC2nbskJJCAaL","08723","New Jersey","NJ","New Jersey","Ocean County","Brick","ZIP code"
"R_5LYcwaZVO3HCO8O","76513","Texas","TX","Texas","Bell County","Belton","ZIP code"
"R_6JXcxmGVYVwBzfN","32225","Florida","FL","Florida","Duval County","Jacksonville","ZIP code"
"R_10N84LY1lBFtKhP","16254","Pennsylvania","PA","Pennsylvania","Clarion County","Shippenville","ZIP code"
"R_5DIsWP269IytULr","54494","Wisconsin","WI","Wisconsin","Wood County","Wisconsin Rapids","ZIP code"
"R_73WB25lSa4xZ5U5","29810","South Carolina","SC","South Carolina","Allendale County","Allendale","ZIP code"
"R_3e2PDryIOLz9W7P","92253","California","CA","California","Riverside County","La Quinta","ZIP code"
"R_5wzPRywLbec7AFG","23322","Virginia","VA","Virginia","Chesapeake city","Chesapeake","ZIP code"
"R_3nMNEPRTMP4GCNr","85711","Arizona","AZ","Arizona","Pima County","Tucson","ZIP code"
"R_1YXqUmdQpKRH40M","94561","California","CA","California","Contra Costa County","Oakley","ZIP code"
"R_3fiMzbXEwdu0LQI","28531","North Carolina","NC","North Carolina","Carteret County","Harkers Island","ZIP code"
"R_6BKZCOFjlx90lO1","48451","Michigan","MI","Michigan","Genesee County","Linden","ZIP code"
"R_5IpblTKCUFuacoe","07016","New Jersey","NJ","New Jersey","Union County","Cranford","ZIP code"
"R_79s9dmSGJRk61kl","13215","New York","NY","New York","Onondaga County","Syracuse","ZIP code"
"R_6zbRbhkgzpimuG4","29645","South Carolina","SC","South Carolina","Laurens County","Gray Court","ZIP code"
"R_5DfQBOfxB4GLD6F","46208","Indiana","IN","Indiana","Marion County","Indianapolis","ZIP code"
"R_5e945eh1NnpcK2O","76209","Texas","TX","Texas","Denton County","Denton","ZIP code"
"R_7dEvKZ269g5mHb6","06053","Connecticut","CT","Connecticut","Hartford County","New Britain","ZIP code"
"R_71bZUMBCHBCL7LO","83646","Idaho","ID","Idaho","Ada County","Meridian","ZIP code"
"R_5pyS79TjQrgo4H7","44001","Ohio","OH","Ohio","Lorain County","Amherst","ZIP code"
"R_3g0zzsVZXnaMMhV","85301","Arizona","AZ","Arizona","Maricopa County","Glendale","ZIP code"
"R_6cbCe176ZvPM3wC","07302","New Jersey","NJ","New Jersey","Hudson County","Jersey City","ZIP code"
"R_7wc6bhfFSv012mJ","37377","Tennessee","TN","Tennessee","Hamilton County","Signal Mountain","ZIP code"
"R_3P5GZ1NVg4kYiqv","80236","Colorado","CO","Colorado","Denver County","Denver","ZIP code"
"R_1THm8Xr62sdj5J2","78664","Texas","TX","Texas","Williamson County","Round Rock","ZIP code"
"R_5t0xjxbpnkxVYjf","48152","Michigan","MI","Michigan","Wayne County","Livonia","ZIP code"
"R_12st4QxNCTE9JFp","34983","Florida","FL","Florida","St. Lucie County","Port Saint Lucie","ZIP code"
"R_111esFhYlRJwKSN","31029","Georgia","GA","Georgia","Monroe County","Forsyth","ZIP code"
"R_7PXmp4E1jCQ95Y7","32114","Florida","FL","Florida","Volusia County","Daytona Beach","ZIP code"
"R_71cuK3hJQrfW7We","48234","Michigan","MI","Michigan","Wayne County","Detroit","ZIP code"
"R_1HOn99epxeW8SBu","15143","Pennsylvania","PA","Pennsylvania","Allegheny County","Sewickley","ZIP code"
"R_5OcqSxJRfHQadDH","31569","Georgia","GA","Georgia","Camden County","Woodbine","ZIP code"
"R_5urLP7RKnCvLs9S","60637","Illinois","IL","Illinois","Cook County","Chicago","ZIP code"
"R_3UurLTPSqNDC6AN","50131","Iowa","IA","Iowa","Polk County","Johnston","ZIP code"
"R_1DMdNI1Lnb94L4D","67219","Kansas","KS","Kansas","Sedgwick County","Wichita","ZIP code"
"R_5CvyDUielq3npmB","38501","Tennessee","TN","Tennessee","Putnam County","Cookeville","ZIP code"
"R_5PS0fAQKqD1xuUo","30909","Georgia","GA","Georgia","Richmond County","Augusta","ZIP code"
"R_1E1Pjin3wFnLkch","78621","Texas","TX","Texas","Bastrop County","Elgin","ZIP code"
"R_6381G2mxqPCfKDm","29860","South Carolina","SC","South Carolina","Edgefield County","North Augusta","ZIP code"
"R_1Wn7irTssPnzj9L","27107","North Carolina","NC","North Carolina","Forsyth County","Winston Salem","ZIP code"
"R_34232ZR9XQfqPVD","33823","Florida","FL","Florida","Polk County","Auburndale","ZIP code"
"R_1wEqOSec8gXY1k4","60501","Illinois","IL","Illinois","Cook County","Summit Argo","ZIP code"
"R_7rBcdJrlMnETBhh","30577","Georgia","GA","Georgia","Stephens County","Toccoa","ZIP code"
"R_5fvd2J4dAHE01aI","38834","Mississippi","MS","Mississippi","Alcorn County","Corinth","ZIP code"
"R_7gYJcFxvLEtS9eP","12144","New York","NY","New York","Rensselaer County","Rensselaer","ZIP code"
"R_7ScpB2Ap6IUeYZv","29712","South Carolina","SC","South Carolina","Chester County","Edgemoor","ZIP code"
"R_7OJdzPVjeURVveT","37411","Tennessee","TN","Tennessee","Hamilton County","Chattanooga","ZIP code"
"R_12Yr6bn2E98uVft","06615","Connecticut","CT","Connecticut","Fairfield County","Stratford","ZIP code"
"R_1HYqYlytdSSVV6P","77486","Texas","TX","Texas","Brazoria County","West Columbia","ZIP code"
"R_1EEVM93LpPOwZSp","46383","Indiana","IN","Indiana","Porter County","Valparaiso","ZIP code"
"R_5kmGnY3GsL1aGgm","77598","Texas","TX","Texas","Harris County","Webster","ZIP code"
"R_5i8u6Z4P7Q7RIuQ","46933","Indiana","IN","Indiana","Grant County","Gas City","ZIP code"
"R_3lXHbQlFGvhxRYz","33774","Florida","FL","Florida","Pinellas County","Largo","ZIP code"
"R_1eiD8JEKxuW8dr3","78040","Texas","TX","Texas","Webb County","Laredo","ZIP code"
"R_1xZ5pQdhg4syhYB","70360","Louisiana","LA","Louisiana","Terrebonne Parish","Houma","ZIP code"
"R_5CqUsIBgI3swqFP","25425","West Virginia","WV","West Virginia","Jefferson County","Harpers Ferry","ZIP code"
"R_6w5HV1JWp7C7eBY","27106","North Carolina","NC","North Carolina","Forsyth County","Winston Salem","ZIP code"
"R_3M3TJgOkXGE8gw0","66604","Kansas","KS","Kansas","Shawnee County","Topeka","ZIP code"
"R_3fBqFUT9IyXBmFd","38555","Tennessee","TN","Tennessee","Cumberland County","Crossville","ZIP code"
"R_51ocbzApZ38kd1e","85205","Arizona","AZ","Arizona","Maricopa County","Mesa","ZIP code"
"R_7Kln27BmksX6HkI","35570","Alabama","AL","Alabama","Marion County","Hamilton","ZIP code"
"R_6mDiAkI5W8yZk8L","85009","Arizona","AZ","Arizona","Maricopa County","Phoenix","ZIP code"
"R_71zvQ6LqpwD4Cre","37830","Tennessee","TN","Tennessee","Anderson County","Oak Ridge","ZIP code"
"R_3gUOwqMHPS6ZBdm","39202","Mississippi","MS","Mississippi","Hinds County","Jackson","ZIP code"
"R_7DzPwmIaTNv8sGe","44460","Ohio","OH","Ohio","Columbiana County","Salem","ZIP code"
"R_6fiJnj5n47PH41j","31707","Georgia","GA","Georgia","Dougherty County","Albany","ZIP code"
"R_6VywlPoX3JM04Ph","55344","Minnesota","MN","Minnesota","Hennepin County","Eden Prairie","ZIP code"
"R_1lBOwa7lgBj9AhH","48915","Michigan","MI","Michigan","Ingham County","Lansing","ZIP code"
"R_7c8jyRq6Tl1GLnm","25559","West Virginia","WV","West Virginia","Cabell County","Salt Rock","ZIP code"
"R_5VVcwBHhAtZny0x","43219","Ohio","OH","Ohio","Franklin County","Columbus","ZIP code"
"R_7NwjRytosXl80vX","33596","Florida","FL","Florida","Hillsborough County","Valrico","ZIP code"
"R_56oHJv1bmkucdLb","48195","Michigan","MI","Michigan","Wayne County","Southgate","ZIP code"
"R_7dnUoR8oKwgoTDt","39666","Mississippi","MS","Mississippi","Pike County","Summit","ZIP code"
"R_3B8sO7LZe5qsJlg","20147","Virginia","VA","Virginia","Loudoun County","Ashburn","ZIP code"
"R_6rGJMDYx41KHt17","63640","Missouri","MO","Missouri","St. Francois County","Farmington","ZIP code"
"R_1Sc41VM9dWzkYG8","34442","Florida","FL","Florida","Citrus County","Hernando","ZIP code"
"R_1sta8V6YT3lmh6x","08805","New Jersey","NJ","New Jersey","Somerset County","Bound Brook","ZIP code"
"R_5tRfU0Pr5vepA8F","45420","Ohio","OH","Ohio","Montgomery County","Dayton","ZIP code"
"R_10T5oNpVmZ0JdYJ","06514","Connecticut","CT","Connecticut","New Haven County","Hamden","ZIP code"
"R_1zOANT8WZ93T8jb","85009","Arizona","AZ","Arizona","Maricopa County","Phoenix","ZIP code"
"R_5QJZGCrGXickOBV","83605","Idaho","ID","Idaho","Canyon County","Caldwell","ZIP code"
"R_6kLzlJh3PZbl5bo","73843","Oklahoma","OK","Oklahoma","Ellis County","Gage","ZIP code"
"R_7gXxWuFSf7iDr4V","45406","Ohio","OH","Ohio","Montgomery County","Dayton","ZIP code"
"R_1o1QkdylwXg4c2R","37407","Tennessee","TN","Tennessee","Hamilton County","Chattanooga","ZIP code"
"R_7qOJu3eeM7HCp9X","32055","Florida","FL","Florida","Columbia County","Lake City","ZIP code"
"R_5FSeHthZdG5HrG3","77447","Texas","TX","Texas","Harris County","Hockley","ZIP code"
"R_53jzuhlEKehIWWG","48334","Michigan","MI","Michigan","Oakland County","Farmington","ZIP code"
"R_30COC1nCsG6odIg","06095","Connecticut","CT","Connecticut","Hartford County","Windsor","ZIP code"
"R_3YmSlKaVKu9eBdq","78566","Texas","TX","Texas","Cameron County","Los Fresnos","ZIP code"
"R_6e2mo0vmRalp8Tg","55379","Minnesota","MN","Minnesota","Scott County","Shakopee","ZIP code"
"R_3RRoIYzJh9zi18N","68131","Nebraska","NE","Nebraska","Douglas County","Omaha","ZIP code"
"R_6lFmVaN0LYHAESt","48464","Michigan","MI","Michigan","Lapeer County","Otter Lake","ZIP code"
"R_5YE9GZA1YQTq8FX","40205","Kentucky","KY","Kentucky","Jefferson County","Louisville","ZIP code"
"R_1TXCPBYX5r0H9Mt","85711","Arizona","AZ","Arizona","Pima County","Tucson","ZIP code"
"R_6VrNst4sZ7xIC2g","30809","Georgia","GA","Georgia","Columbia County","Evans","ZIP code"
"R_5Y0ownJQEByoiHL","92345","California","CA","California","San Bernardino County","Hesperia","ZIP code"
"R_3qLit0Sw6WmXJ0B","29566","South Carolina","SC","South Carolina","Horry County","Little River","ZIP code"
"R_3heRNfoP1NGNM4N","36277","Alabama","AL","Alabama","Calhoun County","Weaver","ZIP code"
"R_6uKCUhXuYOeHNQs","47403","Indiana","IN","Indiana","Monroe County","Bloomington","ZIP code"
"R_1RLcs9QIAjJshjP","07201","New Jersey","NJ","New Jersey","Union County","Elizabeth","ZIP code"
"R_5rUsINVSa4atkTs","22701","Virginia","VA","Virginia","Culpeper County","Culpeper","ZIP code"
"R_3HC9uixPt0w4Ya6","92236","California","CA","California","Riverside County","Coachella","ZIP code"
"R_5YPnPNv1lxCrI0h","60615","Illinois","IL","Illinois","Cook County","Chicago","ZIP code"
"R_7LFK3jk6fwUY5zk","97222","Oregon","OR","Oregon","Clackamas County","Portland","ZIP code"
"R_6sRL4XqQ4fDgZoS","26062","West Virginia","WV","West Virginia","Hancock County","Weirton","ZIP code"
"R_5R3hQDqttxZsmSv","21784","Maryland","MD","Maryland","Carroll County","Sykesville","ZIP code"
"R_5QhusvNTh3DocjV","39503","Mississippi","MS","Mississippi","Harrison County","Gulfport","ZIP code"
"R_6qEJR65VKjKXHzA","63601","Missouri","MO","Missouri","St. Francois County","Park Hills","ZIP code"
"R_1xM1SAS9pXzcEnA","29651","South Carolina","SC","South Carolina","Greenville County","Greer","ZIP code"
"R_5xRBq6W4EKZGmdU","43232","Ohio","OH","Ohio","Franklin County","Columbus","ZIP code"
"R_1MaIlMUqgv3qmh4","70119","Louisiana","LA","Louisiana","Orleans Parish","New Orleans","ZIP code"
"R_1HdAKVwvL2aTxpB","80239","Colorado","CO","Colorado","Denver County","Denver","ZIP code"
"R_7Td1CEctgS6oX1n","48912","Michigan","MI","Michigan","Ingham County","Lansing","ZIP code"
"R_1s60HlLTFIJ0S0q","95355","California","CA","California","Stanislaus County","Modesto","ZIP code"
"R_5bWrupOWAWkHkzB","38118","Tennessee","TN","Tennessee","Shelby County","Memphis","ZIP code"
"R_7VsdnmsBiodjgdy","49006","Michigan","MI","Michigan","Kalamazoo County","Kalamazoo","ZIP code"
"R_5CfiedqHqaVElVH","40324","Kentucky","KY","Kentucky","Scott County","Georgetown","ZIP code"
"R_5EFdWfJJYaGhM2j","77327","Texas","TX","Texas","Liberty County","Cleveland","ZIP code"
"R_53hnZ4xLcDdcMMN","92320","California","CA","California","Riverside County","Calimesa","ZIP code"
"R_5EjNvMNosLGWJwZ","32024","Florida","FL","Florida","Columbia County","Lake City","ZIP code"
"R_7qCbGmEyTFYCDp7","10453","New York","NY","New York","Bronx County","Bronx","ZIP code"
"R_5YLgfzbJSIVgPIM","48228","Michigan","MI","Michigan","Wayne County","Detroit","ZIP code"
"R_5wQTV0E0Xa75gZQ","75704","Texas","TX","Texas","Smith County","Tyler","ZIP code"
"R_5255ZAtrHbv7iQv","28806","North Carolina","NC","North Carolina","Buncombe County","Asheville","ZIP code"
"R_7qeNABIQdg5hhNi","06511","Connecticut","CT","Connecticut","New Haven County","New Haven","ZIP code"
"R_1wQrE0ibWepVUzb","11208","New York","NY","New York","Kings County","Brooklyn","ZIP code"
"R_1hybLEFWU3Xvy4O","35020","Alabama","AL","Alabama","Jefferson County","Bessemer","ZIP code"
"R_7PC2b1yLz828qge","17847","Pennsylvania","PA","Pennsylvania","Northumberland County","Milton","ZIP code"
"R_33ZY6L0akDulQkr","65616","Missouri","MO","Missouri","Taney County","Branson","ZIP code"
"R_1Ca7uGvtW5BspZp","92821","California","CA","California","Orange County","Brea","ZIP code"
"R_1BeZw6VAGpduwg7","92656","California","CA","California","Orange County","Aliso Viejo","ZIP code"
"R_3KGgkYuHtMy1NFn","95337","California","CA","California","San Joaquin County","Manteca","ZIP code"
"R_6ScbftqZcBWi61n","02368","Massachusetts","MA","Massachusetts","Norfolk County","Randolph","ZIP code"
"R_5pYdD2IfWl8lby1","97209","Oregon","OR","Oregon","Multnomah County","Portland","ZIP code"
"R_3W9W6jVK9wNxIQh","04401","Maine","ME","Maine","Penobscot County","Bangor","ZIP code"
"R_7eVT9jQQzprRCH6","70788","Louisiana","LA","Louisiana","Iberville Parish","White Castle","ZIP code"
"R_7mmB05q0RJfcguc","17042","Pennsylvania","PA","Pennsylvania","Lebanon County","Lebanon","ZIP code"
"R_35AfRH31fwarce5","92029","California","CA","California","San Diego County","Escondido","ZIP code"
"R_5HBHou0OAYwsa3v","61554","Illinois","IL","Illinois","Tazewell County","Pekin","ZIP code"
"R_5nHumBZfth0FaMA","29851","South Carolina","SC","South Carolina","Aiken County","Warrenville","ZIP code"
"R_5aWRSxagbMBWpsy","19343","Pennsylvania","PA","Pennsylvania","Chester County","Glenmoore","ZIP code"
"R_7eR8TEQYQY7jgjX","44471","Ohio","OH","Ohio","Mahoning County","Struthers","ZIP code"
"R_199AWhsT1Z6C7df","27886","North Carolina","NC","North Carolina","Edgecombe County","Tarboro","ZIP code"
"R_5lAngiRInXL4dQD","21001","Maryland","MD","Maryland","Harford County","Aberdeen","ZIP code"
"R_5fqyzMqGOy8qpGx","07006","New Jersey","NJ","New Jersey","Essex County","Caldwell","ZIP code"
"R_5AMgKhq7BR2SA25","60506","Illinois","IL","Illinois","Kane County","Aurora","ZIP code"
"R_7WNh1kVvNsQzUqd","91911","California","CA","California","San Diego County","Chula Vista","ZIP code"
"R_3SIXU9YrUzczPgP","75098","Texas","TX","Texas","Collin County","Wylie","ZIP code"
"R_1nq7xNSAhfZblj2","93004","California","CA","California","Ventura County","Ventura","ZIP code"
"R_1SxmpWejlqpx8T4","36117","Alabama","AL","Alabama","Montgomery County","Montgomery","ZIP code"
"R_5Olw0T6xEcLAjTP","47362","Indiana","IN","Indiana","Henry County","New Castle","ZIP code"
"R_5nOc8CHv30yRcmg","07003","New Jersey","NJ","New Jersey","Essex County","Bloomfield","ZIP code"
"R_7f0Ow3x5oD4OYDm","03042","New Hampshire","NH","New Hampshire","Rockingham County","Epping","ZIP code"
"R_7aWCeW846kDZ5ZR","22971","Virginia","VA","Virginia","Nelson County","Shipman","ZIP code"
"R_7mtKIuvToqRpAOJ","49601","Michigan","MI","Michigan","Wexford County","Cadillac","ZIP code"
"R_51XxvS3U8LInqJ8","78201","Texas","TX","Texas","Bexar County","San Antonio","ZIP code"
"R_1Ug3FWmnQB49cT3","29907","South Carolina","SC","South Carolina","Beaufort County","Ladys Island","ZIP code"
"R_5dF6cc2A7DB6yvh","60624","Illinois","IL","Illinois","Cook County","Chicago","ZIP code"
"R_5c7cpC12tO6ohZe","95945","California","CA","California","Nevada County","Grass Valley","ZIP code"
"R_5CazarP6EnXmvkJ","07726","New Jersey","NJ","New Jersey","Monmouth County","Englishtown","ZIP code"
"R_3DMZNYpXW0jNcTH","83713","Idaho","ID","Idaho","Ada County","Boise","ZIP code"
"R_7zu2nkQ3nZrIYpk","85138","Arizona","AZ","Arizona","Pinal County","Maricopa","ZIP code"
"R_6G7jqm8fYA5GHbf","42134","Kentucky","KY","Kentucky","Simpson County","Franklin","ZIP code"
"R_3ltwwUHry4yMMix","14218","New York","NY","New York","Erie County","Buffalo","ZIP code"
"R_3BvI4rgaOqT6nfz","77375","Texas","TX","Texas","Harris County","Tomball","ZIP code"
"R_5qlEb8ZybBoVhGK","95121","California","CA","California","Santa Clara County","San Jose","ZIP code"
"R_1imeQXEfwe2JOdX","77077","Texas","TX","Texas","Harris County","Houston","ZIP code"
"R_7jfkgBKeZbNBG1a","02116","Massachusetts","MA","Massachusetts","Suffolk County","Boston","ZIP code"
"R_50zG7epKHKJcznj","91364","California","CA","California","Los Angeles County","Woodland Hills","ZIP code"
"R_72seIyKSXOeoRyN","80640","Colorado","CO","Colorado","Adams County","Henderson","ZIP code"
"R_6Kdx2UHwZqQVwtt","94304","California","CA","California","Santa Clara County","Palo Alto","ZIP code"
"R_7jo72AL1qBajPTr","84302","Utah","UT","Utah","Box Elder County","Brigham City","ZIP code"
"R_5sB73lBZ3VIy9fb","11221","New York","NY","New York","Kings County","Brooklyn","ZIP code"
"R_1UL1BOTLjJwuD5v","95628","California","CA","California","Sacramento County","Fair Oaks","ZIP code"
"R_6weRgH16klSt7vH","97709","Oregon","OR","Oregon","Deschutes County","Bend","ZIP code"
"R_1eR9X8bNB3s5VOa","02128","Massachusetts","MA","Massachusetts","Suffolk County","Boston","ZIP code"
"R_1cvc0bUqtTVOx71","11216","New York","NY","New York","Kings County","Brooklyn","ZIP code"
"R_7HvsDpYb0kTourv","36695","Alabama","AL","Alabama","Mobile County","Mobile","ZIP code"
"R_6xN2Uo1WcpYx3oJ","90012","California","CA","California","Los Angeles County","Los Angeles","ZIP code"
"R_61n0oQH0zS9owq3","90001","California","CA","California","Los Angeles County","Los Angeles","ZIP code"
"R_5zJi1o15A6uRwW2","44406","Ohio","OH","Ohio","Mahoning County","Canfield","ZIP code"
"R_5doQm8PS9Gnk895","44425","Ohio","OH","Ohio","Trumbull County","Hubbard","ZIP code"
"R_3KtWcVFOqgJPcvT","29209","South Carolina","SC","South Carolina","Richland County","Columbia","ZIP code"
"R_6PnksbVvdvebpxU","07830","New Jersey","NJ","New Jersey","Hunterdon County","Califon","ZIP code"
"R_5e3n69x8vVAr4X3","75043","Texas","TX","Texas","Dallas County","Garland","ZIP code"
"R_7f3iBy1Lc7gujTn","21237","Massachusetts","MD","Maryland","Baltimore County","Rosedale","ZIP code"
"R_1hIkMxDPPZfOopP","10016","New York","NY","New York","New York County","New York","ZIP code"
"R_1qmCX6neg55rHwF","61878","Illinois","IL","Illinois","Champaign County","Thomasboro","ZIP code"
"R_7n7U4dO7QNFbueJ","29210","South Carolina","SC","South Carolina","Richland County","Columbia","ZIP code"
"R_67dpO3cqMw5GRFv","10461","New York","NY","New York","Bronx County","Bronx","ZIP code"
"R_6DG6veIHwDFmItT","40440","Kentucky","KY","Kentucky","Boyle County","Junction City","ZIP code"
"R_78kQomdNU7CW15T","60513","Illinois","IL","Illinois","Cook County","Brookfield","ZIP code"
"R_316GUav2qCHTRci","08401","New Jersey","NJ","New Jersey","Atlantic County","Atlantic City","ZIP code"
"R_6ZJ6AHGoU5K7FAG","71203","Louisiana","LA","Louisiana","Ouachita Parish","Monroe","ZIP code"
"R_7NwWVt9l1ldJdjM","10930","New York","NY","New York","Orange County","Highland Mills","ZIP code"
"R_7fxXVmJlBwedRxh","68154","Nebraska","NE","Nebraska","Douglas County","Omaha","ZIP code"
"R_61bVL6T5yQA0889","23464","Virginia","VA","Virginia","Virginia Beach city","Virginia Beach","ZIP code"
"R_1KroBNOLfMnNJ65","02127","Massachusetts","MA","Massachusetts","Suffolk County","Boston","ZIP code"
"R_7XsuMDHV7EaHNdL","36532","Alabama","AL","Alabama","Baldwin County","Fairhope","ZIP code"
"R_1f2pWdYriDooygl","31072","Georgia","GA","Georgia","Wilcox County","Pitts","ZIP code"
"R_72XsXyLsjBeVYFu","32811","Florida","FL","Florida","Orange County","Orlando","ZIP code"
"R_5LS5ttfO92DdyvW","27028","North Carolina","NC","North Carolina","Davie County","Mocksville","ZIP code"
"R_648g11j8aTLYVI8","10456","New York","NY","New York","Bronx County","Bronx","ZIP code"
"R_5P6HWjqJ3KfRqO0","08002","New Jersey","NJ","New Jersey","Camden County","Cherry Hill","ZIP code"
"R_1XXdO6VbQdBUF6p","73071","Oklahoma","OK","Oklahoma","Cleveland County","Norman","ZIP code"
"R_3Yzg26zZM947G7D","38863","Mississippi","MS","Mississippi","Pontotoc County","Pontotoc","ZIP code"
"R_7EohcU0W4FTI88r","14530","New York","NY","New York","Wyoming County","Perry","ZIP code"
"R_7jDzAyRC5kj9zH3","79938","Texas","TX","Texas","El Paso County","El Paso","ZIP code"
"R_7PocPY44DNN8yh5","53212","Wisconsin","WI","Wisconsin","Milwaukee County","Milwaukee","ZIP code"
"R_1Bl0IGOV4LMY7el","80526","Colorado","CO","Colorado","Larimer County","Fort Collins","ZIP code"
"R_3HKYOs9aWqH6Ehz","10310","New York","NY","New York","Richmond County","Staten Island","ZIP code"
"R_5dX0oT3U38AQL0w","45103","Ohio","OH","Ohio","Clermont County","Batavia","ZIP code"
"R_5JQqbTVDTQI8alz","16502","Pennsylvania","PA","Pennsylvania","Erie County","Erie","ZIP code"
"R_6JkGAkMfnkjvDGF","38478","Tennessee","TN","Tennessee","Giles County","Pulaski","ZIP code"
"R_5gRXIpZEc2xblNT","95811","California","CA","California","Sacramento County","Sacramento","ZIP code"
"R_6WZo410ZrmOMVqd","90001","California","CA","California","Los Angeles County","Los Angeles","ZIP code"
"R_3GOTrzDszSPPfMJ","27583","North Carolina","NC","North Carolina","Person County","Timberlake","ZIP code"
"R_7xEvcZo0dJJYCt6","87109","New Mexico","NM","New Mexico","Bernalillo County","Albuquerque","ZIP code"
"R_5OeRcABk0uvtVfb","30830","Georgia","GA","Georgia","Burke County","Waynesboro","ZIP code"
"R_1qleFuc609vy9Ir","33909","Florida","FL","Florida","Lee County","Cape Coral","ZIP code"
"R_1a9aPB9vclzDfkT","54313","Wisconsin","WI","Wisconsin","Brown County","Green Bay","ZIP code"
"R_1JV1ixYbVhabesi","12159","New York","NY","New York","Albany County","Slingerlands","ZIP code"
"R_7jW6sR2l0Xei94l","14622","New York","NY","New York","Monroe County","Rochester","ZIP code"
"R_3rOypStEtbIoe6l","77044","Texas","TX","Texas","Harris County","Houston","ZIP code"
"R_7KTTlLAcReeFEtj","33617","Florida","FL","Florida","Hillsborough County","Tampa","ZIP code"
"R_5NFj0QzxxJhSVC7","06333","Connecticut","CT","Connecticut","New London County","East Lyme","ZIP code"
"R_5PEHEqtVyI0Xvz3","98516","Washington","WA","Washington","Thurston County","Olympia","ZIP code"
"R_6jwiADjfPog0wXO","39213","Mississippi","MS","Mississippi","Hinds County","Jackson","ZIP code"
"R_3CUiRwVnHOyVNqm","75217","Texas","TX","Texas","Dallas County","Dallas","ZIP code"
"R_37I58uaS00RmBxH","92056","California","CA","California","San Diego County","Oceanside","ZIP code"
"R_500FsDsYIT4M91Q","98661","Washington","WA","Washington","Clark County","Vancouver","ZIP code"
"R_3RGykuy0FmSFprr","97701","Oregon","OR","Oregon","Deschutes County","Bend","ZIP code"
"R_7d6pXHm80co3Ug8","99027","Washington","WA","Washington","Spokane County","Otis Orchards","ZIP code"
"R_3LzIdkT0CXSSKSb","75219","Texas","TX","Texas","Dallas County","Dallas","ZIP code"
"R_3S9nTG1ojAIlBfy","32177","Florida","FL","Florida","Putnam County","Palatka","ZIP code"
"R_39TlowXo2Cf6kZb","43123","Ohio","OH","Ohio","Franklin County","Grove City","ZIP code"
"R_3SwdRn5Lbbd8NCL","77024","Texas","TX","Texas","Harris County","Houston","ZIP code"
"R_5pE6jmhrUnNQ5dI","22043","Virginia","VA","Virginia","Fairfax County","Falls Church","ZIP code"
"R_1CBAX1YKNpZ53sZ","19504","Pennsylvania","PA","Pennsylvania","Berks County","Barto","ZIP code"
"R_7JW14L2XrrkffZT","75002","Texas","TX","Texas","Collin County","Allen","ZIP code"
"R_32Dl1BvA6WKvfLz","93060","California","CA","California","Ventura County","Santa Paula","ZIP code"
"R_3NygooAyOs3ryUN","91711","California","CA","California","Los Angeles County","Claremont","ZIP code"
"R_68Tv6ICcZvCY42R","53188","Wisconsin","WI","Wisconsin","Waukesha County","Waukesha","ZIP code"
"R_5cuDtpel1D1u1LX","93619","California","CA","California","Fresno County","Clovis","ZIP code"
"R_6cikEhrp4a7oHbv","63130","Missouri","MO","Missouri","St. Louis County","Saint Louis","ZIP code"
"R_6fcnYce35KlFyVw","63901","Missouri","MO","Missouri","Butler County","Poplar Bluff","ZIP code"
"R_3KlEzo5fMC87GXx","25625","West Virginia","WV","West Virginia","Logan County","Holden","ZIP code"
"R_30oWk37pZEzLwuF","32034","Florida","FL","Florida","Nassau County","Fernandina Beach","ZIP code"
"R_5eXP9btCPj5vC3G","35576","Alabama","AL","Alabama","Lamar County","Millport","ZIP code"
"R_7zir7MpMGJ53sNo","11226","New York","NY","New York","Kings County","Brooklyn","ZIP code"
"R_7CN6eF7TqXu3bgJ","37015","Tennessee","TN","Tennessee","Cheatham County","Ashland City","ZIP code"
"R_56ZKirFDBrJaMVP","92139","California","CA","California","San Diego County","San Diego","ZIP code"
"R_1OCOLmKq6ZpcDCq","85345","Arizona","AZ","Arizona","Maricopa County","Peoria","ZIP code"
"R_1dh8sb9GbjGgatz","32821","Florida","FL","Florida","Orange County","Orlando","ZIP code"
"R_7q8xjSMBAXLWEdK","44484","Ohio","OH","Ohio","Trumbull County","Warren","ZIP code"
"R_5hNoZaIl6CtFwNe","32256","Florida","FL","Florida","Duval County","Jacksonville","ZIP code"
"R_7uR0hlQIWpgfgN4","20002","District of Columbia","DC","District of Columbia","District of Columbia","Washington","ZIP code"
"R_7YtEiCpbBzyT695","66604","Kansas","KS","Kansas","Shawnee County","Topeka","ZIP code"
"R_5NUiGQGoDLl9XAl","33136","Florida","FL","Florida","Miami-Dade County","Miami","ZIP code"
"R_3GV4R1rsyNkkOdR","70805","Louisiana","LA","Louisiana","East Baton Rouge Parish","Baton Rouge","ZIP code"
"R_5diLYMWl3QTVCIV","49015","Michigan","MI","Michigan","Calhoun County","Battle Creek","ZIP code"
"R_5E8cJUFGmEQCWSl","75068","Texas","TX","Texas","Denton County","Little Elm","ZIP code"
"R_3ydz75EeNvPCmVp","44714","Ohio","OH","Ohio","Stark County","Canton","ZIP code"
"R_7hLHE9n1SKCNqFP","82609","Wyoming","WY","Wyoming","Natrona County","Casper","ZIP code"
"R_5Myevn59GuY778S","10040","New York","NY","New York","New York County","New York","ZIP code"
"R_33dasdkF3vm9i6x","33596","Florida","FL","Florida","Hillsborough County","Valrico","ZIP code"
"R_6ke78Rbo2QOEiI1","21230","Maryland","MD","Maryland","Baltimore city","Baltimore","ZIP code"
"R_3GuGsafJDRFWLPH","66061","Kansas","KS","Kansas","Johnson County","Olathe","ZIP code"
"R_7QyiXlk1Cn5LBFk","07111","Pennsylvania","NJ","New Jersey","Essex County","Irvington","ZIP code"
"R_77V9UhtJDVgezyD","60188","Illinois","IL","Illinois","DuPage County","Carol Stream","ZIP code"
"R_60Gg9jW0CGPVJyf","32828","Florida","FL","Florida","Orange County","Orlando","ZIP code"
"R_3zcxIZIHQT2HqfL","55416","Minnesota","MN","Minnesota","Hennepin County","Minneapolis","ZIP code"
"R_64AgRm9HG1T9x4t","33511","Florida","FL","Florida","Hillsborough County","Brandon","ZIP code"
"R_5QGkHwiijtfxH6Z","50616","Iowa","IA","Iowa","Floyd County","Charles City","ZIP code"
"R_3lVXnOz4hIDukGl","34737","Florida","FL","Florida","Lake County","Howey In The Hills","ZIP code"
"R_5bOdTVINRtENBcs","11219","New York","NY","New York","Kings County","Brooklyn","ZIP code"
"R_3qXsTHqZT16QkRS","75070","Texas","TX","Texas","Collin County","Mckinney","ZIP code"
"R_3aQNViGeHl6t9OO","33540","Florida","FL","Florida","Pasco County","Zephyrhills","ZIP code"
"R_1fBLiqVSuT4gcbP","27896","North Carolina","NC","North Carolina","Wilson County","Wilson","ZIP code"
"R_1EL7HwMZBZ7g0pK","06511","Connecticut","CT","Connecticut","New Haven County","New Haven","ZIP code"
"R_6f8ktW0nXCKVqDB","11224","New York","NY","New York","Kings County","Brooklyn","ZIP code"
"R_7HpmFQIB2zNYSN8","27910","North Carolina","NC","North Carolina","Hertford County","Ahoskie","ZIP code"
"R_1j9r8iFYCJNDAks","12303","New York","NY","New York","Schenectady County","Schenectady","ZIP code"
"R_1dLqlrLWwdNS5B7","78130","Texas","TX","Texas","Comal County","New Braunfels","ZIP code"
"R_1zTQEFJshdBb9IZ","30044","Georgia","GA","Georgia","Gwinnett County","Lawrenceville","ZIP code"
"R_3q2z9RHUyR5wCTq","80241","Colorado","CO","Colorado","Adams County","Thornton","ZIP code"
"R_7HboUqZ3RxuuRGw","48124","Michigan","MI","Michigan","Wayne County","Dearborn","ZIP code"
"R_5fqHnXwI1VD5U44","55947","Minnesota","MN","Minnesota","Houston County","La Crescent","ZIP code"
"R_7ozkVfQfVbHVQga","35976","Alabama","AL","Alabama","Marshall County","Guntersville","ZIP code"
"R_7dMq0vso5Orlmel","66103","Kansas","KS","Kansas","Wyandotte County","Kansas City","ZIP code"
"R_63EAPIeTMMCK98t","33907","Florida","FL","Florida","Lee County","Fort Myers","ZIP code"
"R_3U1BocTktSx120h","78642","Texas","TX","Texas","Williamson County","Liberty Hill","ZIP code"
"R_1MhrYXB6uYp46da","72576","Arkansas","AR","Arkansas","Fulton County","Salem","ZIP code"
"R_3TTnwlS3QzDhhT3","62413","Illinois","IL","Illinois","Crawford County","Annapolis","ZIP code"
"R_5V4M4vHvwq6PxTs","60453","Illinois","IL","Illinois","Cook County","Oak Lawn","ZIP code"
"R_5Kg9fXFPH4aZG2b","90803","California","CA","California","Los Angeles County","Long Beach","ZIP code"
"R_73SH92OxcVV01Ql","85202","Arizona","AZ","Arizona","Maricopa County","Mesa","ZIP code"
"R_6f8EhQnROGps0qt","06708","Connecticut","CT","Connecticut","New Haven County","Waterbury","ZIP code"
"R_3PujYoALuVHF445","32440","Florida","FL","Florida","Jackson County","Graceville","ZIP code"
"R_7kCafuoTmamkMZB","25801","West Virginia","WV","West Virginia","Raleigh County","Beckley","ZIP code"
"R_6pnBQGg83fNjqpb","46072","Indiana","IN","Indiana","Tipton County","Tipton","ZIP code"
"R_3GNeSBrwkKUoA7a","46176","Indiana","IN","Indiana","Shelby County","Shelbyville","ZIP code"
"R_523mlPRUysd8i6p","90715","California","CA","California","Los Angeles County","Lakewood","ZIP code"
"R_5qxTBfKuSwaRNew","56334","Minnesota","MN","Minnesota","Pope County","Glenwood","ZIP code"
"R_3ZQtbHNrgqdG3Lm","48237","Michigan","MI","Michigan","Oakland County","Oak Park","ZIP code"
"R_5E7ihePwRri85Qy","53221","Wisconsin","WI","Wisconsin","Milwaukee County","Milwaukee","ZIP code"
"R_5aW75qCPUVBFHdH","02445","Massachusetts","MA","Massachusetts","Norfolk County","Brookline","ZIP code"
"R_5W5rae4j4fbnIm5","35811","Alabama","AL","Alabama","Madison County","Huntsville","ZIP code"
"R_30SkQsF6Lzb8OT8","43230","Ohio","OH","Ohio","Franklin County","Columbus","ZIP code"
"R_7fT4g6QZXABQzLM","75501","Texas","TX","Texas","Bowie County","Texarkana","ZIP code"
"R_6iJAIjerJszTsZJ","78539","Texas","TX","Texas","Hidalgo County","Edinburg","ZIP code"
"R_7gAOEogEcBkUtGv","49855","Michigan","MI","Michigan","Marquette County","Marquette","ZIP code"
"R_5fVtnPj9NJiMLOf","21133","Maryland","MD","Maryland","Baltimore County","Randallstown","ZIP code"
"R_30uCfLO062evU6B","76511","Texas","TX","Texas","Williamson County","Bartlett","ZIP code"
"R_6irjQ7JNq3xHbpu","49442","Michigan","MI","Michigan","Muskegon County","Muskegon","ZIP code"
"R_5dLtwaEu7hkd5XZ","85001","Arizona","AZ","Arizona","Maricopa County","Phoenix","ZIP code"
"R_1JbiiOeR2GIfeJm","83704","Idaho","ID","Idaho","Ada County","Boise","ZIP code"
"R_54OBw2y9LSYLKIR","70807","Louisiana","LA","Louisiana","East Baton Rouge Parish","Baton Rouge","ZIP code"
"R_6s6QQ6nnOxdic98","08052","New Jersey","NJ","New Jersey","Burlington County","Maple Shade","ZIP code"
"R_6y0jKRNy1uj4DuN","46254","Indiana","IN","Indiana","Marion County","Indianapolis","ZIP code"
"R_5hupwuRgeBifYZL","83814","Idaho","ID","Idaho","Kootenai County","Coeur D Alene","ZIP code"
"R_3lxZfaCzYmdvZpC","27298","North Carolina","NC","North Carolina","Randolph County","Liberty","ZIP code"
"R_5SJLYffJzsNn28I","37617","Tennessee","TN","Tennessee","Sullivan County","Blountville","ZIP code"
"R_7qQDpWMzJYVIAAW","98513","Washington","WA","Washington","Thurston County","Olympia","ZIP code"
"R_7Pc1zEeS3b58Cvt","46013","Indiana","IN","Indiana","Madison County","Anderson","ZIP code"
"R_54nPrXSJs92t86g","70503","Louisiana","LA","Louisiana","Lafayette Parish","Lafayette","ZIP code"
"R_1Jf8UCiW70Q1kdP","44321","Ohio","OH","Ohio","Summit County","Akron","ZIP code"
"R_56974uGR1rAsr61","31206","Georgia","GA","Georgia","Bibb County","Macon","ZIP code"
"R_1R2zQBRkfsvCXKr","75034","Texas","TX","Texas","Denton County","Frisco","ZIP code"
"R_3o1h2eTx7oegtc6","72601","Arkansas","AR","Arkansas","Boone County","Harrison","ZIP code"
"R_10hE9qZXiadIz84","30180","Georgia","GA","Georgia","Carroll County","Villa Rica","ZIP code"
"R_7rN0oToVF5wK3tf","21047","Maryland","MD","Maryland","Harford County","Fallston","ZIP code"
"R_1irOksjMmj09YqM","63118","Missouri","MO","Missouri","St. Louis city","Saint Louis","ZIP code"
"R_1hgyZogsGwQIIhL","34744","Florida","FL","Florida","Osceola County","Kissimmee","ZIP code"
"R_6I3uBVGPUCWfZAd","30291","Georgia","GA","Georgia","Fulton County","Union City","ZIP code"
"R_12li5nVD53UZfzH","79423","Texas","TX","Texas","Lubbock County","Lubbock","ZIP code"
"R_6OqziixbghATEvh","34953","Florida","FL","Florida","St. Lucie County","Port Saint Lucie","ZIP code"
"R_6MVgXNNdbsYp8s1","73139","Oklahoma","OK","Oklahoma","Oklahoma County","Oklahoma City","ZIP code"
"R_3Xp12g7AatpGVuB","90250","California","CA","California","Los Angeles County","Hawthorne","ZIP code"
"R_3aKhSyVq0IbP201","02035","Massachusetts","MA","Massachusetts","Norfolk County","Foxboro","ZIP code"
"R_3t1vJFc4pGunwRz","71360","Louisiana","LA","Louisiana","Rapides Parish","Pineville","ZIP code"
"R_3zytAFCKOIWu7Zf","12047","New York","NY","New York","Albany County","Cohoes","ZIP code"
"R_1653oViIag9lTTb","61265","Illinois","IL","Illinois","Rock Island County","Moline","ZIP code"
"R_3tSHa4O2f4NjsPv","95355","California","CA","California","Stanislaus County","Modesto","ZIP code"
"R_74ZNyGRBwFGji81","89084","Nevada","NV","Nevada","Clark County","North Las Vegas","ZIP code"
"R_3ouL7611O4LjRTc","63033","Missouri","MO","Missouri","St. Louis County","Florissant","ZIP code"
"R_3r8SuP1vcMqR7xf","27858","North Carolina","NC","North Carolina","Pitt County","Greenville","ZIP code"
"R_7roz4FZstqsrOiE","98391","Washington","WA","Washington","Pierce County","Bonney Lake","ZIP code"
"R_6xM21JgcFNItFqP","63116","Missouri","MO","Missouri","St. Louis city","Saint Louis","ZIP code"
"R_7S921XZNsyZUPK4","36375","Alabama","AL","Alabama","Geneva County","Slocomb","ZIP code"
"R_1eqKfP34Ornkk0J","95835","California","CA","California","Sacramento County","Sacramento","ZIP code"
"R_6qTULTYKATNsmU4","48152","Michigan","MI","Michigan","Wayne County","Livonia","ZIP code"
"R_7vhQs6LqnSiDrOL","38118","Tennessee","TN","Tennessee","Shelby County","Memphis","ZIP code"
"R_6cZF8qDbcEy2WyB","75060","Texas","TX","Texas","Dallas County","Irving","ZIP code"
"R_7P7rM6DjI14fXmu","35211","Alabama","AL","Alabama","Jefferson County","Birmingham","ZIP code"
"R_5j8NPbI3zeyH380","46970","Indiana","IN","Indiana","Miami County","Peru","ZIP code"
"R_7q9jYCLc7pMJRc6","87110","New Mexico","NM","New Mexico","Bernalillo County","Albuquerque","ZIP code"
"R_1eJd8QpIoUSzLMR","45891","Ohio","OH","Ohio","Van Wert County","Van Wert","ZIP code"
"R_7fPjtOTzB82U8vv","33409","Florida","FL","Florida","Palm Beach County","West Palm Beach","ZIP code"
"R_6k2lUWP7YLmZl3T","31906","Georgia","GA","Georgia","Muscogee County","Columbus","ZIP code"
"R_7JdHeq9qNcZ5ikp","92807","California","CA","California","Orange County","Anaheim","ZIP code"
"R_1Ke6clVuzJGvZVS","32825","Florida","FL","Florida","Orange County","Orlando","ZIP code"
"R_7jvVWL61Gr86WoF","48328","Michigan","MI","Michigan","Oakland County","Waterford","ZIP code"
"R_1wn27F2a0DL5Q68","95119","California","CA","California","Santa Clara County","San Jose","ZIP code"
"R_7dMEy37cAL7arQh","29164","South Carolina","SC","South Carolina","Aiken County","Wagener","ZIP code"
"R_76uH3lYbId97BEB","85140","Arizona","AZ","Arizona","Pinal County","San Tan Valley","ZIP code"
"R_6Mw1bq7P7EGh2dr","32803","Florida","FL","Florida","Orange County","Orlando","ZIP code"
"R_5o5sjegFFmFkKpr","98270","Washington","WA","Washington","Snohomish County","Marysville","ZIP code"
"R_5ohqhicMvh74SfT","77494","Texas","TX","Texas","Fort Bend County","Katy","ZIP code"
"R_77WedF45xdBPM09","48441","Michigan","MI","Michigan","Huron County","Harbor Beach","ZIP code"
"R_6tcbdMtMaa2tB9Y","47802","Indiana","IN","Indiana","Vigo County","Terre Haute","ZIP code"
"R_6dnSVZNX9PbD68i","60503","Illinois","IL","Illinois","Will County","Aurora","ZIP code"
"R_57p1qgbOrVpBnUL","60607","Illinois","IL","Illinois","Cook County","Chicago","ZIP code"
"R_1oBwiF68z8IQTnn","84604","Utah","UT","Utah","Utah County","Provo","ZIP code"
"R_7vS110Q6zeYknO9","55396","Minnesota","MN","Minnesota","Sibley County","Winthrop","ZIP code"
"R_3KycQ77BGxqT8XP","67217","Kansas","KS","Kansas","Sedgwick County","Wichita","ZIP code"
"R_5cSNhnKna8rXGAt","60440","Illinois","IL","Illinois","Will County","Bolingbrook","ZIP code"
"R_1n0r5mCkWwRZyDo","84020","Utah","UT","Utah","Salt Lake County","Draper","ZIP code"
"R_5EYYlxJBVAzkeaJ","35619","Alabama","AL","Alabama","Morgan County","Danville","ZIP code"
"R_5EbR2xdvtYK0C0g","99326","Washington","WA","Washington","Franklin County","Connell","ZIP code"
"R_66go97jXClC7Mm3","54156","Wisconsin","WI","Wisconsin","Marinette County","Pembine","ZIP code"
"R_7FhUHhTiCPbhRUR","45895","Ohio","OH","Ohio","Auglaize County","Wapakoneta","ZIP code"
"R_3KUcnRO2DLRGsHn","97355","Oregon","OR","Oregon","Linn County","Lebanon","ZIP code"
"R_1gGXycZwMpnCFX5","60473","Illinois","IL","Illinois","Cook County","South Holland","ZIP code"
"R_54paf7nwvJWwuM9","19120","Pennsylvania","PA","Pennsylvania","Philadelphia County","Philadelphia","ZIP code"
"R_124upwFzdJ4gtJz","49203","Michigan","MI","Michigan","Jackson County","Jackson","ZIP code"
"R_5u3uuMCJDPeiMb7","17701","Pennsylvania","PA","Pennsylvania","Lycoming County","Williamsport","ZIP code"
"R_7p2SfGNWcnyzSey","24614","Virginia","VA","Virginia","Buchanan County","Grundy","ZIP code"
"R_7CkcEZKjFEkAcC8","39532","Mississippi","MS","Mississippi","Harrison County","Biloxi","ZIP code"
"R_53NxxWA8NCc0iFH","10314","New York","NY","New York","Richmond County","Staten Island","ZIP code"
"R_3O2hMw9iAtfelg7","77362","Texas","TX","Texas","Montgomery County","Pinehurst","ZIP code"
"R_1ESTGnUemD1A7LK","10027","New York","NY","New York","New York County","New York","ZIP code"
"R_6D22MY1gVtprCm8","15147","Pennsylvania","PA","Pennsylvania","Allegheny County","Verona","ZIP code"
"R_3ZHPmAhPYGONzSF","76105","Texas","TX","Texas","Tarrant County","Fort Worth","ZIP code"
"R_6NTYak2Z8HwNKM2","36266","Alabama","AL","Alabama","Clay County","Lineville","ZIP code"
"R_72hESwY2Wcn4iXN","89011","Nevada","NV","Nevada","Clark County","Henderson","ZIP code"
"R_7xDdBkZ2NYFP5M1","24016","Virginia","VA","Virginia","Roanoke city","Roanoke","ZIP code"
"R_1e4DOTRURgCBuI7","39083","Mississippi","MS","Mississippi","Copiah County","Hazlehurst","ZIP code"
"R_5VOzkDFfUemhf3y","14141","New York","NY","New York","Erie County","Springville","ZIP code"
"R_6nugplNNTEOv1tL","33063","Florida","FL","Florida","Broward County","Pompano Beach","ZIP code"
"R_6JP0BKZVeEo6kVV","01843","Massachusetts","MA","Massachusetts","Essex County","Lawrence","ZIP code"
"R_7l3GQZvBqBNVULw","73112","Oklahoma","OK","Oklahoma","Oklahoma County","Oklahoma City","ZIP code"
"R_1yRbKG7eRqYgfWp","52732","Iowa","IA","Iowa","Clinton County","Clinton","ZIP code"
"R_12nHGoWD9dRMfZV","19145","Pennsylvania","PA","Pennsylvania","Philadelphia County","Philadelphia","ZIP code"
"R_7kGXA46TaTOxBV7","48726","Michigan","MI","Michigan","Tuscola County","Cass City","ZIP code"
"R_3oRfnxQetQ1gIrd","77340","Texas","TX","Texas","Walker County","Huntsville","ZIP code"
"R_6z7TgrZqFz6DoNv","44134","Ohio","OH","Ohio","Cuyahoga County","Cleveland","ZIP code"
"R_7spSYVoh9Js8KpX","25855","West Virginia","WV","West Virginia","Fayette County","Hilltop","ZIP code"
"R_5Rs8vZNTv96Gt1V","29379","South Carolina","SC","South Carolina","Union County","Union","ZIP code"
"R_3n9SNPcpOaUX0SB","33604","Florida","FL","Florida","Hillsborough County","Tampa","ZIP code"
"R_5PXi17gWsUcdu5t","80550","Colorado","CO","Colorado","Weld County","Windsor","ZIP code"
"R_3ZAE0ZXdhnJk6yZ","42431","Kentucky","KY","Kentucky","Hopkins County","Madisonville","ZIP code"
"R_3Jw1IlfnCeEOZqD","95482","California","CA","California","Mendocino County","Ukiah","ZIP code"
"R_1WxpEVXrSFoOhVV","64012","Missouri","MO","Missouri","Cass County","Belton","ZIP code"
"R_3kNbLGPLtfbHswC","59758","Montana","MT","Montana","Gallatin County","West Yellowstone","ZIP code"
"R_3pLwzl6qTwOWwLg","98338","Washington","WA","Washington","Pierce County","Graham","ZIP code"
"R_1L6xtYdWMx0dFFW","35757","Alabama","AL","Alabama","Madison County","Madison","ZIP code"
"R_1tck2njinVwTgit","19026","Pennsylvania","PA","Pennsylvania","Delaware County","Drexel Hill","ZIP code"
"R_6VmvjBlYcMUKhax","85040","Arizona","AZ","Arizona","Maricopa County","Phoenix","ZIP code"
"R_1CDUop4Nv6ZMbmt","18235","Pennsylvania","PA","Pennsylvania","Carbon County","Lehighton","ZIP code"
"R_6DRXcU9jLSioDWv","21207","Maryland","MD","Maryland","Baltimore County","Gwynn Oak","ZIP code"
"R_3Vgx5nUtjJfEg3j","60085","Illinois","IL","Illinois","Lake County","Waukegan","ZIP code"
"R_7sMqnSaKgGPdxn3","37115","Tennessee","TN","Tennessee","Davidson County","Madison","ZIP code"
"R_6lhR9P4sxEmKr8l","92583","California","CA","California","Riverside County","San Jacinto","ZIP code"
"R_1qganouq1K9U9sF","93637","California","CA","California","Madera County","Madera","ZIP code"
"R_1mgBCiuQ9rHJuzq","43527","Ohio","OH","Ohio","Henry County","Holgate","ZIP code"
"R_3Eab5BkUlnlMrlD","93705","California","CA","California","Fresno County","Fresno","ZIP code"
"R_5hDSvhhtUuWkHHs","60062","Illinois","IL","Illinois","Cook County","Northbrook","ZIP code"
"R_11XEamyOBSQ5z69","13323","New York","NY","New York","Oneida County","Clinton","ZIP code"
"R_1FJwq7f1BoZBfPS","95407","California","CA","California","Sonoma County","Santa Rosa","ZIP code"
"R_18GxY03MEk4s1cS","77060","Texas","TX","Texas","Harris County","Houston","ZIP code"
"R_5ZV0ki5AqHB0BpO","02112","Massachusetts","MA","Massachusetts","Suffolk County","Boston","ZIP code"
"R_1f6US2qun8Y3Ruv","88201","New Mexico","NM","New Mexico","Chaves County","Roswell","ZIP code"
"R_1ssSS7FaJstc52W","35212","Alabama","AL","Alabama","Jefferson County","Birmingham","ZIP code"
"R_7rJRakaRj8ChZCJ","07306","New Jersey","NJ","New Jersey","Hudson County","Jersey City","ZIP code"
"R_6wdFpT7hxqtwvis","91702","California","CA","California","Los Angeles County","Azusa","ZIP code"
"R_1HqSD0xoR7SMQYw","30076","Georgia","GA","Georgia","Fulton County","Roswell","ZIP code"
"R_7dQwCCTKCMHgLvJ","40360","Kentucky","KY","Kentucky","Bath County","Owingsville","ZIP code"
"R_7PqamXgc07a13Tl","15104","Pennsylvania","PA","Pennsylvania","Allegheny County","Braddock","ZIP code"
"R_3YslJHhDKvF4uZI","24277","Virginia","VA","Virginia","Lee County","Pennington Gap","ZIP code"
"R_1K3C2A5EYtK5shP","15010","Pennsylvania","PA","Pennsylvania","Beaver County","Beaver Falls","ZIP code"
"R_710tCeFSKKBbAtE","73008","Oklahoma","OK","Oklahoma","Oklahoma County","Bethany","ZIP code"
"R_3zIn0leRuRat0kz","24706","Virginia","WV","West Virginia",,,"ZIP prefix"
"R_1811pidDQbbTC3T","85009","Arizona","AZ","Arizona","Maricopa County","Phoenix","ZIP code"
"R_7zciEyNYQymPDeE","11221","New York","NY","New York","Kings County","Brooklyn","ZIP code"
"R_5fVKe8YX4MYPB08","21227","Maryland","MD","Maryland","Baltimore County","Halethorpe","ZIP code"
"R_5vjsmxQXWnWPTBp","90003","California","CA","California","Los Angeles County","Los Angeles","ZIP code"
"R_1muhIQzjNNOOnNT","29720","South Carolina","SC","South Carolina","Lancaster County","Lancaster","ZIP code"
"R_3LBsLxmVcJQHfvr","36264","Alabama","AL","Alabama","Cleburne County","Heflin","ZIP code"
"R_574W0h6VetTkfSx","48529","Michigan","MI","Michigan","Genesee County","Burton","ZIP code"
"R_5YRP4BBwohUu40v","30705","Georgia","GA","Georgia","Murray County","Chatsworth","ZIP code"
"R_7MFFvOjywAFWNzF","03431","New Hampshire","NH","New Hampshire","Cheshire County","Keene","ZIP code"
"R_164tWHHzCU6eYMx","76541","Texas","TX","Texas","Bell County","Killeen","ZIP code"
"R_3lfWWGiSRbkC7Zn","48074","Michigan","MI","Michigan","St. Clair County","Smiths Creek","ZIP code"
"R_61wnOPcFIuQ4Exz","43701","Ohio","OH","Ohio","Muskingum County","Zanesville","ZIP code"
"R_7gZ3IXSN4V9T9RX","27592","North Carolina","NC","North Carolina","Wake County","Willow Spring","ZIP code"
"R_3ve4Hj15s1f2w7L","90012","California","CA","California","Los Angeles County","Los Angeles","ZIP code"
"R_5iPKlGBTQ97ZF8B","33850","Florida","FL","Florida","Polk County","Lake Alfred","ZIP code"
"R_51aqUuAy1UzER86","70514","Louisiana","LA","Louisiana","St. Mary Parish","Baldwin","ZIP code"
"R_1Cs6rsr1e25Ab6f","33612","Florida","FL","Florida","Hillsborough County","Tampa","ZIP code"
"R_6Li56Ky3MFDg4xf","45030","Ohio","OH","Ohio","Hamilton County","Harrison","ZIP code"
"R_7NwQt7BXMmuoPJf","30315","Georgia","GA","Georgia","Fulton County","Atlanta","ZIP code"
"R_16kUZBCnIIvKRTa","85283","Arizona","AZ","Arizona","Maricopa County","Tempe","ZIP code"
"R_1ltc2G9uVUDBJSC","47610","Indiana","IN","Indiana","Warrick County","Chandler","ZIP code"
"R_7dJkGcpz9eGVlD3","34691","Florida","FL","Florida","Pasco County","Holiday","ZIP code"
"R_7vVgjm8wSNKe6rL","64102","Missouri","MO","Missouri","Jackson County","Kansas City","ZIP code"
"R_6utO8pgLV26Ubyp","40211","Kentucky","KY","Kentucky","Jefferson County","Louisville","ZIP code"
"R_782TZFF1HfbwqK5","32428","Florida","FL","Florida","Washington County","Chipley","ZIP code"
"R_1QPfCz5DxyJhRn6","34953","Florida","FL","Florida","St. Lucie County","Port Saint Lucie","ZIP code"
"R_5lMtQbsPzbFzY5z","97487","Oregon","OR","Oregon","Lane County","Veneta","ZIP code"
"R_3IIGNaHvSRaAwWR","12204","New York","NY","New York","Albany County","Albany","ZIP code"
"R_5YeT8OA13XzpOeH","14526","New York","NY","New York","Monroe County","Penfield","ZIP code"
"R_1zgRxiz8VF7gAx3","77433","Texas","TX","Texas","Harris County","Cypress","ZIP code"
"R_7eQVvFOuVSnZ0lC","27591","North Carolina","NC","North Carolina","Wake County","Wendell","ZIP code"
"R_7EKXHtfudCl5IGY","81001","Colorado","CO","Colorado","Pueblo County","Pueblo","ZIP code"
"R_3uqfk49aV7eIdPo","38011","Tennessee","TN","Tennessee","Tipton County","Brighton","ZIP code"
"R_7NOToAlmED5RJO9","89060","Nevada","NV","Nevada","Nye County","Pahrump","ZIP code"
"R_34AWcW9FAvJxfgr","79902","Texas","TX","Texas","El Paso County","El Paso","ZIP code"
"R_665CS6l2WDe5355","26651","West Virginia","WV","West Virginia","Nicholas County","Summersville","ZIP code"
"R_1K6BSUGQaiu3Qo8","31707","Georgia","GA","Georgia","Dougherty County","Albany","ZIP code"
"R_51iP1rdqQp4LTtn","60435","Illinois","IL","Illinois","Will County","Joliet","ZIP code"
"R_10MGA6B3n9MJJhn","46202","Indiana","IN","Indiana","Marion County","Indianapolis","ZIP code"
"R_7hmE5qWCly1gtZ7","73833","Arkansas","OK","Oklahoma",,,"ZIP prefix"
"R_7ZOfATNe61hjbRf","98901","Washington","WA","Washington","Yakima County","Yakima","ZIP code"
"R_5rJG3E4eR67gTYu","77071","Texas","TX","Texas","Harris County","Houston","ZIP code"
"R_5GoBBM4mYwZAkNs","36303","Alabama","AL","Alabama","Houston County","Dothan","ZIP code"
"R_7jq43w6qqZPDcUM","92373","California","CA","California","San Bernardino County","Redlands","ZIP code"
"R_6G7yNqArAfBMqrs","45506","Ohio","OH","Ohio","Clark County","Springfield","ZIP code"
"R_7RDD3TRrL2xsXPH","95422","California","CA","California","Lake County","Clearlake","ZIP code"
"R_5M8SimuELdLg3kJ","63104","Missouri","MO","Missouri","St. Louis city","Saint Louis","ZIP code"
"R_5wQADDYQUazbkEo","79938","Texas","TX","Texas","El Paso County","El Paso","ZIP code"
"R_5sziUDgPAAqCRs7","76108","Texas","TX","Texas","Tarrant County","Fort Worth","ZIP code"
"R_5DvUAePUnVnbBgg","38024","Tennessee","TN","Tennessee","Dyer County","Dyersburg","ZIP code"
"R_1hcCqVpuByEAeMc","95823","California","CA","California","Sacramento County","Sacramento","ZIP code"
"R_6rpuCtuqyfr7ozo","19971","Delaware","DE","Delaware","Sussex County","Rehoboth Beach","ZIP code"
"R_3QRE8KhS4wiqtnw","46221","Indiana","IN","Indiana","Marion County","Indianapolis","ZIP code"
"R_5fjwcFmihS9XpSV","57078","South Dakota","SD","South Dakota","Yankton County","Yankton","ZIP code"
"R_6gEnsQzivk8Mlt7","08030","New Jersey","NJ","New Jersey","Camden County","Gloucester City","ZIP code"
"R_12gMm0G3np5FioJ","62926","Illinois","IL","Illinois","Union County","Dongola","ZIP code"
"R_1ThpKX0TWeOJVQJ","86406","Arizona","AZ","Arizona","Mohave County","Lake Havasu City","ZIP code"
"R_3XNBxSIJbaXhd17","98075","Washington","WA","Washington","King County","Sammamish","ZIP code"
"R_1U0BZJ9DWMUA9JT","72764","Arkansas","AR","Arkansas","Washington County","Springdale","ZIP code"
"R_15L6OyftwCm9MYZ","91311","California","CA","California","Los Angeles County","Chatsworth","ZIP code"
"R_62mygpPoCE8jgvH","60174","Illinois","IL","Illinois","Kane County","Saint Charles","ZIP code"
"R_5KJ4nGrDKD6EMrn","23666","Virginia","VA","Virginia","Hampton city","Hampton","ZIP code"
"R_78HzZLDLI4Iv9h9","30291","Georgia","GA","Georgia","Fulton County","Union City","ZIP code"
"R_1A7ZsdEF7RVpU5z","94561","California","CA","California","Contra Costa County","Oakley","ZIP code"
"R_6QzNB7Kb0nrsA3n","85324","Arizona","AZ","Arizona","Yavapai County","Black Canyon City","ZIP code"
"R_6stxDxV2jBHkCPX","48207","Michigan","MI","Michigan","Wayne County","Detroit","ZIP code"
"R_7QJpdqbPs9V6xuU","75218","Texas","TX","Texas","Dallas County","Dallas","ZIP code"
"R_5ORLYtUXZyaUuMF","23323","Virginia","VA","Virginia","Chesapeake city","Chesapeake","ZIP code"
"R_5rPI8jjELK5QBKV","60050","Illinois","IL","Illinois","McHenry County","Mchenry","ZIP code"
"R_7n3gfoOtu0Xh90p","18067","Pennsylvania","PA","Pennsylvania","Northampton County","Northampton","ZIP code"
"R_31hpgbFA45HtRWY","75056","Texas","TX","Texas","Denton County","The Colony","ZIP code"
"R_61jSTJCLIon7iPQ","48746","Michigan","MI","Michigan","Tuscola County","Millington","ZIP code"
"R_172BbSGdmIfhU3v","29154","South Carolina","SC","South Carolina","Sumter County","Sumter","ZIP code"
"R_1rrk2NRd7ucLYhI","77054","Texas","TX","Texas","Harris County","Houston","ZIP code"
"R_5FsNyXq5HWvW6Hu","71269","Louisiana","LA","Louisiana","Richland Parish","Rayville","ZIP code"
"R_5PLdS1jKl6q2NNv","48227","Michigan","MI","Michigan","Wayne County","Detroit","ZIP code"
"R_7oGTYSXbzlYsDoD","90001","California","CA","California","Los Angeles County","Los Angeles","ZIP code"
"R_74qtPU2QIqPAtT1","48212","Michigan","MI","Michigan","Wayne County","Hamtramck","ZIP code"
"R_7izhfj1rPVd1e9f","35901","Alabama","AL","Alabama","Etowah County","Gadsden","ZIP code"
"R_1hygbU7MpUTL7Cn","92544","California","CA","California","Riverside County","Hemet","ZIP code"
"R_1O7TQCwAEcptweE","34668","Florida","FL","Florida","Pasco County","Port Richey","ZIP code"
"R_1wKjPE7eKfBWeWZ","11203","New York","NY","New York","Kings County","Brooklyn","ZIP code"
"R_6KSKnuPpxcZ56Yp","63042","Missouri","MO","Missouri","St. Louis County","Hazelwood","ZIP code"
"R_1SyHkCibp9U4aD7","32311","Florida","FL","Florida","Leon County","Tallahassee","ZIP code"
"R_1175uc0PvWIjWvf","15120","Pennsylvania","PA","Pennsylvania","Allegheny County","Homestead","ZIP code"
"R_5ezYW8zNoM0ARNp","36274","Alabama","AL","Alabama","Randolph County","Roanoke","ZIP code"
"R_1R3nePTpYDNtQoe","10023","New York","NY","New York","New York County","New York","ZIP code"
"R_7q2oShHNVyCNPQc","10032","New York","NY","New York","New York County","New York","ZIP code"
"R_6MEgBOAUQnDvctQ","92557","California","CA","California","Riverside County","Moreno Valley","ZIP code"
"R_5alvdGOnEJMPgCt","10473","New York","NY","New York","Bronx County","Bronx","ZIP code"
"R_7AMBTjgWfqAdWf7","60629","Illinois","IL","Illinois","Cook County","Chicago","ZIP code"
"R_5xFf8nPPAtvymHv","98104","Washington","WA","Washington","King County","Seattle","ZIP code"
"R_6s0MxB2t2Ba5qQG","90403","California","CA","California","Los Angeles County","Santa Monica","ZIP code"
"R_6wT7qbxr4F0ezWf","04937","Maine","ME","Maine","Somerset County","Fairfield","ZIP code"
"R_77WE8FP0rdyzFjX","21223","Maryland","MD","Maryland","Baltimore city","Baltimore","ZIP code"
"R_7k8SlUaZmvlZmIp","40229","Kentucky","KY","Kentucky","Jefferson County","Louisville","ZIP code"
"R_7LN0TrMIsoAz0M9","48867","Michigan","MI","Michigan","Shiawassee County","Owosso","ZIP code"
"R_63g8J5zfhxCqJN6","75042","Texas","TX","Texas","Dallas County","Garland","ZIP code"
"R_6YVfkyNpfCpuGGD","75104","Texas","TX","Texas","Dallas County","Cedar Hill","ZIP code"
"R_1xAQA39AGNOHqW5","91770","California","CA","California","Los Angeles County","Rosemead","ZIP code"
"R_7HAnrWyQDUialsR","04254","Maine","ME","Maine","Androscoggin County","Livermore Falls","ZIP code"
"R_56rPIrbZPyCjAGt","92123","California","CA","California","San Diego County","San Diego","ZIP code"
"R_3IXFLmopcQqL2yP","37385","Tennessee","TN","Tennessee","Monroe County","Tellico Plains","ZIP code"
"R_52WJq188Xlo3PRi","98531","Washington","WA","Washington","Lewis County","Centralia","ZIP code"
"R_5WEXEs9Wh3C2iWt","91950","California","CA","California","San Diego County","National City","ZIP code"
"R_1X0yHwqPylHMnG3","02906","Rhode Island","RI","Rhode Island","Providence County","Providence","ZIP code"
"R_5wocefC7ePGBRJn","14609","New York","NY","New York","Monroe County","Rochester","ZIP code"
"R_1ck05PbyT9x2vNW","38572","Tennessee","TN","Tennessee","Cumberland County","Crossville","ZIP code"
"R_5fCdA4PKrGx3EtC","06610","Connecticut","CT","Connecticut","Fairfield County","Bridgeport","ZIP code"
"R_3XP7192fDU9Ar29","27713","North Carolina","NC","North Carolina","Durham County","Durham","ZIP code"
"R_1TW1mM9MBuBUqK5","47802","Indiana","IN","Indiana","Vigo County","Terre Haute","ZIP code"
"R_7NDDmzLVi1lRuVj","84120","Utah","UT","Utah","Salt Lake County","Salt Lake City","ZIP code"
"R_1AsawtjzVvoGMfL","79109","Texas","TX","Texas","Randall County","Amarillo","ZIP code"
"R_7AACvtG1xsE2F1f","50009","Iowa","IA","Iowa","Polk County","Altoona","ZIP code"
"R_1NKtibkJ3vkBW9W","89147","Nevada","NV","Nevada","Clark County","Las Vegas","ZIP code"
"R_3niQpiIlI4XsC9G","77630","Texas","TX","Texas","Orange County","Orange","ZIP code"
"R_3mRCuU7SESntWJb","46250","Indiana","IN","Indiana","Marion County","Indianapolis","ZIP code"
"R_3C5v81JWhxOnCiB","36853","Alabama","AL","Alabama","Tallapoosa County","Dadeville","ZIP code"
"R_3FS76hbKwJGOLvq","79013","Texas","TX","Texas","Moore County","Cactus","ZIP code"
"R_7TRDhxL2BhlPkSN","63834","Missouri","MO","Missouri","Mississippi County","Charleston","ZIP code"
"R_50wTTbJitNm9gF7","32309","Florida","FL","Florida","Leon County","Tallahassee","ZIP code"
"R_3j3wi5H8j2IDcm2","77077","Texas","TX","Texas","Harris County","Houston","ZIP code"
"R_6xSoSbJqKW8OST3","92557","California","CA","California","Riverside County","Moreno Valley","ZIP code"
"R_1zp7VuYlWNbmFIF","27565","North Carolina","NC","North Carolina","Granville County","Oxford","ZIP code"
"R_1VnGMKfFzDwo0Bb","34787","Florida","FL","Florida","Orange County","Winter Garden","ZIP code"
"R_6kSHf2vv0Vm94NX","97702","Oregon","OR","Oregon","Deschutes County","Bend","ZIP code"
"R_34ecPQVOcDvFK4U","57301","South Dakota","SD","South Dakota","Davison County","Mitchell","ZIP code"
"R_5KCP60UxaoDkEsJ","98103","Washington","WA","Washington","King County","Seattle","ZIP code"
"R_3ocx2F0vk1oEVBD","73075","Oklahoma","OK","Oklahoma","Garvin County","Pauls Valley","ZIP code"
"R_1yx0tNOma7N0qzf","95492","California","CA","California","Sonoma County","Windsor","ZIP code"
"R_7s2xKgxxPY3alDX","34655","Florida","FL","Florida","Pasco County","New Port Richey","ZIP code"
"R_5zpXczt5F9KbbO6","27577","North Carolina","NC","North Carolina","Johnston County","Smithfield","ZIP code"
"R_7QXr0uYy9zi1QZj","32250","Florida","FL","Florida","Duval County","Jacksonville Beach","ZIP code"
"R_1fl052SPCT3lZNk","17851","Pennsylvania","PA","Pennsylvania","Northumberland County","Mount Carmel","ZIP code"
"R_3rMlSsXKdXPnmc9","53022","Wisconsin","WI","Wisconsin","Washington County","Germantown","ZIP code"
"R_3E9ZGfo2yfCb4un","45692","Ohio","OH","Ohio","Jackson County","Wellston","ZIP code"
"R_5feru9wo90fex8g","30824","Georgia","GA","Georgia","McDuffie County","Thomson","ZIP code"
"R_170ReHU6v6G8aKB","30519","Georgia","GA","Georgia","Gwinnett County","Buford","ZIP code"
"R_7qQt5yLZTIN7aEN","98118","Washington","WA","Washington","King County","Seattle","ZIP code"
"R_3cZzjxfbBYWuKO4","66104","Kansas","KS","Kansas","Wyandotte County","Kansas City","ZIP code"
"R_1lmVQDzWXUbjKMc","75661","Texas","TX","Texas","Harrison County","Karnack","ZIP code"
"R_3Hv2zBvBTaMJNZP","01462","Massachusetts","MA","Massachusetts","Worcester County","Lunenburg","ZIP code"
"R_3zd3Lqu5IntXmhK","17044","Pennsylvania","PA","Pennsylvania","Mifflin County","Lewistown","ZIP code"
"R_5K8skx2zbGzhNTQ","30907","Georgia","GA","Georgia","Columbia County","Augusta","ZIP code"
"R_56lg6CNQo5bzzpf","29720","South Carolina","SC","South Carolina","Lancaster County","Lancaster","ZIP code"
"R_7negdooHxeSBKvL","77015","Texas","TX","Texas","Harris County","Houston","ZIP code"
"R_3E5HalDw5mv9uoN","62206","Illinois","IL","Illinois","St. Clair County","East Saint Louis","ZIP code"
"R_7p3YWyDiHXnp7UJ","75155","Texas","TX","Texas","Navarro County","Rice","ZIP code"
"R_6wageLcIehxGLAA","45225","Ohio","OH","Ohio","Hamilton County","Cincinnati","ZIP code"
"R_7ALwHiG4njn1ahC","92084","California","CA","California","San Diego County","Vista","ZIP code"
"R_6dWSKVT3vyT0Zxk","95993","California","CA","California","Sutter County","Yuba City","ZIP code"
"R_1pVvgBJnoPmHosd","77498","Texas","TX","Texas","Fort Bend County","Sugar Land","ZIP code"
"R_6MEvGWFVMzzIUuU","89115","Nevada","NV","Nevada","Clark County","Las Vegas","ZIP code"
"R_1dYomK2kJkxwGVf","70611","Louisiana","LA","Louisiana","Calcasieu Parish","Lake Charles","ZIP code"
"R_3ajvocaRWjh8dkB","22553","Virginia","VA","Virginia","Spotsylvania County","Spotsylvania","ZIP code"
"R_5viSZ23VADrtgjr","67210","Kansas","KS","Kansas","Sedgwick County","Wichita","ZIP code"
"R_6WSacna0GYthRH8","32607","Florida","FL","Florida","Alachua County","Gainesville","ZIP code"
"R_5JdQEWw8koqCthx","06716","Connecticut","CT","Connecticut","New Haven County","Wolcott","ZIP code"
"R_1MX79PppHVbFBo6","78574","Texas","TX","Texas","Hidalgo County","Mission","ZIP code"
"R_6I4w9JxuDtyaIfQ","71647","Arkansas","AR","Arkansas","Bradley County","Hermitage","ZIP code"
