"sheet","qid","other_code","var_name","var_label","text","n","pct_of_mentions"
"full response","BPC5_29",1,"outlet_use_other","Print and online news outlets used for election news: Other, please specify","cbs",5,0.074
"full response","BPC5_29",1,"outlet_use_other","Print and online news outlets used for election news: Other, please specify","cbs news",2,0.029
"full response","BPC5_29",1,"outlet_use_other","Print and online news outlets used for election news: Other, please specify","google news",2,0.029
"full response","BPC5_29",1,"outlet_use_other","Print and online news outlets used for election news: Other, please specify","local tv news",2,0.029
"full response","BPC5_29",1,"outlet_use_other","Print and online news outlets used for election news: Other, please specify","meidas touch",2,0.029
"full response","BPC5_29",1,"outlet_use_other","Print and online news outlets used for election news: Other, please specify","msn",2,0.029
"full response","BPC5_29",1,"outlet_use_other","Print and online news outlets used for election news: Other, please specify","msnow",2,0.029
"full response","BPC5_29",1,"outlet_use_other","Print and online news outlets used for election news: Other, please specify",,1,0.015
"full response","BPC5_29",1,"outlet_use_other","Print and online news outlets used for election news: Other, please specify","1440 news",1,0.015
"full response","BPC5_29",1,"outlet_use_other","Print and online news outlets used for election news: Other, please specify","abc",1,0.015
"full response","BPC5_29",1,"outlet_use_other","Print and online news outlets used for election news: Other, please specify","abc news",1,0.015
"full response","BPC5_29",1,"outlet_use_other","Print and online news outlets used for election news: Other, please specify","american prospect",1,0.015
"full response","BPC5_29",1,"outlet_use_other","Print and online news outlets used for election news: Other, please specify","at the township meeting themselves",1,0.015
"full response","BPC5_29",1,"outlet_use_other","Print and online news outlets used for election news: Other, please specify","bbc",1,0.015
"full response","BPC5_29",1,"outlet_use_other","Print and online news outlets used for election news: Other, please specify","bing",1,0.015
"full response","BPC5_29",1,"outlet_use_other","Print and online news outlets used for election news: Other, please specify","boston globe",1,0.015
"full response","BPC5_29",1,"outlet_use_other","Print and online news outlets used for election news: Other, please specify","complete colorado",1,0.015
"full response","BPC5_29",1,"outlet_use_other","Print and online news outlets used for election news: Other, please specify","consortium news",1,0.015
"full response","BPC5_29",1,"outlet_use_other","Print and online news outlets used for election news: Other, please specify","drudge.com",1,0.015
"full response","BPC5_29",1,"outlet_use_other","Print and online news outlets used for election news: Other, please specify","epoch times",1,0.015
"full response","BPC5_29",1,"outlet_use_other","Print and online news outlets used for election news: Other, please specify","facebook",1,0.015
"full response","BPC5_29",1,"outlet_use_other","Print and online news outlets used for election news: Other, please specify","google",1,0.015
"full response","BPC5_29",1,"outlet_use_other","Print and online news outlets used for election news: Other, please specify","government websites",1,0.015
"full response","BPC5_29",1,"outlet_use_other","Print and online news outlets used for election news: Other, please specify","hawaii news",1,0.015
"full response","BPC5_29",1,"outlet_use_other","Print and online news outlets used for election news: Other, please specify","komotv.com",1,0.015
"full response","BPC5_29",1,"outlet_use_other","Print and online news outlets used for election news: Other, please specify","local",1,0.015
"full response","BPC5_29",1,"outlet_use_other","Print and online news outlets used for election news: Other, please specify","local 7 national",1,0.015
"full response","BPC5_29",1,"outlet_use_other","Print and online news outlets used for election news: Other, please specify","local news channels",1,0.015
"full response","BPC5_29",1,"outlet_use_other","Print and online news outlets used for election news: Other, please specify","local newspaper",1,0.015
"full response","BPC5_29",1,"outlet_use_other","Print and online news outlets used for election news: Other, please specify","local paper",1,0.015
"full response","BPC5_29",1,"outlet_use_other","Print and online news outlets used for election news: Other, please specify","local sources",1,0.015
"full response","BPC5_29",1,"outlet_use_other","Print and online news outlets used for election news: Other, please specify","local tv",1,0.015
"full response","BPC5_29",1,"outlet_use_other","Print and online news outlets used for election news: Other, please specify","local tv websites",1,0.015
"full response","BPC5_29",1,"outlet_use_other","Print and online news outlets used for election news: Other, please specify","mn stratribune",1,0.015
"full response","BPC5_29",1,"outlet_use_other","Print and online news outlets used for election news: Other, please specify","ms now",1,0.015
"full response","BPC5_29",1,"outlet_use_other","Print and online news outlets used for election news: Other, please specify","msn.com",1,0.015
"full response","BPC5_29",1,"outlet_use_other","Print and online news outlets used for election news: Other, please specify","msnow app",1,0.015
"full response","BPC5_29",1,"outlet_use_other","Print and online news outlets used for election news: Other, please specify","new york daily news",1,0.015
"full response","BPC5_29",1,"outlet_use_other","Print and online news outlets used for election news: Other, please specify","news nation",1,0.015
"full response","BPC5_29",1,"outlet_use_other","Print and online news outlets used for election news: Other, please specify","news12",1,0.015
"full response","BPC5_29",1,"outlet_use_other","Print and online news outlets used for election news: Other, please specify","newsbreak",1,0.015
"full response","BPC5_29",1,"outlet_use_other","Print and online news outlets used for election news: Other, please specify","newsnation",1,0.015
"full response","BPC5_29",1,"outlet_use_other","Print and online news outlets used for election news: Other, please specify","pbs",1,0.015
"full response","BPC5_29",1,"outlet_use_other","Print and online news outlets used for election news: Other, please specify","roll call",1,0.015
"full response","BPC5_29",1,"outlet_use_other","Print and online news outlets used for election news: Other, please specify","scheerpost",1,0.015
"full response","BPC5_29",1,"outlet_use_other","Print and online news outlets used for election news: Other, please specify","semafor",1,0.015
"full response","BPC5_29",1,"outlet_use_other","Print and online news outlets used for election news: Other, please specify","smart news",1,0.015
"full response","BPC5_29",1,"outlet_use_other","Print and online news outlets used for election news: Other, please specify","smartnews",1,0.015
"full response","BPC5_29",1,"outlet_use_other","Print and online news outlets used for election news: Other, please specify","the atlantic magazine",1,0.015
"full response","BPC5_29",1,"outlet_use_other","Print and online news outlets used for election news: Other, please specify","the daily beast",1,0.015
"full response","BPC5_29",1,"outlet_use_other","Print and online news outlets used for election news: Other, please specify","the new republic",1,0.015
"full response","BPC5_29",1,"outlet_use_other","Print and online news outlets used for election news: Other, please specify","the oregonian",1,0.015
"full response","BPC5_29",1,"outlet_use_other","Print and online news outlets used for election news: Other, please specify","the pour over",1,0.015
"full response","BPC5_29",1,"outlet_use_other","Print and online news outlets used for election news: Other, please specify","townhall.com",1,0.015
"full response","BPC5_29",1,"outlet_use_other","Print and online news outlets used for election news: Other, please specify","truth",1,0.015
"full response","BPC5_29",1,"outlet_use_other","Print and online news outlets used for election news: Other, please specify","wpbf.com",1,0.015
"full response","BPC5_29",1,"outlet_use_other","Print and online news outlets used for election news: Other, please specify","wral",1,0.015
"full response","BPC5_29",1,"outlet_use_other","Print and online news outlets used for election news: Other, please specify","yahoo news",1,0.015
"full response","BPC4_5",1,"radio_use_other","Radio programming used for election news: Other, please specify","fox news",1,0.25
"full response","BPC4_5",1,"radio_use_other","Radio programming used for election news: Other, please specify","satellite radio",1,0.25
"full response","BPC4_5",1,"radio_use_other","Radio programming used for election news: Other, please specify","way fm christian music",1,0.25
"full response","BPC4_5",1,"radio_use_other","Radio programming used for election news: Other, please specify","wsb",1,0.25
"full response","BPC13",4,"reg_act_official_mode","How contacts election officials about how to register and vote","campaign circulars",1,0.04
"full response","BPC13",4,"reg_act_official_mode","How contacts election officials about how to register and vote","check online",1,0.04
"full response","BPC13",4,"reg_act_official_mode","How contacts election officials about how to register and vote","circulars in the mail",1,0.04
"full response","BPC13",4,"reg_act_official_mode","How contacts election officials about how to register and vote","entities email or text me",1,0.04
"full response","BPC13",4,"reg_act_official_mode","How contacts election officials about how to register and vote","go to the state election website",1,0.04
"full response","BPC13",4,"reg_act_official_mode","How contacts election officials about how to register and vote","i get information from my state and/or county online.",1,0.04
"full response","BPC13",4,"reg_act_official_mode","How contacts election officials about how to register and vote","i inquire",1,0.04
"full response","BPC13",4,"reg_act_official_mode","How contacts election officials about how to register and vote","i receive my elections ballot in my mail it’s gets sent out to me.",1,0.04
"full response","BPC13",4,"reg_act_official_mode","How contacts election officials about how to register and vote","i register on line",1,0.04
"full response","BPC13",4,"reg_act_official_mode","How contacts election officials about how to register and vote","i search for a state website or info site online",1,0.04
"full response","BPC13",4,"reg_act_official_mode","How contacts election officials about how to register and vote","internet",1,0.04
"full response","BPC13",4,"reg_act_official_mode","How contacts election officials about how to register and vote","local candidates and local tv",1,0.04
"full response","BPC13",4,"reg_act_official_mode","How contacts election officials about how to register and vote","mail",1,0.04
"full response","BPC13",4,"reg_act_official_mode","How contacts election officials about how to register and vote","mail carrier",1,0.04
"full response","BPC13",4,"reg_act_official_mode","How contacts election officials about how to register and vote","mailed information and website for elections",1,0.04
"full response","BPC13",4,"reg_act_official_mode","How contacts election officials about how to register and vote","my neighbor is an election official so i talked to him first if i need to know anything.",1,0.04
"full response","BPC13",4,"reg_act_official_mode","How contacts election officials about how to register and vote","office website",1,0.04
"full response","BPC13",4,"reg_act_official_mode","How contacts election officials about how to register and vote","official website.",1,0.04
"full response","BPC13",4,"reg_act_official_mode","How contacts election officials about how to register and vote","online",1,0.04
"full response","BPC13",4,"reg_act_official_mode","How contacts election officials about how to register and vote","online or   naik",1,0.04
"full response","BPC13",4,"reg_act_official_mode","How contacts election officials about how to register and vote","online website",1,0.04
"full response","BPC13",4,"reg_act_official_mode","How contacts election officials about how to register and vote","search wensite",1,0.04
"full response","BPC13",4,"reg_act_official_mode","How contacts election officials about how to register and vote","the day i go",1,0.04
"full response","BPC13",4,"reg_act_official_mode","How contacts election officials about how to register and vote","they mail me",1,0.04
"full response","BPC13",4,"reg_act_official_mode","How contacts election officials about how to register and vote","websites",1,0.04
"full response","BPC15_15",1,"reg_act_social_other","Social media platforms used for information about how to register and vote: Other, please specify","twitch",1,1
"full response","BPC11_11",1,"reg_act_src_other","Sources used to find information about how to register and vote: Other, please specify","mail",2,0.074
"full response","BPC11_11",1,"reg_act_src_other","Sources used to find information about how to register and vote: Other, please specify","ballot-trax",1,0.037
"full response","BPC11_11",1,"reg_act_src_other","Sources used to find information about how to register and vote: Other, please specify","bill oreilly",1,0.037
"full response","BPC11_11",1,"reg_act_src_other","Sources used to find information about how to register and vote: Other, please specify","bmv",1,0.037
"full response","BPC11_11",1,"reg_act_src_other","Sources used to find information about how to register and vote: Other, please specify","county election office",1,0.037
"full response","BPC11_11",1,"reg_act_src_other","Sources used to find information about how to register and vote: Other, please specify","dmv",1,0.037
"full response","BPC11_11",1,"reg_act_src_other","Sources used to find information about how to register and vote: Other, please specify","dont need to--already registered",1,0.037
"full response","BPC11_11",1,"reg_act_src_other","Sources used to find information about how to register and vote: Other, please specify","fox news cable",1,0.037
"full response","BPC11_11",1,"reg_act_src_other","Sources used to find information about how to register and vote: Other, please specify","i dont",1,0.037
"full response","BPC11_11",1,"reg_act_src_other","Sources used to find information about how to register and vote: Other, please specify","i get a reminder in the post letting me know to check my voters registration",1,0.037
"full response","BPC11_11",1,"reg_act_src_other","Sources used to find information about how to register and vote: Other, please specify","i have been registered for over 40 years",1,0.037
"full response","BPC11_11",1,"reg_act_src_other","Sources used to find information about how to register and vote: Other, please specify","i know where to vote  i check to see when the polls openand until when",1,0.037
"full response","BPC11_11",1,"reg_act_src_other","Sources used to find information about how to register and vote: Other, please specify","in the mail",1,0.037
"full response","BPC11_11",1,"reg_act_src_other","Sources used to find information about how to register and vote: Other, please specify","i’m already registered. i get a voters pamphlet and a mail in ballot",1,0.037
"full response","BPC11_11",1,"reg_act_src_other","Sources used to find information about how to register and vote: Other, please specify","local town committee",1,0.037
"full response","BPC11_11",1,"reg_act_src_other","Sources used to find information about how to register and vote: Other, please specify","louisiana geaux vote",1,0.037
"full response","BPC11_11",1,"reg_act_src_other","Sources used to find information about how to register and vote: Other, please specify","notice mailed directly to my home.",1,0.037
"full response","BPC11_11",1,"reg_act_src_other","Sources used to find information about how to register and vote: Other, please specify","registered at the dmv",1,0.037
"full response","BPC11_11",1,"reg_act_src_other","Sources used to find information about how to register and vote: Other, please specify","rov",1,0.037
"full response","BPC11_11",1,"reg_act_src_other","Sources used to find information about how to register and vote: Other, please specify","secretary of state website’s",1,0.037
"full response","BPC11_11",1,"reg_act_src_other","Sources used to find information about how to register and vote: Other, please specify","state election department",1,0.037
"full response","BPC11_11",1,"reg_act_src_other","Sources used to find information about how to register and vote: Other, please specify","state election website",1,0.037
"full response","BPC11_11",1,"reg_act_src_other","Sources used to find information about how to register and vote: Other, please specify","state website",1,0.037
"full response","BPC11_11",1,"reg_act_src_other","Sources used to find information about how to register and vote: Other, please specify","they send me mail telling me how to register",1,0.037
"full response","BPC11_11",1,"reg_act_src_other","Sources used to find information about how to register and vote: Other, please specify","voter website in pa",1,0.037
"full response","BPC11_11",1,"reg_act_src_other","Sources used to find information about how to register and vote: Other, please specify","voters registration card",1,0.037
"full response","BPC14",4,"reg_hyp_official_mode","How would contact election officials about how to register and vote","i  receive a mail in ballot",1,0.333
"full response","BPC14",4,"reg_hyp_official_mode","How would contact election officials about how to register and vote","i live in walking distance to the detroit election committee officr",1,0.333
"full response","BPC14",4,"reg_hyp_official_mode","How would contact election officials about how to register and vote","im related to someone who is running for office.",1,0.333
"full response","BPC12_11",1,"reg_hyp_src_other","Sources would use to find information about how to register and vote: Other, please specify","county clerks office",1,0.071
"full response","BPC12_11",1,"reg_hyp_src_other","Sources would use to find information about how to register and vote: Other, please specify","county courthouse",1,0.071
"full response","BPC12_11",1,"reg_hyp_src_other","Sources would use to find information about how to register and vote: Other, please specify","county or state voting information website",1,0.071
"full response","BPC12_11",1,"reg_hyp_src_other","Sources would use to find information about how to register and vote: Other, please specify","election website for my county",1,0.071
"full response","BPC12_11",1,"reg_hyp_src_other","Sources would use to find information about how to register and vote: Other, please specify","gemini",1,0.071
"full response","BPC12_11",1,"reg_hyp_src_other","Sources would use to find information about how to register and vote: Other, please specify","google",1,0.071
"full response","BPC12_11",1,"reg_hyp_src_other","Sources would use to find information about how to register and vote: Other, please specify","i already know how to vote.",1,0.071
"full response","BPC12_11",1,"reg_hyp_src_other","Sources would use to find information about how to register and vote: Other, please specify","i don’t vote",1,0.071
"full response","BPC12_11",1,"reg_hyp_src_other","Sources would use to find information about how to register and vote: Other, please specify","im already registered to vote",1,0.071
"full response","BPC12_11",1,"reg_hyp_src_other","Sources would use to find information about how to register and vote: Other, please specify","ms now and cnn",1,0.071
"full response","BPC12_11",1,"reg_hyp_src_other","Sources would use to find information about how to register and vote: Other, please specify","my voters registration card",1,0.071
"full response","BPC12_11",1,"reg_hyp_src_other","Sources would use to find information about how to register and vote: Other, please specify","online i have looked online",1,0.071
"full response","BPC12_11",1,"reg_hyp_src_other","Sources would use to find information about how to register and vote: Other, please specify","public ?ibrary",1,0.071
"full response","BPC12_11",1,"reg_hyp_src_other","Sources would use to find information about how to register and vote: Other, please specify","supervisor of elections office for my county",1,0.071
"full response","BPC21",4,"run_act_official_mode","How contacts election officials about how elections are run","internet",2,0.105
"full response","BPC21",4,"run_act_official_mode","How contacts election officials about how elections are run","bill oreilly",1,0.053
"full response","BPC21",4,"run_act_official_mode","How contacts election officials about how elections are run","county elections office website",1,0.053
"full response","BPC21",4,"run_act_official_mode","How contacts election officials about how elections are run","county website",1,0.053
"full response","BPC21",4,"run_act_official_mode","How contacts election officials about how elections are run","google search",1,0.053
"full response","BPC21",4,"run_act_official_mode","How contacts election officials about how elections are run","i am very embedded with the michigan gop",1,0.053
"full response","BPC21",4,"run_act_official_mode","How contacts election officials about how elections are run","i have been a poll worker many times",1,0.053
"full response","BPC21",4,"run_act_official_mode","How contacts election officials about how elections are run","i read about it",1,0.053
"full response","BPC21",4,"run_act_official_mode","How contacts election officials about how elections are run","i receive my elections ballot in my mail and after i fill it all out i put it in a mailbox to send it out.",1,0.053
"full response","BPC21",4,"run_act_official_mode","How contacts election officials about how elections are run","i stop at city hall when paying my water bill",1,0.053
"full response","BPC21",4,"run_act_official_mode","How contacts election officials about how elections are run","i visit my neighbor and he let me know anything i need to know about elections because he’s an election official",1,0.053
"full response","BPC21",4,"run_act_official_mode","How contacts election officials about how elections are run","i volunteer",1,0.053
"full response","BPC21",4,"run_act_official_mode","How contacts election officials about how elections are run","i work on election day",1,0.053
"full response","BPC21",4,"run_act_official_mode","How contacts election officials about how elections are run","newsletters",1,0.053
"full response","BPC21",4,"run_act_official_mode","How contacts election officials about how elections are run","official websites",1,0.053
"full response","BPC21",4,"run_act_official_mode","How contacts election officials about how elections are run","social media",1,0.053
"full response","BPC21",4,"run_act_official_mode","How contacts election officials about how elections are run","they email me",1,0.053
"full response","BPC21",4,"run_act_official_mode","How contacts election officials about how elections are run","they text or message me.",1,0.053
"full response","BPC23_15",1,"run_act_social_other","Social media platforms used for information about how elections are run: Other, please specify","google",1,1
"full response","BPC19_11",1,"run_act_src_other","Sources used to find information about how elections are run: Other, please specify","fox news cable",1,0.091
"full response","BPC19_11",1,"run_act_src_other","Sources used to find information about how elections are run: Other, please specify","i go to my local township meeting so each month",1,0.091
"full response","BPC19_11",1,"run_act_src_other","Sources used to find information about how elections are run: Other, please specify","i have been voting for 50 years",1,0.091
"full response","BPC19_11",1,"run_act_src_other","Sources used to find information about how elections are run: Other, please specify","in the mail",1,0.091
"full response","BPC19_11",1,"run_act_src_other","Sources used to find information about how elections are run: Other, please specify","local commissioner office",1,0.091
"full response","BPC19_11",1,"run_act_src_other","Sources used to find information about how elections are run: Other, please specify","msnow",1,0.091
"full response","BPC19_11",1,"run_act_src_other","Sources used to find information about how elections are run: Other, please specify","no need- already registered",1,0.091
"full response","BPC19_11",1,"run_act_src_other","Sources used to find information about how elections are run: Other, please specify","npr",1,0.091
"full response","BPC19_11",1,"run_act_src_other","Sources used to find information about how elections are run: Other, please specify","reddit",1,0.091
"full response","BPC19_11",1,"run_act_src_other","Sources used to find information about how elections are run: Other, please specify","voter website in pa",1,0.091
"full response","BPC19_11",1,"run_act_src_other","Sources used to find information about how elections are run: Other, please specify","we",1,0.091
"full response","BPC22",4,"run_hyp_official_mode","How would contact election officials about how elections are run","i would get information online",1,0.5
"full response","BPC22",4,"run_hyp_official_mode","How would contact election officials about how elections are run","state website",1,0.5
"full response","BPC20_11",1,"run_hyp_src_other","Sources would use to find information about how elections are run: Other, please specify","as i mentioned before",1,0.091
"full response","BPC20_11",1,"run_hyp_src_other","Sources would use to find information about how elections are run: Other, please specify","election judge neighbors",1,0.091
"full response","BPC20_11",1,"run_hyp_src_other","Sources would use to find information about how elections are run: Other, please specify","gemini",1,0.091
"full response","BPC20_11",1,"run_hyp_src_other","Sources would use to find information about how elections are run: Other, please specify","i have a relative whos running so we would get the necessary information from him my",1,0.091
"full response","BPC20_11",1,"run_hyp_src_other","Sources would use to find information about how elections are run: Other, please specify","i have worked as an election judge and was trained by the local office.",1,0.091
"full response","BPC20_11",1,"run_hyp_src_other","Sources would use to find information about how elections are run: Other, please specify","i keep it simple i dont need to ask too many questions",1,0.091
"full response","BPC20_11",1,"run_hyp_src_other","Sources would use to find information about how elections are run: Other, please specify","i was a poll watcher years ago and if i need to id online search",1,0.091
"full response","BPC20_11",1,"run_hyp_src_other","Sources would use to find information about how elections are run: Other, please specify","i would not seek information",1,0.091
"full response","BPC20_11",1,"run_hyp_src_other","Sources would use to find information about how elections are run: Other, please specify","library",1,0.091
"full response","BPC20_11",1,"run_hyp_src_other","Sources would use to find information about how elections are run: Other, please specify","ms now and cnn",1,0.091
"full response","BPC20_11",1,"run_hyp_src_other","Sources would use to find information about how elections are run: Other, please specify","not interested",1,0.091
"full response","BPC6_15",1,"social_use_other","Social media platforms used for election news: Other, please specify","goggle",1,0.167
"full response","BPC6_15",1,"social_use_other","Social media platforms used for election news: Other, please specify","new12.com",1,0.167
"full response","BPC6_15",1,"social_use_other","Social media platforms used for election news: Other, please specify","quora",1,0.167
"full response","BPC6_15",1,"social_use_other","Social media platforms used for election news: Other, please specify","reddit",1,0.167
"full response","BPC6_15",1,"social_use_other","Social media platforms used for election news: Other, please specify","wcpr.radio",1,0.167
"full response","BPC6_15",1,"social_use_other","Social media platforms used for election news: Other, please specify","website",1,0.167
"full response","BPC2_13",1,"src_use_other","Main sources for election news and information: Other, please specify","cable news",2,0.067
"full response","BPC2_13",1,"src_use_other","Main sources for election news and information: Other, please specify","county clerks office",2,0.067
"full response","BPC2_13",1,"src_use_other","Main sources for election news and information: Other, please specify","fox news",2,0.067
"full response","BPC2_13",1,"src_use_other","Main sources for election news and information: Other, please specify","abc nbc cbs fox newsmax",1,0.033
"full response","BPC2_13",1,"src_use_other","Main sources for election news and information: Other, please specify","browser splash page",1,0.033
"full response","BPC2_13",1,"src_use_other","Main sources for election news and information: Other, please specify","candidate websites",1,0.033
"full response","BPC2_13",1,"src_use_other","Main sources for election news and information: Other, please specify","content creators",1,0.033
"full response","BPC2_13",1,"src_use_other","Main sources for election news and information: Other, please specify","daily wire",1,0.033
"full response","BPC2_13",1,"src_use_other","Main sources for election news and information: Other, please specify","fox",1,0.033
"full response","BPC2_13",1,"src_use_other","Main sources for election news and information: Other, please specify","haystack news via email",1,0.033
"full response","BPC2_13",1,"src_use_other","Main sources for election news and information: Other, please specify","i dont keep up with news on the elections.",1,0.033
"full response","BPC2_13",1,"src_use_other","Main sources for election news and information: Other, please specify","independent media",1,0.033
"full response","BPC2_13",1,"src_use_other","Main sources for election news and information: Other, please specify","independent news media",1,0.033
"full response","BPC2_13",1,"src_use_other","Main sources for election news and information: Other, please specify","international  news sources",1,0.033
"full response","BPC2_13",1,"src_use_other","Main sources for election news and information: Other, please specify","john oliver",1,0.033
"full response","BPC2_13",1,"src_use_other","Main sources for election news and information: Other, please specify","mail carrier",1,0.033
"full response","BPC2_13",1,"src_use_other","Main sources for election news and information: Other, please specify","more than 3",1,0.033
"full response","BPC2_13",1,"src_use_other","Main sources for election news and information: Other, please specify","msnow",1,0.033
"full response","BPC2_13",1,"src_use_other","Main sources for election news and information: Other, please specify","news complication websites",1,0.033
"full response","BPC2_13",1,"src_use_other","Main sources for election news and information: Other, please specify","newsmax",1,0.033
"full response","BPC2_13",1,"src_use_other","Main sources for election news and information: Other, please specify","not national news those liberal idiots lie all the time",1,0.033
"full response","BPC2_13",1,"src_use_other","Main sources for election news and information: Other, please specify","paid news subscriptions",1,0.033
"full response","BPC2_13",1,"src_use_other","Main sources for election news and information: Other, please specify","telegram truth social",1,0.033
"full response","BPC2_13",1,"src_use_other","Main sources for election news and information: Other, please specify","unbiased sources",1,0.033
"full response","BPC2_13",1,"src_use_other","Main sources for election news and information: Other, please specify","yahoo news",1,0.033
"full response","BPC2_13",1,"src_use_other","Main sources for election news and information: Other, please specify","you tube",1,0.033
"full response","BPC2_13",1,"src_use_other","Main sources for election news and information: Other, please specify","youtube",1,0.033
"full response","BPC3_14",1,"tvnet_use_other","National television networks used for election news: Other, please specify","bbc",3,0.231
"full response","BPC3_14",1,"tvnet_use_other","National television networks used for election news: Other, please specify","bill oreilly",1,0.077
"full response","BPC3_14",1,"tvnet_use_other","National television networks used for election news: Other, please specify","c-span",1,0.077
"full response","BPC3_14",1,"tvnet_use_other","National television networks used for election news: Other, please specify","local television",1,0.077
"full response","BPC3_14",1,"tvnet_use_other","National television networks used for election news: Other, please specify","newsnation",1,0.077
"full response","BPC3_14",1,"tvnet_use_other","National television networks used for election news: Other, please specify","npr",1,0.077
"full response","BPC3_14",1,"tvnet_use_other","National television networks used for election news: Other, please specify","real americas voice",1,0.077
"full response","BPC3_14",1,"tvnet_use_other","National television networks used for election news: Other, please specify","spectrum news 1",1,0.077
"full response","BPC3_14",1,"tvnet_use_other","National television networks used for election news: Other, please specify","wion",1,0.077
"full response","BPC3_14",1,"tvnet_use_other","National television networks used for election news: Other, please specify","wmur 9",1,0.077
"full response","BPC3_14",1,"tvnet_use_other","National television networks used for election news: Other, please specify","wtaj",1,0.077
"full response","BPC29",4,"won_act_official_mode","How contacts election officials about who won an election","online",3,0.136
"full response","BPC29",4,"won_act_official_mode","How contacts election officials about who won an election",,1,0.045
"full response","BPC29",4,"won_act_official_mode","How contacts election officials about who won an election","county website",1,0.045
"full response","BPC29",4,"won_act_official_mode","How contacts election officials about who won an election","google results.",1,0.045
"full response","BPC29",4,"won_act_official_mode","How contacts election officials about who won an election","i check national news on tv",1,0.045
"full response","BPC29",4,"won_act_official_mode","How contacts election officials about who won an election","i go to a county election site",1,0.045
"full response","BPC29",4,"won_act_official_mode","How contacts election officials about who won an election","i watch and listen to election results reporting",1,0.045
"full response","BPC29",4,"won_act_official_mode","How contacts election officials about who won an election","i watch tv election coverage",1,0.045
"full response","BPC29",4,"won_act_official_mode","How contacts election officials about who won an election","internet search",1,0.045
"full response","BPC29",4,"won_act_official_mode","How contacts election officials about who won an election","localtv",1,0.045
"full response","BPC29",4,"won_act_official_mode","How contacts election officials about who won an election","news paper",1,0.045
"full response","BPC29",4,"won_act_official_mode","How contacts election officials about who won an election","on social network",1,0.045
"full response","BPC29",4,"won_act_official_mode","How contacts election officials about who won an election","our supervisor of elections is always on the local news and in the local paper informing the citizens of this country.",1,0.045
"full response","BPC29",4,"won_act_official_mode","How contacts election officials about who won an election","radio results",1,0.045
"full response","BPC29",4,"won_act_official_mode","How contacts election officials about who won an election","speech on local news channel",1,0.045
"full response","BPC29",4,"won_act_official_mode","How contacts election officials about who won an election","the information is public on local news and local radio.",1,0.045
"full response","BPC29",4,"won_act_official_mode","How contacts election officials about who won an election","their social media page",1,0.045
"full response","BPC29",4,"won_act_official_mode","How contacts election officials about who won an election","tv cnn",1,0.045
"full response","BPC29",4,"won_act_official_mode","How contacts election officials about who won an election","watch tv",1,0.045
"full response","BPC29",4,"won_act_official_mode","How contacts election officials about who won an election","websites",1,0.045
"full response","BPC31_15",1,"won_act_social_other","Social media platforms used for information about who won an election: Other, please specify","cnn",1,0.25
"full response","BPC31_15",1,"won_act_social_other","Social media platforms used for information about who won an election: Other, please specify","google gemini",1,0.25
"full response","BPC31_15",1,"won_act_social_other","Social media platforms used for information about who won an election: Other, please specify","local news",1,0.25
"full response","BPC31_15",1,"won_act_social_other","Social media platforms used for information about who won an election: Other, please specify","meidas touch",1,0.25
"full response","BPC27_11",1,"won_act_src_other","Sources used to find information about who won an election: Other, please specify","fox news",3,0.12
"full response","BPC27_11",1,"won_act_src_other","Sources used to find information about who won an election: Other, please specify",".y relative is running for office",1,0.04
"full response","BPC27_11",1,"won_act_src_other","Sources used to find information about who won an election: Other, please specify","ben meiseles",1,0.04
"full response","BPC27_11",1,"won_act_src_other","Sources used to find information about who won an election: Other, please specify","city election board website",1,0.04
"full response","BPC27_11",1,"won_act_src_other","Sources used to find information about who won an election: Other, please specify","cnn election results",1,0.04
"full response","BPC27_11",1,"won_act_src_other","Sources used to find information about who won an election: Other, please specify","do not look at fake news what do ever it’s deceitful",1,0.04
"full response","BPC27_11",1,"won_act_src_other","Sources used to find information about who won an election: Other, please specify","election website for my county",1,0.04
"full response","BPC27_11",1,"won_act_src_other","Sources used to find information about who won an election: Other, please specify","fox news cable",1,0.04
"full response","BPC27_11",1,"won_act_src_other","Sources used to find information about who won an election: Other, please specify","google",1,0.04
"full response","BPC27_11",1,"won_act_src_other","Sources used to find information about who won an election: Other, please specify","i google the information",1,0.04
"full response","BPC27_11",1,"won_act_src_other","Sources used to find information about who won an election: Other, please specify","listen to local npr radio station",1,0.04
"full response","BPC27_11",1,"won_act_src_other","Sources used to find information about who won an election: Other, please specify","local tv station",1,0.04
"full response","BPC27_11",1,"won_act_src_other","Sources used to find information about who won an election: Other, please specify","mail",1,0.04
"full response","BPC27_11",1,"won_act_src_other","Sources used to find information about who won an election: Other, please specify","more than 3 fucktards",1,0.04
"full response","BPC27_11",1,"won_act_src_other","Sources used to find information about who won an election: Other, please specify","news 12",1,0.04
"full response","BPC27_11",1,"won_act_src_other","Sources used to find information about who won an election: Other, please specify","news aggrogate sites",1,0.04
"full response","BPC27_11",1,"won_act_src_other","Sources used to find information about who won an election: Other, please specify","news on tv",1,0.04
"full response","BPC27_11",1,"won_act_src_other","Sources used to find information about who won an election: Other, please specify","npr",1,0.04
"full response","BPC27_11",1,"won_act_src_other","Sources used to find information about who won an election: Other, please specify","radio",1,0.04
"full response","BPC27_11",1,"won_act_src_other","Sources used to find information about who won an election: Other, please specify","state specific election app",1,0.04
"full response","BPC27_11",1,"won_act_src_other","Sources used to find information about who won an election: Other, please specify","supervisor of elections website for my county",1,0.04
"full response","BPC27_11",1,"won_act_src_other","Sources used to find information about who won an election: Other, please specify","wral tv",1,0.04
"full response","BPC27_11",1,"won_act_src_other","Sources used to find information about who won an election: Other, please specify","youtube",1,0.04
"full response","BPC28_11",1,"won_hyp_src_other","Sources would use to find information about who won an election: Other, please specify","ask neighbor or apartment manager",1,0.333
"full response","BPC28_11",1,"won_hyp_src_other","Sources would use to find information about who won an election: Other, please specify","ms now and cnn",1,0.333
"full response","BPC28_11",1,"won_hyp_src_other","Sources would use to find information about who won an election: Other, please specify","radio",1,0.333
"single word","BPC5_29",1,"outlet_use_other","Print and online news outlets used for election news: Other, please specify","news",15,0.136
"single word","BPC5_29",1,"outlet_use_other","Print and online news outlets used for election news: Other, please specify","local",10,0.091
"single word","BPC5_29",1,"outlet_use_other","Print and online news outlets used for election news: Other, please specify","cbs",7,0.064
"single word","BPC5_29",1,"outlet_use_other","Print and online news outlets used for election news: Other, please specify","tv",4,0.036
"single word","BPC5_29",1,"outlet_use_other","Print and online news outlets used for election news: Other, please specify","google",3,0.027
"single word","BPC5_29",1,"outlet_use_other","Print and online news outlets used for election news: Other, please specify","msnow",3,0.027
"single word","BPC5_29",1,"outlet_use_other","Print and online news outlets used for election news: Other, please specify","abc",2,0.018
"single word","BPC5_29",1,"outlet_use_other","Print and online news outlets used for election news: Other, please specify","daily",2,0.018
"single word","BPC5_29",1,"outlet_use_other","Print and online news outlets used for election news: Other, please specify","meidas",2,0.018
"single word","BPC5_29",1,"outlet_use_other","Print and online news outlets used for election news: Other, please specify","msn",2,0.018
"single word","BPC5_29",1,"outlet_use_other","Print and online news outlets used for election news: Other, please specify","new",2,0.018
"single word","BPC5_29",1,"outlet_use_other","Print and online news outlets used for election news: Other, please specify","touch",2,0.018
"single word","BPC5_29",1,"outlet_use_other","Print and online news outlets used for election news: Other, please specify","websites",2,0.018
"single word","BPC5_29",1,"outlet_use_other","Print and online news outlets used for election news: Other, please specify","1440",1,0.009
"single word","BPC5_29",1,"outlet_use_other","Print and online news outlets used for election news: Other, please specify","7",1,0.009
"single word","BPC5_29",1,"outlet_use_other","Print and online news outlets used for election news: Other, please specify","american",1,0.009
"single word","BPC5_29",1,"outlet_use_other","Print and online news outlets used for election news: Other, please specify","app",1,0.009
"single word","BPC5_29",1,"outlet_use_other","Print and online news outlets used for election news: Other, please specify","atlantic",1,0.009
"single word","BPC5_29",1,"outlet_use_other","Print and online news outlets used for election news: Other, please specify","bbc",1,0.009
"single word","BPC5_29",1,"outlet_use_other","Print and online news outlets used for election news: Other, please specify","beast",1,0.009
"single word","BPC5_29",1,"outlet_use_other","Print and online news outlets used for election news: Other, please specify","bing",1,0.009
"single word","BPC5_29",1,"outlet_use_other","Print and online news outlets used for election news: Other, please specify","boston",1,0.009
"single word","BPC5_29",1,"outlet_use_other","Print and online news outlets used for election news: Other, please specify","call",1,0.009
"single word","BPC5_29",1,"outlet_use_other","Print and online news outlets used for election news: Other, please specify","channels",1,0.009
"single word","BPC5_29",1,"outlet_use_other","Print and online news outlets used for election news: Other, please specify","colorado",1,0.009
"single word","BPC5_29",1,"outlet_use_other","Print and online news outlets used for election news: Other, please specify","complete",1,0.009
"single word","BPC5_29",1,"outlet_use_other","Print and online news outlets used for election news: Other, please specify","consortium",1,0.009
"single word","BPC5_29",1,"outlet_use_other","Print and online news outlets used for election news: Other, please specify","drudgecom",1,0.009
"single word","BPC5_29",1,"outlet_use_other","Print and online news outlets used for election news: Other, please specify","epoch",1,0.009
"single word","BPC5_29",1,"outlet_use_other","Print and online news outlets used for election news: Other, please specify","facebook",1,0.009
"single word","BPC5_29",1,"outlet_use_other","Print and online news outlets used for election news: Other, please specify","globe",1,0.009
"single word","BPC5_29",1,"outlet_use_other","Print and online news outlets used for election news: Other, please specify","government",1,0.009
"single word","BPC5_29",1,"outlet_use_other","Print and online news outlets used for election news: Other, please specify","hawaii",1,0.009
"single word","BPC5_29",1,"outlet_use_other","Print and online news outlets used for election news: Other, please specify","komotvcom",1,0.009
"single word","BPC5_29",1,"outlet_use_other","Print and online news outlets used for election news: Other, please specify","magazine",1,0.009
"single word","BPC5_29",1,"outlet_use_other","Print and online news outlets used for election news: Other, please specify","meeting",1,0.009
"single word","BPC5_29",1,"outlet_use_other","Print and online news outlets used for election news: Other, please specify","mn",1,0.009
"single word","BPC5_29",1,"outlet_use_other","Print and online news outlets used for election news: Other, please specify","ms",1,0.009
"single word","BPC5_29",1,"outlet_use_other","Print and online news outlets used for election news: Other, please specify","msncom",1,0.009
"single word","BPC5_29",1,"outlet_use_other","Print and online news outlets used for election news: Other, please specify","nation",1,0.009
"single word","BPC5_29",1,"outlet_use_other","Print and online news outlets used for election news: Other, please specify","national",1,0.009
"single word","BPC5_29",1,"outlet_use_other","Print and online news outlets used for election news: Other, please specify","news12",1,0.009
"single word","BPC5_29",1,"outlet_use_other","Print and online news outlets used for election news: Other, please specify","newsbreak",1,0.009
"single word","BPC5_29",1,"outlet_use_other","Print and online news outlets used for election news: Other, please specify","newsnation",1,0.009
"single word","BPC5_29",1,"outlet_use_other","Print and online news outlets used for election news: Other, please specify","newspaper",1,0.009
"single word","BPC5_29",1,"outlet_use_other","Print and online news outlets used for election news: Other, please specify","now",1,0.009
"single word","BPC5_29",1,"outlet_use_other","Print and online news outlets used for election news: Other, please specify","oregonian",1,0.009
"single word","BPC5_29",1,"outlet_use_other","Print and online news outlets used for election news: Other, please specify","paper",1,0.009
"single word","BPC5_29",1,"outlet_use_other","Print and online news outlets used for election news: Other, please specify","pbs",1,0.009
"single word","BPC5_29",1,"outlet_use_other","Print and online news outlets used for election news: Other, please specify","pour",1,0.009
"single word","BPC5_29",1,"outlet_use_other","Print and online news outlets used for election news: Other, please specify","prospect",1,0.009
"single word","BPC5_29",1,"outlet_use_other","Print and online news outlets used for election news: Other, please specify","republic",1,0.009
"single word","BPC5_29",1,"outlet_use_other","Print and online news outlets used for election news: Other, please specify","roll",1,0.009
"single word","BPC5_29",1,"outlet_use_other","Print and online news outlets used for election news: Other, please specify","scheerpost",1,0.009
"single word","BPC5_29",1,"outlet_use_other","Print and online news outlets used for election news: Other, please specify","semafor",1,0.009
"single word","BPC5_29",1,"outlet_use_other","Print and online news outlets used for election news: Other, please specify","smart",1,0.009
"single word","BPC5_29",1,"outlet_use_other","Print and online news outlets used for election news: Other, please specify","smartnews",1,0.009
"single word","BPC5_29",1,"outlet_use_other","Print and online news outlets used for election news: Other, please specify","sources",1,0.009
"single word","BPC5_29",1,"outlet_use_other","Print and online news outlets used for election news: Other, please specify","stratribune",1,0.009
"single word","BPC5_29",1,"outlet_use_other","Print and online news outlets used for election news: Other, please specify","times",1,0.009
"single word","BPC5_29",1,"outlet_use_other","Print and online news outlets used for election news: Other, please specify","townhallcom",1,0.009
"single word","BPC5_29",1,"outlet_use_other","Print and online news outlets used for election news: Other, please specify","township",1,0.009
"single word","BPC5_29",1,"outlet_use_other","Print and online news outlets used for election news: Other, please specify","truth",1,0.009
"single word","BPC5_29",1,"outlet_use_other","Print and online news outlets used for election news: Other, please specify","wpbfcom",1,0.009
"single word","BPC5_29",1,"outlet_use_other","Print and online news outlets used for election news: Other, please specify","wral",1,0.009
"single word","BPC5_29",1,"outlet_use_other","Print and online news outlets used for election news: Other, please specify","yahoo",1,0.009
"single word","BPC5_29",1,"outlet_use_other","Print and online news outlets used for election news: Other, please specify","york",1,0.009
"single word","BPC4_5",1,"radio_use_other","Radio programming used for election news: Other, please specify","christian",1,0.111
"single word","BPC4_5",1,"radio_use_other","Radio programming used for election news: Other, please specify","fm",1,0.111
"single word","BPC4_5",1,"radio_use_other","Radio programming used for election news: Other, please specify","fox",1,0.111
"single word","BPC4_5",1,"radio_use_other","Radio programming used for election news: Other, please specify","music",1,0.111
"single word","BPC4_5",1,"radio_use_other","Radio programming used for election news: Other, please specify","news",1,0.111
"single word","BPC4_5",1,"radio_use_other","Radio programming used for election news: Other, please specify","radio",1,0.111
"single word","BPC4_5",1,"radio_use_other","Radio programming used for election news: Other, please specify","satellite",1,0.111
"single word","BPC4_5",1,"radio_use_other","Radio programming used for election news: Other, please specify","way",1,0.111
"single word","BPC4_5",1,"radio_use_other","Radio programming used for election news: Other, please specify","wsb",1,0.111
"single word","BPC13",4,"reg_act_official_mode","How contacts election officials about how to register and vote","online",6,0.086
"single word","BPC13",4,"reg_act_official_mode","How contacts election officials about how to register and vote","website",6,0.086
"single word","BPC13",4,"reg_act_official_mode","How contacts election officials about how to register and vote","mail",5,0.071
"single word","BPC13",4,"reg_act_official_mode","How contacts election officials about how to register and vote","state",3,0.043
"single word","BPC13",4,"reg_act_official_mode","How contacts election officials about how to register and vote","circulars",2,0.029
"single word","BPC13",4,"reg_act_official_mode","How contacts election officials about how to register and vote","election",2,0.029
"single word","BPC13",4,"reg_act_official_mode","How contacts election officials about how to register and vote","elections",2,0.029
"single word","BPC13",4,"reg_act_official_mode","How contacts election officials about how to register and vote","go",2,0.029
"single word","BPC13",4,"reg_act_official_mode","How contacts election officials about how to register and vote","information",2,0.029
"single word","BPC13",4,"reg_act_official_mode","How contacts election officials about how to register and vote","local",2,0.029
"single word","BPC13",4,"reg_act_official_mode","How contacts election officials about how to register and vote","official",2,0.029
"single word","BPC13",4,"reg_act_official_mode","How contacts election officials about how to register and vote","search",2,0.029
"single word","BPC13",4,"reg_act_official_mode","How contacts election officials about how to register and vote","and/or",1,0.014
"single word","BPC13",4,"reg_act_official_mode","How contacts election officials about how to register and vote","anything",1,0.014
"single word","BPC13",4,"reg_act_official_mode","How contacts election officials about how to register and vote","ballot",1,0.014
"single word","BPC13",4,"reg_act_official_mode","How contacts election officials about how to register and vote","campaign",1,0.014
"single word","BPC13",4,"reg_act_official_mode","How contacts election officials about how to register and vote","candidates",1,0.014
"single word","BPC13",4,"reg_act_official_mode","How contacts election officials about how to register and vote","carrier",1,0.014
"single word","BPC13",4,"reg_act_official_mode","How contacts election officials about how to register and vote","check",1,0.014
"single word","BPC13",4,"reg_act_official_mode","How contacts election officials about how to register and vote","county",1,0.014
"single word","BPC13",4,"reg_act_official_mode","How contacts election officials about how to register and vote","day",1,0.014
"single word","BPC13",4,"reg_act_official_mode","How contacts election officials about how to register and vote","email",1,0.014
"single word","BPC13",4,"reg_act_official_mode","How contacts election officials about how to register and vote","entities",1,0.014
"single word","BPC13",4,"reg_act_official_mode","How contacts election officials about how to register and vote","first",1,0.014
"single word","BPC13",4,"reg_act_official_mode","How contacts election officials about how to register and vote","get",1,0.014
"single word","BPC13",4,"reg_act_official_mode","How contacts election officials about how to register and vote","gets",1,0.014
"single word","BPC13",4,"reg_act_official_mode","How contacts election officials about how to register and vote","info",1,0.014
"single word","BPC13",4,"reg_act_official_mode","How contacts election officials about how to register and vote","inquire",1,0.014
"single word","BPC13",4,"reg_act_official_mode","How contacts election officials about how to register and vote","internet",1,0.014
"single word","BPC13",4,"reg_act_official_mode","How contacts election officials about how to register and vote","it’s",1,0.014
"single word","BPC13",4,"reg_act_official_mode","How contacts election officials about how to register and vote","know",1,0.014
"single word","BPC13",4,"reg_act_official_mode","How contacts election officials about how to register and vote","line",1,0.014
"single word","BPC13",4,"reg_act_official_mode","How contacts election officials about how to register and vote","mailed",1,0.014
"single word","BPC13",4,"reg_act_official_mode","How contacts election officials about how to register and vote","naik",1,0.014
"single word","BPC13",4,"reg_act_official_mode","How contacts election officials about how to register and vote","need",1,0.014
"single word","BPC13",4,"reg_act_official_mode","How contacts election officials about how to register and vote","neighbor",1,0.014
"single word","BPC13",4,"reg_act_official_mode","How contacts election officials about how to register and vote","office",1,0.014
"single word","BPC13",4,"reg_act_official_mode","How contacts election officials about how to register and vote","receive",1,0.014
"single word","BPC13",4,"reg_act_official_mode","How contacts election officials about how to register and vote","register",1,0.014
"single word","BPC13",4,"reg_act_official_mode","How contacts election officials about how to register and vote","sent",1,0.014
"single word","BPC13",4,"reg_act_official_mode","How contacts election officials about how to register and vote","site",1,0.014
"single word","BPC13",4,"reg_act_official_mode","How contacts election officials about how to register and vote","talked",1,0.014
"single word","BPC13",4,"reg_act_official_mode","How contacts election officials about how to register and vote","text",1,0.014
"single word","BPC13",4,"reg_act_official_mode","How contacts election officials about how to register and vote","tv",1,0.014
"single word","BPC13",4,"reg_act_official_mode","How contacts election officials about how to register and vote","websites",1,0.014
"single word","BPC13",4,"reg_act_official_mode","How contacts election officials about how to register and vote","wensite",1,0.014
"single word","BPC15_15",1,"reg_act_social_other","Social media platforms used for information about how to register and vote: Other, please specify","twitch",1,1
"single word","BPC11_11",1,"reg_act_src_other","Sources used to find information about how to register and vote: Other, please specify","mail",5,0.066
"single word","BPC11_11",1,"reg_act_src_other","Sources used to find information about how to register and vote: Other, please specify","registered",4,0.053
"single word","BPC11_11",1,"reg_act_src_other","Sources used to find information about how to register and vote: Other, please specify","state",4,0.053
"single word","BPC11_11",1,"reg_act_src_other","Sources used to find information about how to register and vote: Other, please specify","election",3,0.039
"single word","BPC11_11",1,"reg_act_src_other","Sources used to find information about how to register and vote: Other, please specify","voters",3,0.039
"single word","BPC11_11",1,"reg_act_src_other","Sources used to find information about how to register and vote: Other, please specify","website",3,0.039
"single word","BPC11_11",1,"reg_act_src_other","Sources used to find information about how to register and vote: Other, please specify","check",2,0.026
"single word","BPC11_11",1,"reg_act_src_other","Sources used to find information about how to register and vote: Other, please specify","dmv",2,0.026
"single word","BPC11_11",1,"reg_act_src_other","Sources used to find information about how to register and vote: Other, please specify","get",2,0.026
"single word","BPC11_11",1,"reg_act_src_other","Sources used to find information about how to register and vote: Other, please specify","know",2,0.026
"single word","BPC11_11",1,"reg_act_src_other","Sources used to find information about how to register and vote: Other, please specify","registration",2,0.026
"single word","BPC11_11",1,"reg_act_src_other","Sources used to find information about how to register and vote: Other, please specify","vote",2,0.026
"single word","BPC11_11",1,"reg_act_src_other","Sources used to find information about how to register and vote: Other, please specify","40",1,0.013
"single word","BPC11_11",1,"reg_act_src_other","Sources used to find information about how to register and vote: Other, please specify","already",1,0.013
"single word","BPC11_11",1,"reg_act_src_other","Sources used to find information about how to register and vote: Other, please specify","ballot",1,0.013
"single word","BPC11_11",1,"reg_act_src_other","Sources used to find information about how to register and vote: Other, please specify","ballot-trax",1,0.013
"single word","BPC11_11",1,"reg_act_src_other","Sources used to find information about how to register and vote: Other, please specify","bill",1,0.013
"single word","BPC11_11",1,"reg_act_src_other","Sources used to find information about how to register and vote: Other, please specify","bmv",1,0.013
"single word","BPC11_11",1,"reg_act_src_other","Sources used to find information about how to register and vote: Other, please specify","cable",1,0.013
"single word","BPC11_11",1,"reg_act_src_other","Sources used to find information about how to register and vote: Other, please specify","card",1,0.013
"single word","BPC11_11",1,"reg_act_src_other","Sources used to find information about how to register and vote: Other, please specify","committee",1,0.013
"single word","BPC11_11",1,"reg_act_src_other","Sources used to find information about how to register and vote: Other, please specify","county",1,0.013
"single word","BPC11_11",1,"reg_act_src_other","Sources used to find information about how to register and vote: Other, please specify","department",1,0.013
"single word","BPC11_11",1,"reg_act_src_other","Sources used to find information about how to register and vote: Other, please specify","directly",1,0.013
"single word","BPC11_11",1,"reg_act_src_other","Sources used to find information about how to register and vote: Other, please specify","fox",1,0.013
"single word","BPC11_11",1,"reg_act_src_other","Sources used to find information about how to register and vote: Other, please specify","geaux",1,0.013
"single word","BPC11_11",1,"reg_act_src_other","Sources used to find information about how to register and vote: Other, please specify","home",1,0.013
"single word","BPC11_11",1,"reg_act_src_other","Sources used to find information about how to register and vote: Other, please specify","i’m",1,0.013
"single word","BPC11_11",1,"reg_act_src_other","Sources used to find information about how to register and vote: Other, please specify","letting",1,0.013
"single word","BPC11_11",1,"reg_act_src_other","Sources used to find information about how to register and vote: Other, please specify","local",1,0.013
"single word","BPC11_11",1,"reg_act_src_other","Sources used to find information about how to register and vote: Other, please specify","louisiana",1,0.013
"single word","BPC11_11",1,"reg_act_src_other","Sources used to find information about how to register and vote: Other, please specify","mailed",1,0.013
"single word","BPC11_11",1,"reg_act_src_other","Sources used to find information about how to register and vote: Other, please specify","need",1,0.013
"single word","BPC11_11",1,"reg_act_src_other","Sources used to find information about how to register and vote: Other, please specify","news",1,0.013
"single word","BPC11_11",1,"reg_act_src_other","Sources used to find information about how to register and vote: Other, please specify","notice",1,0.013
"single word","BPC11_11",1,"reg_act_src_other","Sources used to find information about how to register and vote: Other, please specify","office",1,0.013
"single word","BPC11_11",1,"reg_act_src_other","Sources used to find information about how to register and vote: Other, please specify","openand",1,0.013
"single word","BPC11_11",1,"reg_act_src_other","Sources used to find information about how to register and vote: Other, please specify","oreilly",1,0.013
"single word","BPC11_11",1,"reg_act_src_other","Sources used to find information about how to register and vote: Other, please specify","pa",1,0.013
"single word","BPC11_11",1,"reg_act_src_other","Sources used to find information about how to register and vote: Other, please specify","pamphlet",1,0.013
"single word","BPC11_11",1,"reg_act_src_other","Sources used to find information about how to register and vote: Other, please specify","polls",1,0.013
"single word","BPC11_11",1,"reg_act_src_other","Sources used to find information about how to register and vote: Other, please specify","post",1,0.013
"single word","BPC11_11",1,"reg_act_src_other","Sources used to find information about how to register and vote: Other, please specify","register",1,0.013
"single word","BPC11_11",1,"reg_act_src_other","Sources used to find information about how to register and vote: Other, please specify","reminder",1,0.013
"single word","BPC11_11",1,"reg_act_src_other","Sources used to find information about how to register and vote: Other, please specify","rov",1,0.013
"single word","BPC11_11",1,"reg_act_src_other","Sources used to find information about how to register and vote: Other, please specify","secretary",1,0.013
"single word","BPC11_11",1,"reg_act_src_other","Sources used to find information about how to register and vote: Other, please specify","see",1,0.013
"single word","BPC11_11",1,"reg_act_src_other","Sources used to find information about how to register and vote: Other, please specify","send",1,0.013
"single word","BPC11_11",1,"reg_act_src_other","Sources used to find information about how to register and vote: Other, please specify","telling",1,0.013
"single word","BPC11_11",1,"reg_act_src_other","Sources used to find information about how to register and vote: Other, please specify","to--already",1,0.013
"single word","BPC11_11",1,"reg_act_src_other","Sources used to find information about how to register and vote: Other, please specify","town",1,0.013
"single word","BPC11_11",1,"reg_act_src_other","Sources used to find information about how to register and vote: Other, please specify","voter",1,0.013
"single word","BPC11_11",1,"reg_act_src_other","Sources used to find information about how to register and vote: Other, please specify","website’s",1,0.013
"single word","BPC11_11",1,"reg_act_src_other","Sources used to find information about how to register and vote: Other, please specify","years",1,0.013
"single word","BPC14",4,"reg_hyp_official_mode","How would contact election officials about how to register and vote","ballot",1,0.071
"single word","BPC14",4,"reg_hyp_official_mode","How would contact election officials about how to register and vote","committee",1,0.071
"single word","BPC14",4,"reg_hyp_official_mode","How would contact election officials about how to register and vote","detroit",1,0.071
"single word","BPC14",4,"reg_hyp_official_mode","How would contact election officials about how to register and vote","distance",1,0.071
"single word","BPC14",4,"reg_hyp_official_mode","How would contact election officials about how to register and vote","election",1,0.071
"single word","BPC14",4,"reg_hyp_official_mode","How would contact election officials about how to register and vote","live",1,0.071
"single word","BPC14",4,"reg_hyp_official_mode","How would contact election officials about how to register and vote","mail",1,0.071
"single word","BPC14",4,"reg_hyp_official_mode","How would contact election officials about how to register and vote","office",1,0.071
"single word","BPC14",4,"reg_hyp_official_mode","How would contact election officials about how to register and vote","officr",1,0.071
"single word","BPC14",4,"reg_hyp_official_mode","How would contact election officials about how to register and vote","receive",1,0.071
"single word","BPC14",4,"reg_hyp_official_mode","How would contact election officials about how to register and vote","related",1,0.071
"single word","BPC14",4,"reg_hyp_official_mode","How would contact election officials about how to register and vote","running",1,0.071
"single word","BPC14",4,"reg_hyp_official_mode","How would contact election officials about how to register and vote","someone",1,0.071
"single word","BPC14",4,"reg_hyp_official_mode","How would contact election officials about how to register and vote","walking",1,0.071
"single word","BPC12_11",1,"reg_hyp_src_other","Sources would use to find information about how to register and vote: Other, please specify","county",5,0.132
"single word","BPC12_11",1,"reg_hyp_src_other","Sources would use to find information about how to register and vote: Other, please specify","vote",3,0.079
"single word","BPC12_11",1,"reg_hyp_src_other","Sources would use to find information about how to register and vote: Other, please specify","already",2,0.053
"single word","BPC12_11",1,"reg_hyp_src_other","Sources would use to find information about how to register and vote: Other, please specify","office",2,0.053
"single word","BPC12_11",1,"reg_hyp_src_other","Sources would use to find information about how to register and vote: Other, please specify","online",2,0.053
"single word","BPC12_11",1,"reg_hyp_src_other","Sources would use to find information about how to register and vote: Other, please specify","website",2,0.053
"single word","BPC12_11",1,"reg_hyp_src_other","Sources would use to find information about how to register and vote: Other, please specify","card",1,0.026
"single word","BPC12_11",1,"reg_hyp_src_other","Sources would use to find information about how to register and vote: Other, please specify","clerks",1,0.026
"single word","BPC12_11",1,"reg_hyp_src_other","Sources would use to find information about how to register and vote: Other, please specify","cnn",1,0.026
"single word","BPC12_11",1,"reg_hyp_src_other","Sources would use to find information about how to register and vote: Other, please specify","courthouse",1,0.026
"single word","BPC12_11",1,"reg_hyp_src_other","Sources would use to find information about how to register and vote: Other, please specify","don’t",1,0.026
"single word","BPC12_11",1,"reg_hyp_src_other","Sources would use to find information about how to register and vote: Other, please specify","election",1,0.026
"single word","BPC12_11",1,"reg_hyp_src_other","Sources would use to find information about how to register and vote: Other, please specify","elections",1,0.026
"single word","BPC12_11",1,"reg_hyp_src_other","Sources would use to find information about how to register and vote: Other, please specify","gemini",1,0.026
"single word","BPC12_11",1,"reg_hyp_src_other","Sources would use to find information about how to register and vote: Other, please specify","google",1,0.026
"single word","BPC12_11",1,"reg_hyp_src_other","Sources would use to find information about how to register and vote: Other, please specify","ibrary",1,0.026
"single word","BPC12_11",1,"reg_hyp_src_other","Sources would use to find information about how to register and vote: Other, please specify","information",1,0.026
"single word","BPC12_11",1,"reg_hyp_src_other","Sources would use to find information about how to register and vote: Other, please specify","know",1,0.026
"single word","BPC12_11",1,"reg_hyp_src_other","Sources would use to find information about how to register and vote: Other, please specify","looked",1,0.026
"single word","BPC12_11",1,"reg_hyp_src_other","Sources would use to find information about how to register and vote: Other, please specify","ms",1,0.026
"single word","BPC12_11",1,"reg_hyp_src_other","Sources would use to find information about how to register and vote: Other, please specify","now",1,0.026
"single word","BPC12_11",1,"reg_hyp_src_other","Sources would use to find information about how to register and vote: Other, please specify","public",1,0.026
"single word","BPC12_11",1,"reg_hyp_src_other","Sources would use to find information about how to register and vote: Other, please specify","registered",1,0.026
"single word","BPC12_11",1,"reg_hyp_src_other","Sources would use to find information about how to register and vote: Other, please specify","registration",1,0.026
"single word","BPC12_11",1,"reg_hyp_src_other","Sources would use to find information about how to register and vote: Other, please specify","state",1,0.026
"single word","BPC12_11",1,"reg_hyp_src_other","Sources would use to find information about how to register and vote: Other, please specify","supervisor",1,0.026
"single word","BPC12_11",1,"reg_hyp_src_other","Sources would use to find information about how to register and vote: Other, please specify","voters",1,0.026
"single word","BPC12_11",1,"reg_hyp_src_other","Sources would use to find information about how to register and vote: Other, please specify","voting",1,0.026
"single word","BPC21",4,"run_act_official_mode","How contacts election officials about how elections are run","elections",3,0.053
"single word","BPC21",4,"run_act_official_mode","How contacts election officials about how elections are run","bill",2,0.035
"single word","BPC21",4,"run_act_official_mode","How contacts election officials about how elections are run","county",2,0.035
"single word","BPC21",4,"run_act_official_mode","How contacts election officials about how elections are run","election",2,0.035
"single word","BPC21",4,"run_act_official_mode","How contacts election officials about how elections are run","internet",2,0.035
"single word","BPC21",4,"run_act_official_mode","How contacts election officials about how elections are run","know",2,0.035
"single word","BPC21",4,"run_act_official_mode","How contacts election officials about how elections are run","official",2,0.035
"single word","BPC21",4,"run_act_official_mode","How contacts election officials about how elections are run","website",2,0.035
"single word","BPC21",4,"run_act_official_mode","How contacts election officials about how elections are run","anything",1,0.018
"single word","BPC21",4,"run_act_official_mode","How contacts election officials about how elections are run","ballot",1,0.018
"single word","BPC21",4,"run_act_official_mode","How contacts election officials about how elections are run","city",1,0.018
"single word","BPC21",4,"run_act_official_mode","How contacts election officials about how elections are run","day",1,0.018
"single word","BPC21",4,"run_act_official_mode","How contacts election officials about how elections are run","email",1,0.018
"single word","BPC21",4,"run_act_official_mode","How contacts election officials about how elections are run","embedded",1,0.018
"single word","BPC21",4,"run_act_official_mode","How contacts election officials about how elections are run","fill",1,0.018
"single word","BPC21",4,"run_act_official_mode","How contacts election officials about how elections are run","google",1,0.018
"single word","BPC21",4,"run_act_official_mode","How contacts election officials about how elections are run","gop",1,0.018
"single word","BPC21",4,"run_act_official_mode","How contacts election officials about how elections are run","hall",1,0.018
"single word","BPC21",4,"run_act_official_mode","How contacts election officials about how elections are run","he’s",1,0.018
"single word","BPC21",4,"run_act_official_mode","How contacts election officials about how elections are run","let",1,0.018
"single word","BPC21",4,"run_act_official_mode","How contacts election officials about how elections are run","mail",1,0.018
"single word","BPC21",4,"run_act_official_mode","How contacts election officials about how elections are run","mailbox",1,0.018
"single word","BPC21",4,"run_act_official_mode","How contacts election officials about how elections are run","many",1,0.018
"single word","BPC21",4,"run_act_official_mode","How contacts election officials about how elections are run","media",1,0.018
"single word","BPC21",4,"run_act_official_mode","How contacts election officials about how elections are run","message",1,0.018
"single word","BPC21",4,"run_act_official_mode","How contacts election officials about how elections are run","michigan",1,0.018
"single word","BPC21",4,"run_act_official_mode","How contacts election officials about how elections are run","need",1,0.018
"single word","BPC21",4,"run_act_official_mode","How contacts election officials about how elections are run","neighbor",1,0.018
"single word","BPC21",4,"run_act_official_mode","How contacts election officials about how elections are run","newsletters",1,0.018
"single word","BPC21",4,"run_act_official_mode","How contacts election officials about how elections are run","office",1,0.018
"single word","BPC21",4,"run_act_official_mode","How contacts election officials about how elections are run","oreilly",1,0.018
"single word","BPC21",4,"run_act_official_mode","How contacts election officials about how elections are run","paying",1,0.018
"single word","BPC21",4,"run_act_official_mode","How contacts election officials about how elections are run","poll",1,0.018
"single word","BPC21",4,"run_act_official_mode","How contacts election officials about how elections are run","put",1,0.018
"single word","BPC21",4,"run_act_official_mode","How contacts election officials about how elections are run","read",1,0.018
"single word","BPC21",4,"run_act_official_mode","How contacts election officials about how elections are run","receive",1,0.018
"single word","BPC21",4,"run_act_official_mode","How contacts election officials about how elections are run","search",1,0.018
"single word","BPC21",4,"run_act_official_mode","How contacts election officials about how elections are run","send",1,0.018
"single word","BPC21",4,"run_act_official_mode","How contacts election officials about how elections are run","social",1,0.018
"single word","BPC21",4,"run_act_official_mode","How contacts election officials about how elections are run","stop",1,0.018
"single word","BPC21",4,"run_act_official_mode","How contacts election officials about how elections are run","text",1,0.018
"single word","BPC21",4,"run_act_official_mode","How contacts election officials about how elections are run","times",1,0.018
"single word","BPC21",4,"run_act_official_mode","How contacts election officials about how elections are run","visit",1,0.018
"single word","BPC21",4,"run_act_official_mode","How contacts election officials about how elections are run","volunteer",1,0.018
"single word","BPC21",4,"run_act_official_mode","How contacts election officials about how elections are run","water",1,0.018
"single word","BPC21",4,"run_act_official_mode","How contacts election officials about how elections are run","websites",1,0.018
"single word","BPC21",4,"run_act_official_mode","How contacts election officials about how elections are run","work",1,0.018
"single word","BPC21",4,"run_act_official_mode","How contacts election officials about how elections are run","worker",1,0.018
"single word","BPC23_15",1,"run_act_social_other","Social media platforms used for information about how elections are run: Other, please specify","google",1,1
"single word","BPC19_11",1,"run_act_src_other","Sources used to find information about how elections are run: Other, please specify","local",2,0.083
"single word","BPC19_11",1,"run_act_src_other","Sources used to find information about how elections are run: Other, please specify","50",1,0.042
"single word","BPC19_11",1,"run_act_src_other","Sources used to find information about how elections are run: Other, please specify","already",1,0.042
"single word","BPC19_11",1,"run_act_src_other","Sources used to find information about how elections are run: Other, please specify","cable",1,0.042
"single word","BPC19_11",1,"run_act_src_other","Sources used to find information about how elections are run: Other, please specify","commissioner",1,0.042
"single word","BPC19_11",1,"run_act_src_other","Sources used to find information about how elections are run: Other, please specify","fox",1,0.042
"single word","BPC19_11",1,"run_act_src_other","Sources used to find information about how elections are run: Other, please specify","go",1,0.042
"single word","BPC19_11",1,"run_act_src_other","Sources used to find information about how elections are run: Other, please specify","mail",1,0.042
"single word","BPC19_11",1,"run_act_src_other","Sources used to find information about how elections are run: Other, please specify","meeting",1,0.042
"single word","BPC19_11",1,"run_act_src_other","Sources used to find information about how elections are run: Other, please specify","month",1,0.042
"single word","BPC19_11",1,"run_act_src_other","Sources used to find information about how elections are run: Other, please specify","msnow",1,0.042
"single word","BPC19_11",1,"run_act_src_other","Sources used to find information about how elections are run: Other, please specify","need-",1,0.042
"single word","BPC19_11",1,"run_act_src_other","Sources used to find information about how elections are run: Other, please specify","news",1,0.042
"single word","BPC19_11",1,"run_act_src_other","Sources used to find information about how elections are run: Other, please specify","npr",1,0.042
"single word","BPC19_11",1,"run_act_src_other","Sources used to find information about how elections are run: Other, please specify","office",1,0.042
"single word","BPC19_11",1,"run_act_src_other","Sources used to find information about how elections are run: Other, please specify","pa",1,0.042
"single word","BPC19_11",1,"run_act_src_other","Sources used to find information about how elections are run: Other, please specify","reddit",1,0.042
"single word","BPC19_11",1,"run_act_src_other","Sources used to find information about how elections are run: Other, please specify","registered",1,0.042
"single word","BPC19_11",1,"run_act_src_other","Sources used to find information about how elections are run: Other, please specify","township",1,0.042
"single word","BPC19_11",1,"run_act_src_other","Sources used to find information about how elections are run: Other, please specify","voter",1,0.042
"single word","BPC19_11",1,"run_act_src_other","Sources used to find information about how elections are run: Other, please specify","voting",1,0.042
"single word","BPC19_11",1,"run_act_src_other","Sources used to find information about how elections are run: Other, please specify","website",1,0.042
"single word","BPC19_11",1,"run_act_src_other","Sources used to find information about how elections are run: Other, please specify","years",1,0.042
"single word","BPC22",4,"run_hyp_official_mode","How would contact election officials about how elections are run","get",1,0.2
"single word","BPC22",4,"run_hyp_official_mode","How would contact election officials about how elections are run","information",1,0.2
"single word","BPC22",4,"run_hyp_official_mode","How would contact election officials about how elections are run","online",1,0.2
"single word","BPC22",4,"run_hyp_official_mode","How would contact election officials about how elections are run","state",1,0.2
"single word","BPC22",4,"run_hyp_official_mode","How would contact election officials about how elections are run","website",1,0.2
"single word","BPC20_11",1,"run_hyp_src_other","Sources would use to find information about how elections are run: Other, please specify","election",2,0.056
"single word","BPC20_11",1,"run_hyp_src_other","Sources would use to find information about how elections are run: Other, please specify","information",2,0.056
"single word","BPC20_11",1,"run_hyp_src_other","Sources would use to find information about how elections are run: Other, please specify","judge",2,0.056
"single word","BPC20_11",1,"run_hyp_src_other","Sources would use to find information about how elections are run: Other, please specify","need",2,0.056
"single word","BPC20_11",1,"run_hyp_src_other","Sources would use to find information about how elections are run: Other, please specify","ago",1,0.028
"single word","BPC20_11",1,"run_hyp_src_other","Sources would use to find information about how elections are run: Other, please specify","ask",1,0.028
"single word","BPC20_11",1,"run_hyp_src_other","Sources would use to find information about how elections are run: Other, please specify","cnn",1,0.028
"single word","BPC20_11",1,"run_hyp_src_other","Sources would use to find information about how elections are run: Other, please specify","gemini",1,0.028
"single word","BPC20_11",1,"run_hyp_src_other","Sources would use to find information about how elections are run: Other, please specify","get",1,0.028
"single word","BPC20_11",1,"run_hyp_src_other","Sources would use to find information about how elections are run: Other, please specify","interested",1,0.028
"single word","BPC20_11",1,"run_hyp_src_other","Sources would use to find information about how elections are run: Other, please specify","keep",1,0.028
"single word","BPC20_11",1,"run_hyp_src_other","Sources would use to find information about how elections are run: Other, please specify","library",1,0.028
"single word","BPC20_11",1,"run_hyp_src_other","Sources would use to find information about how elections are run: Other, please specify","local",1,0.028
"single word","BPC20_11",1,"run_hyp_src_other","Sources would use to find information about how elections are run: Other, please specify","many",1,0.028
"single word","BPC20_11",1,"run_hyp_src_other","Sources would use to find information about how elections are run: Other, please specify","mentioned",1,0.028
"single word","BPC20_11",1,"run_hyp_src_other","Sources would use to find information about how elections are run: Other, please specify","ms",1,0.028
"single word","BPC20_11",1,"run_hyp_src_other","Sources would use to find information about how elections are run: Other, please specify","necessary",1,0.028
"single word","BPC20_11",1,"run_hyp_src_other","Sources would use to find information about how elections are run: Other, please specify","neighbors",1,0.028
"single word","BPC20_11",1,"run_hyp_src_other","Sources would use to find information about how elections are run: Other, please specify","now",1,0.028
"single word","BPC20_11",1,"run_hyp_src_other","Sources would use to find information about how elections are run: Other, please specify","office",1,0.028
"single word","BPC20_11",1,"run_hyp_src_other","Sources would use to find information about how elections are run: Other, please specify","online",1,0.028
"single word","BPC20_11",1,"run_hyp_src_other","Sources would use to find information about how elections are run: Other, please specify","poll",1,0.028
"single word","BPC20_11",1,"run_hyp_src_other","Sources would use to find information about how elections are run: Other, please specify","questions",1,0.028
"single word","BPC20_11",1,"run_hyp_src_other","Sources would use to find information about how elections are run: Other, please specify","relative",1,0.028
"single word","BPC20_11",1,"run_hyp_src_other","Sources would use to find information about how elections are run: Other, please specify","running",1,0.028
"single word","BPC20_11",1,"run_hyp_src_other","Sources would use to find information about how elections are run: Other, please specify","search",1,0.028
"single word","BPC20_11",1,"run_hyp_src_other","Sources would use to find information about how elections are run: Other, please specify","seek",1,0.028
"single word","BPC20_11",1,"run_hyp_src_other","Sources would use to find information about how elections are run: Other, please specify","simple",1,0.028
"single word","BPC20_11",1,"run_hyp_src_other","Sources would use to find information about how elections are run: Other, please specify","trained",1,0.028
"single word","BPC20_11",1,"run_hyp_src_other","Sources would use to find information about how elections are run: Other, please specify","watcher",1,0.028
"single word","BPC20_11",1,"run_hyp_src_other","Sources would use to find information about how elections are run: Other, please specify","worked",1,0.028
"single word","BPC20_11",1,"run_hyp_src_other","Sources would use to find information about how elections are run: Other, please specify","years",1,0.028
"single word","BPC6_15",1,"social_use_other","Social media platforms used for election news: Other, please specify","goggle",1,0.167
"single word","BPC6_15",1,"social_use_other","Social media platforms used for election news: Other, please specify","new12com",1,0.167
"single word","BPC6_15",1,"social_use_other","Social media platforms used for election news: Other, please specify","quora",1,0.167
"single word","BPC6_15",1,"social_use_other","Social media platforms used for election news: Other, please specify","reddit",1,0.167
"single word","BPC6_15",1,"social_use_other","Social media platforms used for election news: Other, please specify","wcprradio",1,0.167
"single word","BPC6_15",1,"social_use_other","Social media platforms used for election news: Other, please specify","website",1,0.167
"single word","BPC2_13",1,"src_use_other","Main sources for election news and information: Other, please specify","news",12,0.167
"single word","BPC2_13",1,"src_use_other","Main sources for election news and information: Other, please specify","fox",4,0.056
"single word","BPC2_13",1,"src_use_other","Main sources for election news and information: Other, please specify","cable",2,0.028
"single word","BPC2_13",1,"src_use_other","Main sources for election news and information: Other, please specify","clerks",2,0.028
"single word","BPC2_13",1,"src_use_other","Main sources for election news and information: Other, please specify","county",2,0.028
"single word","BPC2_13",1,"src_use_other","Main sources for election news and information: Other, please specify","independent",2,0.028
"single word","BPC2_13",1,"src_use_other","Main sources for election news and information: Other, please specify","media",2,0.028
"single word","BPC2_13",1,"src_use_other","Main sources for election news and information: Other, please specify","newsmax",2,0.028
"single word","BPC2_13",1,"src_use_other","Main sources for election news and information: Other, please specify","office",2,0.028
"single word","BPC2_13",1,"src_use_other","Main sources for election news and information: Other, please specify","sources",2,0.028
"single word","BPC2_13",1,"src_use_other","Main sources for election news and information: Other, please specify","websites",2,0.028
"single word","BPC2_13",1,"src_use_other","Main sources for election news and information: Other, please specify","3",1,0.014
"single word","BPC2_13",1,"src_use_other","Main sources for election news and information: Other, please specify","abc",1,0.014
"single word","BPC2_13",1,"src_use_other","Main sources for election news and information: Other, please specify","browser",1,0.014
"single word","BPC2_13",1,"src_use_other","Main sources for election news and information: Other, please specify","candidate",1,0.014
"single word","BPC2_13",1,"src_use_other","Main sources for election news and information: Other, please specify","carrier",1,0.014
"single word","BPC2_13",1,"src_use_other","Main sources for election news and information: Other, please specify","cbs",1,0.014
"single word","BPC2_13",1,"src_use_other","Main sources for election news and information: Other, please specify","complication",1,0.014
"single word","BPC2_13",1,"src_use_other","Main sources for election news and information: Other, please specify","content",1,0.014
"single word","BPC2_13",1,"src_use_other","Main sources for election news and information: Other, please specify","creators",1,0.014
"single word","BPC2_13",1,"src_use_other","Main sources for election news and information: Other, please specify","daily",1,0.014
"single word","BPC2_13",1,"src_use_other","Main sources for election news and information: Other, please specify","elections",1,0.014
"single word","BPC2_13",1,"src_use_other","Main sources for election news and information: Other, please specify","email",1,0.014
"single word","BPC2_13",1,"src_use_other","Main sources for election news and information: Other, please specify","haystack",1,0.014
"single word","BPC2_13",1,"src_use_other","Main sources for election news and information: Other, please specify","idiots",1,0.014
"single word","BPC2_13",1,"src_use_other","Main sources for election news and information: Other, please specify","international",1,0.014
"single word","BPC2_13",1,"src_use_other","Main sources for election news and information: Other, please specify","john",1,0.014
"single word","BPC2_13",1,"src_use_other","Main sources for election news and information: Other, please specify","keep",1,0.014
"single word","BPC2_13",1,"src_use_other","Main sources for election news and information: Other, please specify","liberal",1,0.014
"single word","BPC2_13",1,"src_use_other","Main sources for election news and information: Other, please specify","lie",1,0.014
"single word","BPC2_13",1,"src_use_other","Main sources for election news and information: Other, please specify","mail",1,0.014
"single word","BPC2_13",1,"src_use_other","Main sources for election news and information: Other, please specify","msnow",1,0.014
"single word","BPC2_13",1,"src_use_other","Main sources for election news and information: Other, please specify","national",1,0.014
"single word","BPC2_13",1,"src_use_other","Main sources for election news and information: Other, please specify","nbc",1,0.014
"single word","BPC2_13",1,"src_use_other","Main sources for election news and information: Other, please specify","oliver",1,0.014
"single word","BPC2_13",1,"src_use_other","Main sources for election news and information: Other, please specify","page",1,0.014
"single word","BPC2_13",1,"src_use_other","Main sources for election news and information: Other, please specify","paid",1,0.014
"single word","BPC2_13",1,"src_use_other","Main sources for election news and information: Other, please specify","social",1,0.014
"single word","BPC2_13",1,"src_use_other","Main sources for election news and information: Other, please specify","splash",1,0.014
"single word","BPC2_13",1,"src_use_other","Main sources for election news and information: Other, please specify","subscriptions",1,0.014
"single word","BPC2_13",1,"src_use_other","Main sources for election news and information: Other, please specify","telegram",1,0.014
"single word","BPC2_13",1,"src_use_other","Main sources for election news and information: Other, please specify","time",1,0.014
"single word","BPC2_13",1,"src_use_other","Main sources for election news and information: Other, please specify","truth",1,0.014
"single word","BPC2_13",1,"src_use_other","Main sources for election news and information: Other, please specify","tube",1,0.014
"single word","BPC2_13",1,"src_use_other","Main sources for election news and information: Other, please specify","unbiased",1,0.014
"single word","BPC2_13",1,"src_use_other","Main sources for election news and information: Other, please specify","via",1,0.014
"single word","BPC2_13",1,"src_use_other","Main sources for election news and information: Other, please specify","wire",1,0.014
"single word","BPC2_13",1,"src_use_other","Main sources for election news and information: Other, please specify","yahoo",1,0.014
"single word","BPC2_13",1,"src_use_other","Main sources for election news and information: Other, please specify","youtube",1,0.014
"single word","BPC3_14",1,"tvnet_use_other","National television networks used for election news: Other, please specify","bbc",3,0.15
"single word","BPC3_14",1,"tvnet_use_other","National television networks used for election news: Other, please specify","1",1,0.05
"single word","BPC3_14",1,"tvnet_use_other","National television networks used for election news: Other, please specify","9",1,0.05
"single word","BPC3_14",1,"tvnet_use_other","National television networks used for election news: Other, please specify","americas",1,0.05
"single word","BPC3_14",1,"tvnet_use_other","National television networks used for election news: Other, please specify","bill",1,0.05
"single word","BPC3_14",1,"tvnet_use_other","National television networks used for election news: Other, please specify","c-span",1,0.05
"single word","BPC3_14",1,"tvnet_use_other","National television networks used for election news: Other, please specify","local",1,0.05
"single word","BPC3_14",1,"tvnet_use_other","National television networks used for election news: Other, please specify","news",1,0.05
"single word","BPC3_14",1,"tvnet_use_other","National television networks used for election news: Other, please specify","newsnation",1,0.05
"single word","BPC3_14",1,"tvnet_use_other","National television networks used for election news: Other, please specify","npr",1,0.05
"single word","BPC3_14",1,"tvnet_use_other","National television networks used for election news: Other, please specify","oreilly",1,0.05
"single word","BPC3_14",1,"tvnet_use_other","National television networks used for election news: Other, please specify","real",1,0.05
"single word","BPC3_14",1,"tvnet_use_other","National television networks used for election news: Other, please specify","spectrum",1,0.05
"single word","BPC3_14",1,"tvnet_use_other","National television networks used for election news: Other, please specify","television",1,0.05
"single word","BPC3_14",1,"tvnet_use_other","National television networks used for election news: Other, please specify","voice",1,0.05
"single word","BPC3_14",1,"tvnet_use_other","National television networks used for election news: Other, please specify","wion",1,0.05
"single word","BPC3_14",1,"tvnet_use_other","National television networks used for election news: Other, please specify","wmur",1,0.05
"single word","BPC3_14",1,"tvnet_use_other","National television networks used for election news: Other, please specify","wtaj",1,0.05
"single word","BPC29",4,"won_act_official_mode","How contacts election officials about who won an election","local",5,0.082
"single word","BPC29",4,"won_act_official_mode","How contacts election officials about who won an election","news",5,0.082
"single word","BPC29",4,"won_act_official_mode","How contacts election officials about who won an election","tv",4,0.066
"single word","BPC29",4,"won_act_official_mode","How contacts election officials about who won an election","election",3,0.049
"single word","BPC29",4,"won_act_official_mode","How contacts election officials about who won an election","online",3,0.049
"single word","BPC29",4,"won_act_official_mode","How contacts election officials about who won an election","results",3,0.049
"single word","BPC29",4,"won_act_official_mode","How contacts election officials about who won an election","watch",3,0.049
"single word","BPC29",4,"won_act_official_mode","How contacts election officials about who won an election","county",2,0.033
"single word","BPC29",4,"won_act_official_mode","How contacts election officials about who won an election","paper",2,0.033
"single word","BPC29",4,"won_act_official_mode","How contacts election officials about who won an election","radio",2,0.033
"single word","BPC29",4,"won_act_official_mode","How contacts election officials about who won an election","social",2,0.033
"single word","BPC29",4,"won_act_official_mode","How contacts election officials about who won an election","always",1,0.016
"single word","BPC29",4,"won_act_official_mode","How contacts election officials about who won an election","channel",1,0.016
"single word","BPC29",4,"won_act_official_mode","How contacts election officials about who won an election","check",1,0.016
"single word","BPC29",4,"won_act_official_mode","How contacts election officials about who won an election","citizens",1,0.016
"single word","BPC29",4,"won_act_official_mode","How contacts election officials about who won an election","cnn",1,0.016
"single word","BPC29",4,"won_act_official_mode","How contacts election officials about who won an election","country",1,0.016
"single word","BPC29",4,"won_act_official_mode","How contacts election officials about who won an election","coverage",1,0.016
"single word","BPC29",4,"won_act_official_mode","How contacts election officials about who won an election","elections",1,0.016
"single word","BPC29",4,"won_act_official_mode","How contacts election officials about who won an election","go",1,0.016
"single word","BPC29",4,"won_act_official_mode","How contacts election officials about who won an election","google",1,0.016
"single word","BPC29",4,"won_act_official_mode","How contacts election officials about who won an election","information",1,0.016
"single word","BPC29",4,"won_act_official_mode","How contacts election officials about who won an election","informing",1,0.016
"single word","BPC29",4,"won_act_official_mode","How contacts election officials about who won an election","internet",1,0.016
"single word","BPC29",4,"won_act_official_mode","How contacts election officials about who won an election","listen",1,0.016
"single word","BPC29",4,"won_act_official_mode","How contacts election officials about who won an election","localtv",1,0.016
"single word","BPC29",4,"won_act_official_mode","How contacts election officials about who won an election","media",1,0.016
"single word","BPC29",4,"won_act_official_mode","How contacts election officials about who won an election","national",1,0.016
"single word","BPC29",4,"won_act_official_mode","How contacts election officials about who won an election","network",1,0.016
"single word","BPC29",4,"won_act_official_mode","How contacts election officials about who won an election","page",1,0.016
"single word","BPC29",4,"won_act_official_mode","How contacts election officials about who won an election","public",1,0.016
"single word","BPC29",4,"won_act_official_mode","How contacts election officials about who won an election","reporting",1,0.016
"single word","BPC29",4,"won_act_official_mode","How contacts election officials about who won an election","search",1,0.016
"single word","BPC29",4,"won_act_official_mode","How contacts election officials about who won an election","site",1,0.016
"single word","BPC29",4,"won_act_official_mode","How contacts election officials about who won an election","speech",1,0.016
"single word","BPC29",4,"won_act_official_mode","How contacts election officials about who won an election","supervisor",1,0.016
"single word","BPC29",4,"won_act_official_mode","How contacts election officials about who won an election","website",1,0.016
"single word","BPC29",4,"won_act_official_mode","How contacts election officials about who won an election","websites",1,0.016
"single word","BPC31_15",1,"won_act_social_other","Social media platforms used for information about who won an election: Other, please specify","cnn",1,0.143
"single word","BPC31_15",1,"won_act_social_other","Social media platforms used for information about who won an election: Other, please specify","gemini",1,0.143
"single word","BPC31_15",1,"won_act_social_other","Social media platforms used for information about who won an election: Other, please specify","google",1,0.143
"single word","BPC31_15",1,"won_act_social_other","Social media platforms used for information about who won an election: Other, please specify","local",1,0.143
"single word","BPC31_15",1,"won_act_social_other","Social media platforms used for information about who won an election: Other, please specify","meidas",1,0.143
"single word","BPC31_15",1,"won_act_social_other","Social media platforms used for information about who won an election: Other, please specify","news",1,0.143
"single word","BPC31_15",1,"won_act_social_other","Social media platforms used for information about who won an election: Other, please specify","touch",1,0.143
"single word","BPC27_11",1,"won_act_src_other","Sources used to find information about who won an election: Other, please specify","news",8,0.123
"single word","BPC27_11",1,"won_act_src_other","Sources used to find information about who won an election: Other, please specify","election",4,0.062
"single word","BPC27_11",1,"won_act_src_other","Sources used to find information about who won an election: Other, please specify","fox",4,0.062
"single word","BPC27_11",1,"won_act_src_other","Sources used to find information about who won an election: Other, please specify","tv",3,0.046
"single word","BPC27_11",1,"won_act_src_other","Sources used to find information about who won an election: Other, please specify","website",3,0.046
"single word","BPC27_11",1,"won_act_src_other","Sources used to find information about who won an election: Other, please specify","county",2,0.031
"single word","BPC27_11",1,"won_act_src_other","Sources used to find information about who won an election: Other, please specify","google",2,0.031
"single word","BPC27_11",1,"won_act_src_other","Sources used to find information about who won an election: Other, please specify","local",2,0.031
"single word","BPC27_11",1,"won_act_src_other","Sources used to find information about who won an election: Other, please specify","npr",2,0.031
"single word","BPC27_11",1,"won_act_src_other","Sources used to find information about who won an election: Other, please specify","radio",2,0.031
"single word","BPC27_11",1,"won_act_src_other","Sources used to find information about who won an election: Other, please specify","station",2,0.031
"single word","BPC27_11",1,"won_act_src_other","Sources used to find information about who won an election: Other, please specify","12",1,0.015
"single word","BPC27_11",1,"won_act_src_other","Sources used to find information about who won an election: Other, please specify","3",1,0.015
"single word","BPC27_11",1,"won_act_src_other","Sources used to find information about who won an election: Other, please specify","aggrogate",1,0.015
"single word","BPC27_11",1,"won_act_src_other","Sources used to find information about who won an election: Other, please specify","app",1,0.015
"single word","BPC27_11",1,"won_act_src_other","Sources used to find information about who won an election: Other, please specify","ben",1,0.015
"single word","BPC27_11",1,"won_act_src_other","Sources used to find information about who won an election: Other, please specify","board",1,0.015
"single word","BPC27_11",1,"won_act_src_other","Sources used to find information about who won an election: Other, please specify","cable",1,0.015
"single word","BPC27_11",1,"won_act_src_other","Sources used to find information about who won an election: Other, please specify","city",1,0.015
"single word","BPC27_11",1,"won_act_src_other","Sources used to find information about who won an election: Other, please specify","cnn",1,0.015
"single word","BPC27_11",1,"won_act_src_other","Sources used to find information about who won an election: Other, please specify","deceitful",1,0.015
"single word","BPC27_11",1,"won_act_src_other","Sources used to find information about who won an election: Other, please specify","elections",1,0.015
"single word","BPC27_11",1,"won_act_src_other","Sources used to find information about who won an election: Other, please specify","ever",1,0.015
"single word","BPC27_11",1,"won_act_src_other","Sources used to find information about who won an election: Other, please specify","fake",1,0.015
"single word","BPC27_11",1,"won_act_src_other","Sources used to find information about who won an election: Other, please specify","fucktards",1,0.015
"single word","BPC27_11",1,"won_act_src_other","Sources used to find information about who won an election: Other, please specify","information",1,0.015
"single word","BPC27_11",1,"won_act_src_other","Sources used to find information about who won an election: Other, please specify","it’s",1,0.015
"single word","BPC27_11",1,"won_act_src_other","Sources used to find information about who won an election: Other, please specify","listen",1,0.015
"single word","BPC27_11",1,"won_act_src_other","Sources used to find information about who won an election: Other, please specify","look",1,0.015
"single word","BPC27_11",1,"won_act_src_other","Sources used to find information about who won an election: Other, please specify","mail",1,0.015
"single word","BPC27_11",1,"won_act_src_other","Sources used to find information about who won an election: Other, please specify","meiseles",1,0.015
"single word","BPC27_11",1,"won_act_src_other","Sources used to find information about who won an election: Other, please specify","office",1,0.015
"single word","BPC27_11",1,"won_act_src_other","Sources used to find information about who won an election: Other, please specify","relative",1,0.015
"single word","BPC27_11",1,"won_act_src_other","Sources used to find information about who won an election: Other, please specify","results",1,0.015
"single word","BPC27_11",1,"won_act_src_other","Sources used to find information about who won an election: Other, please specify","running",1,0.015
"single word","BPC27_11",1,"won_act_src_other","Sources used to find information about who won an election: Other, please specify","sites",1,0.015
"single word","BPC27_11",1,"won_act_src_other","Sources used to find information about who won an election: Other, please specify","specific",1,0.015
"single word","BPC27_11",1,"won_act_src_other","Sources used to find information about who won an election: Other, please specify","state",1,0.015
"single word","BPC27_11",1,"won_act_src_other","Sources used to find information about who won an election: Other, please specify","supervisor",1,0.015
"single word","BPC27_11",1,"won_act_src_other","Sources used to find information about who won an election: Other, please specify","wral",1,0.015
"single word","BPC27_11",1,"won_act_src_other","Sources used to find information about who won an election: Other, please specify","y",1,0.015
"single word","BPC27_11",1,"won_act_src_other","Sources used to find information about who won an election: Other, please specify","youtube",1,0.015
"single word","BPC28_11",1,"won_hyp_src_other","Sources would use to find information about who won an election: Other, please specify","apartment",1,0.125
"single word","BPC28_11",1,"won_hyp_src_other","Sources would use to find information about who won an election: Other, please specify","ask",1,0.125
"single word","BPC28_11",1,"won_hyp_src_other","Sources would use to find information about who won an election: Other, please specify","cnn",1,0.125
"single word","BPC28_11",1,"won_hyp_src_other","Sources would use to find information about who won an election: Other, please specify","manager",1,0.125
"single word","BPC28_11",1,"won_hyp_src_other","Sources would use to find information about who won an election: Other, please specify","ms",1,0.125
"single word","BPC28_11",1,"won_hyp_src_other","Sources would use to find information about who won an election: Other, please specify","neighbor",1,0.125
"single word","BPC28_11",1,"won_hyp_src_other","Sources would use to find information about who won an election: Other, please specify","now",1,0.125
"single word","BPC28_11",1,"won_hyp_src_other","Sources would use to find information about who won an election: Other, please specify","radio",1,0.125
